kurskod,kursnamn,institution,amne,i_dalarna_excel_kurser,i_dalarna_excel_forskar,i_blomma_json,i_vault_aktiva,i_vault_nedlagda,kategori
AAR29B,Interkulturella litteraturstudier: Magisterexamensarbete,ISLL,ARA,1,0,1,1,0,triangulerad
AB1001,,,,0,0,0,0,1,enbart_nedlagd
AB1002,,,,0,0,0,0,1,enbart_nedlagd
AB1003,,,,0,0,0,0,1,enbart_nedlagd
AB1004,,,,0,0,0,0,1,enbart_nedlagd
AB1005,Professionell förhandling på arbetsplatsen,IKS,ABA,1,0,1,1,0,triangulerad
AB1006,Professionell kommunikation - med och i grupper,IKS,ABA,1,0,1,1,0,triangulerad
AB1007,,,,0,0,0,0,1,enbart_nedlagd
AB1008,,,,0,0,0,0,1,enbart_nedlagd
AB1009,Perspektiv på utvecklingsarbete i arbetslivet,IKS,ABA,1,0,1,1,0,triangulerad
AB1010,,,,0,0,0,0,1,enbart_nedlagd
AB1011,Kommunikation och ledarskap för tekniker,IKS,ABA,1,0,1,1,0,triangulerad
AB1012,,,,0,0,0,0,1,enbart_nedlagd
AB1013,,,,0,0,0,0,1,enbart_nedlagd
AB1014,Ledarskap för ökat resultat i företaget,IKS,ABA,1,0,1,1,0,triangulerad
AB1015,Verksamhetsutveckling genom ordning och reda på arbetsplatsen,IKS,ABA,1,0,1,1,0,triangulerad
AB1016,Arbetsmiljö - grundkurs,IKS,ABA,1,0,1,1,0,triangulerad
AB1017,,,,0,0,0,0,1,enbart_nedlagd
AB1018,,,,0,0,0,0,1,enbart_nedlagd
AB1019,Att vara chef i kommunal verksamhet,IKS,ABA,1,0,1,1,0,triangulerad
AB1020,,,,0,0,0,0,1,enbart_nedlagd
AB1021,,,,0,0,0,0,1,enbart_nedlagd
AB1022,Rekrytering - krav och kriterier,IKS,ABA,1,0,1,1,0,triangulerad
AB1023,,,,0,0,0,0,1,enbart_nedlagd
AB1024,Kreativitet - vägen till en bärande idé,IKS,ABA,1,0,1,1,0,triangulerad
AB1025,Ledarskap för effektivt samarbete,IKS,ABA,1,0,1,1,0,triangulerad
AB1026,Personligt ledarskap,IKS,ABA,1,0,1,1,0,triangulerad
AB1027,Ledarskap för ökat resultat,IKS,ABA,1,0,1,1,0,triangulerad
AB1028,Ledarskap för att motivera grupper,IKS,ABA,1,0,1,1,0,triangulerad
AB1029,Introduktion till Professionell kommunikation - mer än bara samtal,IKS,ABA,1,0,1,1,0,triangulerad
AB1030,Att arbeta i projekt,IKS,ABA,1,0,1,1,0,triangulerad
AB1031,Professionell utveckling - genom fokus på kollektivt lärande,IKS,ABA,1,0,1,1,0,triangulerad
AB1032,Personligt ledarskap,IKS,ABA,1,0,1,1,0,triangulerad
AB1033,"Bemöta, bedöma, berika: Ett normkritiskt perspektiv på genus och mångfald för utveckling och innovation i företag",IKS,ABA,1,0,1,1,0,triangulerad
AB3001,Lärande utvärdering/följeforskning av utvecklingsprojekt,IKS,ABA,1,0,1,1,0,triangulerad
ABP22A,,,,0,0,0,0,1,enbart_nedlagd
ABP253,"Examensarbete i bild för ämneslärarexamen, inriktning grundskolans årskurs 7-9",IKS,BIL,1,0,1,1,0,triangulerad
ABP254,"Examensarbete i bild för ämneslärarexamen, inriktning gymnasieskolan",IKS,BIL,1,0,1,1,0,triangulerad
ABQ2AM,Kreativ kodning,IKS,BPO,1,0,1,1,0,triangulerad
ABQ2AZ,Audiovisuella produktionsprocesser,IKS,BPO,1,0,1,1,0,triangulerad
ABQ2B2,Audiovisuella studier: Kunskapsproduktion genom gestaltning,IKS,BPO,1,0,1,1,0,triangulerad
ABQ2B3,Introduktion till magisterexamensarbete i Audiovisuella studier,IKS,BPO,1,0,1,1,0,triangulerad
ABQ2B4,Magisterexamensarbete i Audiovisuella studier,IKS,BPO,1,0,1,1,0,triangulerad
ABY223,,,,0,0,0,0,1,enbart_nedlagd
ABY226,,,,0,0,0,0,1,enbart_nedlagd
ABY22U,,,,0,0,0,0,1,enbart_nedlagd
ABY22V,Energieffektiva installationssystem,IIT,BYA,1,0,1,1,0,triangulerad
ABY22W,Byggnaders energiprestanda - simulering och analys,IIT,BYA,1,0,1,1,0,triangulerad
ABY27W,Introduktion till bioklimatisk design,IIT,BYA,1,0,1,1,0,triangulerad
ABY2BL,Hållbar samhällsplanering,IIT,BYA,1,0,1,1,0,triangulerad
ADT22Y,,,,0,0,1,0,1,blomma_historik_arkiverad
AEG225,Solenergins ekonomi,IIT,MÖY,1,0,1,1,0,triangulerad
AEG22R,Tillämpad solenergiteknik,IIT,MÖY,1,0,1,1,0,triangulerad
AEG233,Solel,IIT,MÖY,1,0,1,1,0,triangulerad
AEG234,,,,0,0,0,0,1,enbart_nedlagd
AEG23H,,,,0,0,0,0,1,enbart_nedlagd
AEG26X,Design av PV- och hybridsystem,IIT,MÖY,1,0,1,1,0,triangulerad
AEG294,Energipositiva stadsdelar,IIT,MÖY,1,0,1,1,0,triangulerad
AEG29N,Solcellsteknik,IIT,MÖY,1,0,1,1,0,triangulerad
AEG2AK,Projektkurs 1 - dataanalys för solenergisystem,IIT,MÖY,1,0,1,1,0,triangulerad
AEG2AL,Solcellsteknik,IIT,MÖY,1,0,1,1,0,triangulerad
AEG2AN,,,,0,0,0,0,1,enbart_nedlagd
AEG2AP,Solenergins ekonomi och förvaltning av solcellssystem,IIT,MÖY,1,0,1,1,0,triangulerad
AEG2AQ,Samhällets energiomställning,IIT,MÖY,1,0,1,1,0,triangulerad
AEG2AR,Elektrisk lagrings- och omvandlingsteknik,IIT,MÖY,1,0,1,1,0,triangulerad
AEG2AS,Design av hållbara värmesystem,IIT,MÖY,1,0,1,1,0,triangulerad
AEG2AT,Design av nätkopplade solcellssystem,IIT,MÖY,1,0,1,1,0,triangulerad
AEG2AU,Projektkurs 2 - mätsystem,IIT,MÖY,1,0,1,1,0,triangulerad
AEG2AV,Hållbarhet hos solenergisystem,IIT,MÖY,1,0,1,1,0,triangulerad
AEG2AW,Urbana energisystem,IIT,MÖY,1,0,1,1,0,triangulerad
AEG2AX,Elnätsintegrering av förnybar kraft,IIT,MÖY,1,0,1,1,0,triangulerad
AEG2AY,Elektriska lagringssystem och tjänster,IIT,MÖY,1,0,1,1,0,triangulerad
AEG2B5,Projektkurs 3 - grupprojekt och kommunikation,IIT,MÖY,1,0,1,1,0,triangulerad
AEG2B6,Solstrålning och solgeometri,IIT,MÖY,1,0,1,1,0,triangulerad
AEG2C4,Installation av solcellssystem och design av fristående system,IIT,MÖY,1,0,1,1,0,triangulerad
AEG2C5,Hållbara värmesystem,IIT,MÖY,1,0,1,1,0,triangulerad
AEN252,"Migration, klimat och ångest i engelskspråkig litteratur",ISLL,ENA,1,0,1,1,0,triangulerad
AEN25H,"Examensarbete i engelska för ämneslärarexamen, inriktning grundskolans årskurs 7-9",ISLL,ENA,1,0,1,1,0,triangulerad
AEN25J,"Examensarbete i engelska för ämneslärarexamen, inriktning gymnasieskolan",ISLL,ENA,1,0,1,1,0,triangulerad
AEN25S,Engelska: Litteratur och teori,ISLL,ENA,1,0,1,1,0,triangulerad
AEN26E,Engelska: Litteraturvetenskapligt skrivande,ISLL,ENA,1,0,1,1,0,triangulerad
AEN299,"Litteratur, censur och cancelkultur på engelska",ISLL,ENA,1,0,1,1,0,triangulerad
AEN29A,Konflikt och kreativitet i engelskspråkig litteratur,ISLL,ENA,1,0,1,1,0,triangulerad
AEN29C,Interkulturella litteraturstudier: Masterexamensarbete med inriktning engelska,ISLL,ENA,1,0,1,1,0,triangulerad
AEN2BP,Introduktion till interkulturella litteraturstudier,ISLL,ENA,1,0,1,1,0,triangulerad
AEN2BQ,Interkulturella litteraturstudier: Akademiskt skrivande,ISLL,ENA,1,0,1,1,0,triangulerad
AEN2BR,Interkulturella litteraturstudier: Akademisk läsning,ISLL,ENA,1,0,1,1,0,triangulerad
AEN2BS,Interkulturella litteraturstudier: Teori och metod,ISLL,ENA,1,0,1,1,0,triangulerad
AEN2BT,Interkulturella litteraturstudier: Skönlitteratur på originalspråk,ISLL,ENA,1,0,1,1,0,triangulerad
AEN2BU,Interkulturella litteraturstudier: Översättningsprojekt,ISLL,ENA,1,0,1,1,0,triangulerad
AEN2BV,Interkulturella litteraturstudier: Litteratur och genus - teori och kritik,ISLL,ENA,1,0,1,1,0,triangulerad
AEN2BW,Interkulturella litteraturstudier: Litteratur och politik i det samtida Afrika,ISLL,ENA,1,0,1,1,0,triangulerad
AEN2BX,Världslitteraturer: Asien och Europa,ISLL,ENA,1,0,1,1,0,triangulerad
AEN2BY,Världslitteraturer: Nord- och Sydamerika,ISLL,ENA,1,0,1,1,0,triangulerad
AEN2BZ,Migrationslitteratur i dåtid och nutid,ISLL,ENA,1,0,1,1,0,triangulerad
AEN2C2,Interkulturella litteraturstudier: Masterexamensarbete,ISLL,ENA,1,0,1,1,0,triangulerad
AFI273,Humanvetenskapernas vetenskapsteori,IKS,FIA,1,0,1,1,0,triangulerad
AFR229,,,,0,0,0,0,1,enbart_nedlagd
AFR236,"Den fransktalande världen: Litteratur, kultur och översättning",ISLL,FRA,1,0,1,1,0,triangulerad
AFR24A,"Examensarbete i franska för ämneslärarexamen, inriktning grundskolans årskurs 7-9",ISLL,FRA,1,0,1,1,0,triangulerad
AFR24B,"Examensarbete i franska för ämneslärarexamen, inriktning gymnasieskolan",ISLL,FRA,1,0,1,1,0,triangulerad
AFR24Y,,,,0,0,0,0,1,enbart_nedlagd
AFR24Z,Franska: Argumentation och retorik,ISLL,FRA,1,0,1,1,0,triangulerad
AFR26Q,Franska IV: Franskspråkig litteraturkritik,ISLL,FRA,1,0,1,1,0,triangulerad
AFR26R,Franska IV: Språkvetenskap med fokus på språkinlärning,ISLL,FRA,1,0,1,1,0,triangulerad
AFR27P,Franska IV: Franskspråkig chanson i original och översättning,ISLL,FRA,1,0,1,1,0,triangulerad
AFR298,Franska: Sociala medier ur ett diskursanalytiskt perspektiv,ISLL,FRA,1,0,1,1,0,triangulerad
AFR29D,Interkulturella litteraturstudier: Masterexamensarbete med inriktning franska,ISLL,FRA,1,0,1,1,0,triangulerad
AFR2A8,"Franska IV: Talad franska; syntax, fonetik och perception",ISLL,FRA,1,0,1,1,0,triangulerad
AFT2C8,Forskningsmetodik och projektplan inför examensarbete för magisterexamen i fysioterapi,IHV,FYS,1,0,1,1,0,triangulerad
AFT2C9,Examensarbete för magisterexamen i fysioterapi,IHV,FYS,1,0,1,1,0,triangulerad
AFT2CA,Fysioterapi med fokus på långvarig smärta och hållbar utveckling,IHV,FYS,1,0,1,1,0,triangulerad
AFT2CB,Fysisk aktivitet som prevention och behandling,IHV,FYS,1,0,1,1,0,triangulerad
AFÖ26H,Examensarbete för magisterexamen i företagsekonomi,IKS,FÖA,1,0,1,1,0,triangulerad
AGG22E,,,,0,0,0,0,1,enbart_nedlagd
AGG22F,,,,0,0,0,0,1,enbart_nedlagd
AHI23V,"Examensarbete i historia för ämneslärarexamen, inriktning grundskolans årskurs 7-9",IKS,HIA,1,0,1,1,0,triangulerad
AHI23W,"Examensarbete i historia för ämneslärarexamen, inriktning gymnasieskolan",IKS,HIA,1,0,1,1,0,triangulerad
AHI263,Afrikanska studier: Islam och islamiska samhällen i Afrika,IKS,HIA,1,0,1,1,0,triangulerad
AHI26P,Afrikanska studier: Islam och islamiska samhällen i Afrika,IKS,HIA,1,0,1,1,0,triangulerad
AHI272,Afrikanska studier: Litteratur och politik i det samtida Afrika,IKS,HIA,1,0,1,1,0,triangulerad
AHI29P,"Examensarbete, magisterexamen i historia",IKS,HIA,1,0,1,1,0,triangulerad
AHI29Q,Historievetenskaplig litteraturkurs,IKS,HIA,1,0,1,1,0,triangulerad
AHI29R,Historievetenskapens teori och metod,IKS,HIA,1,0,1,1,0,triangulerad
AIH237,Examensarbete i idrott och hälsa för ämneslärarexamen inriktning grundskolans årskurs 7-9,IHV,IDA,1,0,1,1,0,triangulerad
AIH24T,Examensarbete i idrott och hälsa för ämneslärarexamen inriktning gymnasieskolan,IHV,IDA,1,0,1,1,0,triangulerad
AIK232,Data Warehousing,IIT,IKA,1,0,1,1,0,triangulerad
AJP23N,Introduktion till interkulturella litteraturstudier,ISLL,JAA,1,0,1,1,0,triangulerad
AJP23P,Interkulturella litteraturstudier: Akademiskt skrivande,ISLL,JAA,1,0,1,1,0,triangulerad
AJP23Q,Världslitteraturer: Asien och Europa,ISLL,JAA,1,0,1,1,0,triangulerad
AJP23R,Världslitteraturer: Nord- och Sydamerika,ISLL,JAA,1,0,1,1,0,triangulerad
AJP25X,Interkulturella litteraturstudier: Litteratur och genus - teori och kritik,ISLL,JAA,1,0,1,1,0,triangulerad
AJP25Y,,,,0,0,0,0,1,enbart_nedlagd
AJP264,Migrationslitteratur i dåtid och nutid,ISLL,JAA,1,0,1,1,0,triangulerad
AJP26Z,Interkulturella litteraturstudier: Litteratur och politik i det samtida Afrika,ISLL,JAA,1,0,1,1,0,triangulerad
AJP278,Interkulturella litteraturstudier: Teori och metod,ISLL,JAA,1,0,1,1,0,triangulerad
AJP279,Interkulturella litteraturstudier: Översättningsprojekt,ISLL,JAA,1,0,1,1,0,triangulerad
AJP27A,Interkulturella litteraturstudier: Skönlitteratur på originalspråk,ISLL,JAA,1,0,1,1,0,triangulerad
AJP27B,Interkulturella litteraturstudier: Akademisk läsning,ISLL,JAA,1,0,1,1,0,triangulerad
AJP27C,,,,0,0,0,0,1,enbart_nedlagd
AJP27D,,,,0,0,0,0,1,enbart_nedlagd
AJP27X,,,,0,0,0,0,1,enbart_nedlagd
AJP287,Japanska: Interkulturell kommunikation,ISLL,JAA,1,0,1,1,0,triangulerad
AJP2A9,Interkulturella litteraturstudier: Masterexamensarbete,ISLL,JAA,1,0,1,1,0,triangulerad
AJP2AG,Japanska: Översättningens praktik,ISLL,JAA,1,0,1,1,0,triangulerad
AJP2AH,Klassisk japanska,ISLL,JAA,1,0,1,1,0,triangulerad
AKG27R,Management och tolkning av kulturarv,IKS,KGA,1,0,1,1,0,triangulerad
AKI25K,"Examensarbete i kinesiska för ämneslärarexamen, inriktning gymnasieskolan",ISLL,KIA,1,0,1,1,0,triangulerad
AKI28Y,Kinesiska: Avancerad kurs i kinesiska språket,ISLL,KIA,1,0,1,1,0,triangulerad
AKI28Z,Kinesiska: Praktik för undervisning i högre utbildning I,ISLL,KIA,1,0,1,1,0,triangulerad
AKI292,Kinesiska: Praktik för undervisning i högre utbildning II,ISLL,KIA,1,0,1,1,0,triangulerad
AKI2BN,"Avancerad kinesisk konversation: kultur, samhälle och argumentation",ISLL,KIA,1,0,1,1,0,triangulerad
AMC22B,,,,0,0,0,0,1,enbart_nedlagd
AMC22C,"Personcentrerad vård vid astma/KOL/allergi, del 2",IHV,MCA,1,0,1,1,0,triangulerad
AMC23X,,,,0,0,0,0,1,enbart_nedlagd
AMC243,Smärta i den kliniska vardagen,IHV,MCA,1,0,1,1,0,triangulerad
AMC24R,"Personcentrerad vård vid astma/KOL/allergi, del I",IHV,MCA,1,0,1,1,0,triangulerad
AMC25W,"Personcentrerad vård vid astma/KOL/allergi, del 2",IHV,MCA,1,0,1,1,0,triangulerad
AMC265,Farmakologisk behandling vid diabetes,IHV,MCA,1,0,1,1,0,triangulerad
AMC26G,,,,0,0,0,0,1,enbart_nedlagd
AMC26L,,,,0,0,0,0,1,enbart_nedlagd
AMC274,,,,0,0,0,0,1,enbart_nedlagd
AMC27M,,,,0,0,0,0,1,enbart_nedlagd
AMC27N,,,,0,0,0,0,1,enbart_nedlagd
AMC283,,,,0,0,0,0,1,enbart_nedlagd
AMC288,Fysisk aktivitet och träning som prevention och behandling,IHV,MCA,1,0,1,1,0,triangulerad
AMC28N,Evidensbaserat arbetssätt och forskningsmetodik inom fysioterapi,IHV,MCA,1,0,1,1,0,triangulerad
AMC29F,Examensarbete för magisterexamen i fysioterapi,IHV,MCA,1,0,1,1,0,triangulerad
AMC29Y,Förskrivningsrätt för vissa läkemedel och förbrukningsartiklar,IHV,MCA,1,0,1,1,0,triangulerad
AMC2A7,Kardiologi: Arytmi,IHV,MCA,1,0,1,1,0,triangulerad
AMC2AE,Fysioterapi med fokus på smärta och hållbar utveckling,IHV,MCA,1,0,1,1,0,triangulerad
AMC2BG,Förskrivningsrätt för vissa läkemedel och förbrukningsartiklar,IHV,MCA,1,0,1,1,0,triangulerad
AMD238,Examensarbete i matematik för ämneslärarexamen inriktning gymnasieskolan,IIT,MDI,1,0,1,1,0,triangulerad
AMD239,Examensarbete i matematik för ämneslärarexamen inriktning grundskolans årskurs 7-9,IIT,MDI,1,0,1,1,0,triangulerad
AMI22T,Statistisk inlärning,IIT,XYZ,1,0,1,1,0,triangulerad
AMI22Z,Riskanalys,IIT,XYZ,1,0,1,1,0,triangulerad
AMI23A,Dataanalys och visualisering,IIT,XYZ,1,0,1,1,0,triangulerad
AMI23B,,,,0,0,0,0,1,enbart_nedlagd
AMI23C,Komplexitet och operationsanalytiska metoder,IIT,XYZ,1,0,1,1,0,triangulerad
AMI23G,Maskininlärning,IIT,XYZ,1,0,1,1,0,triangulerad
AMI23J,Arbetsplatsförlagd utbildning i Data Science,IIT,XYZ,1,0,1,1,0,triangulerad
AMI23K,Datainsamling och datakvalitet,IIT,XYZ,1,0,1,1,0,triangulerad
AMI23L,Rumslig data och GIS,IIT,XYZ,1,0,1,1,0,triangulerad
AMI27V,Datadrivet ledarskap,IIT,XYZ,1,0,1,1,0,triangulerad
AMI295,Business Intelligence,IIT,XYZ,1,0,1,1,0,triangulerad
AMP23S,,,,0,0,0,0,1,enbart_nedlagd
AMP23T,,,,0,0,0,0,1,enbart_nedlagd
AMP23U,,,,0,0,0,0,1,enbart_nedlagd
AMP23Y,,,,0,0,0,0,1,enbart_nedlagd
AMP25R,,,,0,0,0,0,1,enbart_nedlagd
AMP26F,,,,0,0,0,0,1,enbart_nedlagd
AMT23D,,,,0,0,0,0,1,enbart_nedlagd
AMT23M,,,,0,0,0,0,1,enbart_nedlagd
AMT25F,,,,0,0,0,0,1,enbart_nedlagd
AMT25G,,,,0,0,0,0,1,enbart_nedlagd
ANA235,Ledarskapets ekonomi,IKS,NAA,1,0,1,1,0,triangulerad
APE269,,,,0,0,0,0,1,enbart_nedlagd
APE26A,,,,0,0,1,0,1,blomma_historik_arkiverad
APE277,,,,0,0,0,0,1,enbart_nedlagd
APE2BD,,,,0,0,0,0,1,enbart_nedlagd
APE2BE,,,,0,0,0,0,1,enbart_nedlagd
APG224,,,,0,0,0,0,1,enbart_nedlagd
APG22X,Tematisk fördjupning inom ett utbildningsvetenskapligt område,IKS,PGA,1,0,1,1,0,triangulerad
APG242,,,,0,0,0,0,1,enbart_nedlagd
APG244,Vetenskapsteori och utbildningsvetenskaplig forskning för grundlärare F-3,IKS,PGA,1,0,1,1,0,triangulerad
APG245,Vetenskapsteori och utbildningsvetenskaplig forskning för grundlärare 4-6,IKS,PGA,1,0,1,1,0,triangulerad
APG246,Examensarbete för grundlärarexamen inriktning F-3 del 2,IKS,PGA,1,0,1,1,0,triangulerad
APG247,Examensarbete för grundlärarexamen inriktning 4-6 del 2,IKS,PGA,1,0,1,1,0,triangulerad
APG248,,,,0,0,0,0,1,enbart_nedlagd
APG249,,,,0,0,0,0,1,enbart_nedlagd
APG24C,,,,0,0,0,0,1,enbart_nedlagd
APG24D,Bedömning och betygssättning för ämneslärare,IKS,PGA,1,0,1,1,0,triangulerad
APG24E,Vetenskapsteori och utbildningsvetenskaplig forskning för ämneslärare,IKS,PGA,1,0,1,1,0,triangulerad
APG24G,,,,0,0,0,0,1,enbart_nedlagd
APG24H,,,,0,0,0,0,1,enbart_nedlagd
APG24S,Utvärdering och utvecklingsarbete i grundskolans åk 7-9 och gymnasieskolan,IKS,PGA,1,0,1,1,0,triangulerad
APG25N,Vetenskap och beprövad erfarenhet i undervisning och handledning,IKS,PGA,1,0,1,1,0,triangulerad
APG26D,Didaktisk analys för fortsatt professionsutveckling,IKS,PGA,1,0,1,1,0,triangulerad
APG26V,,,,0,0,0,0,1,enbart_nedlagd
APG26Y,,,,0,0,0,0,1,enbart_nedlagd
APG275,"Utvärdering och utvecklingsarbete i förskoleklass och grundskolans åk 1-3 (varav 7,5 hp VFU)",IKS,PGA,1,0,1,1,0,triangulerad
APG276,"Utvärdering och utvecklingsarbete i grundskolans åk 4-6, (varav 7,5 hp VFU)",IKS,PGA,1,0,1,1,0,triangulerad
APG27T,Rektors ledning och organisering för utveckling av barns och elevers lärandemiljö,IKS,PGA,1,0,1,1,0,triangulerad
APG27U,"Utvärdering och verksamhetsutveckling i förskola och förskoleklass (varav 7,5 hp VFU)",IKS,PGA,1,0,1,1,0,triangulerad
APG27Y,,,,0,0,0,0,1,enbart_nedlagd
APG27Z,Professionellt lärarskap och skolutveckling - KPU (varav 10 hp VFU),IKS,PGA,1,0,1,1,0,triangulerad
APG282,Examensarbete för ämneslärare (avancerad nivå),IKS,PGA,1,0,1,1,0,triangulerad
APG28B,Verksamhetsförlagd utbildning för lärare (KPU),IKS,PGA,1,0,1,1,0,triangulerad
APG28M,Vetenskapsteori och utbildningsvetenskaplig forskning - VAL,IKS,PGA,1,0,1,1,0,triangulerad
APG28R,Verksamhetsförlagd utbildning i gymnasieskolan,IKS,PGA,1,0,1,1,0,triangulerad
APG28S,Verksamhetsförlagd utbildning i grundskolan årskurs 7-9,IKS,PGA,1,0,1,1,0,triangulerad
APG28W,,,,0,0,0,0,1,enbart_nedlagd
APG29G,Att vägleda kollegor och lärarstudenter för professionsutveckling,IKS,PGA,1,0,1,1,0,triangulerad
APG2AA,Lärarskicklighet - utveckling av lärarskicklighet i förskola och skola utifrån forskning,IKS,PGA,1,0,1,1,0,triangulerad
APG2AB,Bedömning och betygssättning för ämneslärare årskurs 7-9 - AIL,IKS,PGA,1,0,1,1,0,triangulerad
APG2AC,Rektors pedagogiska ledarskap med fokus på förskolans utbildningsuppdrag,IKS,PGA,1,0,1,1,0,triangulerad
APG2AJ,Verksamhetsförlagd utbildning för lärare - VAL,IKS,PGA,1,0,1,1,0,triangulerad
APG2BC,Professionellt lärarskap och skolutveckling - KPU (varav 10 hp VFU),IKS,PGA,1,0,1,1,0,triangulerad
APG2BF,"Att främja en professionsdriven verksamhetsutveckling i förskola, skola och fritidshem",IKS,PGA,1,0,1,1,0,triangulerad
APG2BK,Verksamhetsförlagd utbildning 3 - VAL,IKS,PGA,1,0,1,1,0,triangulerad
APG2C3,Vidareutveckling och analys av kvalitet i undervisning,IKS,PGA,1,0,1,1,0,triangulerad
APG2C6,"Specialpedagogik, pedagogisk dokumentation och bedömning för grundlärare F-3",IKS,PGA,1,0,1,1,0,triangulerad
APG2C7,"Specialpedagogik, pedagogisk dokumentation och bedömning för grundlärare 4-6",IKS,PGA,1,0,1,1,0,triangulerad
APG2CC,Mentorsutbildning för en kvalitativ introduktionsperiod,IKS,PGA,1,0,1,1,0,triangulerad
APG2CD,Perspektiv på pedagogisk praktik,IKS,PGA,1,0,1,1,0,triangulerad
APG2CL,Undervisningsskicklighet i teori och praktik (USP) Ämneslärare,IKS,PGA,1,0,1,1,0,triangulerad
APG2CM,Undervisningsskicklighet i teori och praktik (USP) F-6,IKS,PGA,1,0,1,1,0,triangulerad
AR0001,,,,0,0,0,0,1,enbart_nedlagd
AR1001,,,,0,0,0,0,1,enbart_nedlagd
AR1002,,,,0,0,0,0,1,enbart_nedlagd
AR1003,Den moderna arabiska novellen,ISLL,ARA,1,0,1,1,0,triangulerad
AR1004,Arabiska dialekter med inriktning på den Syriska,ISLL,ARA,1,0,1,1,0,triangulerad
AR1005,,,,0,0,0,0,1,enbart_nedlagd
AR1006,,,,0,0,0,0,1,enbart_nedlagd
AR1007,Arabiska dialekter med inriktning på den syriska II,ISLL,ARA,1,0,1,1,0,triangulerad
AR1008,,,,0,0,0,0,1,enbart_nedlagd
AR1009,Arabiska dialekter: Syriska III,ISLL,ARA,1,0,1,1,0,triangulerad
AR1010,,,,0,0,0,0,1,enbart_nedlagd
AR1011,,,,0,0,0,0,1,enbart_nedlagd
AR1012,Arabiska dialekter: Syriska IV,ISLL,ARA,1,0,1,1,0,triangulerad
AR1013,,,,0,0,0,0,1,enbart_nedlagd
AR1014,,,,0,0,0,0,1,enbart_nedlagd
AR1015,,,,0,0,0,0,1,enbart_nedlagd
AR1016,,,,0,0,0,0,1,enbart_nedlagd
AR1017,,,,0,0,0,0,1,enbart_nedlagd
AR1018,Arabiska för nybörjare I,ISLL,ARA,1,0,1,1,0,triangulerad
AR1019,,,,0,0,0,0,1,enbart_nedlagd
AR1020,,,,0,0,0,0,1,enbart_nedlagd
AR1021,,,,0,0,0,0,1,enbart_nedlagd
AR1022,,,,0,0,0,0,1,enbart_nedlagd
AR1023,,,,0,0,0,0,1,enbart_nedlagd
AR1024,,,,0,0,0,0,1,enbart_nedlagd
AR1025,Arabiska VI - muntlig kommunikation,ISLL,ARA,1,0,1,1,0,triangulerad
AR1026,,,,0,0,0,0,1,enbart_nedlagd
AR1027,,,,0,0,0,0,1,enbart_nedlagd
AR2001,Arabiska VIII,ISLL,ARA,1,0,1,1,0,triangulerad
AR2002,,,,0,0,0,0,1,enbart_nedlagd
AR2003,,,,0,0,0,0,1,enbart_nedlagd
AR2004,,,,0,0,0,0,1,enbart_nedlagd
AR2005,,,,0,0,0,0,1,enbart_nedlagd
AR2006,Arabiska: Avancerad grammatik II,ISLL,ARA,1,0,1,1,0,triangulerad
AR2007,Det egna jaget och den andre – gestaltning i arabisk litteratur,ISLL,ARA,1,0,1,1,0,triangulerad
AR2008,,,,0,0,0,0,1,enbart_nedlagd
AR2009,Modern arabisk litteratur och sökandet efter frihet,ISLL,ARA,1,0,1,1,0,triangulerad
AR2010,Arabiska: Avancerad grammatik,ISLL,ARA,1,0,1,1,0,triangulerad
AR2011,Den arabiska akademiska kanon,ISLL,ARA,1,0,1,1,0,triangulerad
AR2012,Arabiska: Kandidatexamensarbete,ISLL,ARA,1,0,1,1,0,triangulerad
ARK227,Mänskliga rättigheter och demokrati i Afrika söder om Sahara,IKS,RKA,1,0,1,1,0,triangulerad
ARK228,,,,0,0,0,0,1,enbart_nedlagd
ARK25B,"Examensarbete i religionsvetenskap  för ämneslärarexamen, inriktning grundskolans årskurs 7-9",IKS,RKA,1,0,1,1,0,triangulerad
ARK25C,"Examensarbete i religionsvetenskap för ämneslärarexamen, inriktning gymnasieskolan",IKS,RKA,1,0,1,1,0,triangulerad
ARK262,Religion och våld i samtiden,IKS,RKA,1,0,1,1,0,triangulerad
ARK268,,,,0,0,0,0,1,enbart_nedlagd
ARK26T,Kabbala och judisk mystik från antiken till modern tid,IKS,RKA,1,0,1,1,0,triangulerad
ARK27Q,Kvinnor och gudinnor på gränsen till den äldsta förhistorien,IKS,RKA,1,0,1,1,0,triangulerad
ARK29H,Religionsvetenskaplig litteraturkurs,IKS,RKA,1,0,1,1,0,triangulerad
ARK29J,"Religionsvetenskaplig vetenskapshistoria, teori och metod",IKS,RKA,1,0,1,1,0,triangulerad
ARK29K,Upplevelser av osynlig närvaro,IKS,RKA,1,0,1,1,0,triangulerad
ARK29L,Religionssociologiska perspektiv på barn och unga i slutna religiösa miljöer,IKS,RKA,1,0,1,1,0,triangulerad
ARK29M,"Examensarbete, magisterexamen i religionsvetenskap",IKS,RKA,1,0,1,1,0,triangulerad
ARY23F,Ryska VI: Stalintidens ideologi och estetik,ISLL,RYA,1,0,1,1,0,triangulerad
ARY25M,"Ryska VI: Det virtuella Ryssland: politik, språk och nya medier",ISLL,RYA,1,0,1,1,0,triangulerad
AS2001,Afrikanska studier: Utbildning och förändring i afrikanska samhällen,IKS,UVX,1,0,1,1,0,triangulerad
AS2002,Afrikanska studier: Afrikanska samhällen i förändring,IKS,UVX,1,0,1,1,0,triangulerad
AS2003,Afrikanska studier: Religion och politik i afrikanska samhällen,IKS,UVX,1,0,1,1,0,triangulerad
AS2004,Afrikanska studier: Utbildning och förändring i afrikanska samhällen,IKS,HIA,1,0,1,1,0,triangulerad
AS2005,Afrikanska studier: Afrikanska samhällen i förändring,IKS,HIA,1,0,1,1,0,triangulerad
AS2006,Afrikanska studier: Religion och politik i afrikanska samhällen,IKS,HIA,1,0,1,1,0,triangulerad
AS3001,Afrikanska studier: Utbildning och förändring i afrikanska samhällen,IKS,UVX,1,0,1,1,0,triangulerad
AS3002,Afrikanska studier: Afrikanska samhällen i förändring,IKS,UVX,1,0,1,1,0,triangulerad
AS3003,Afrikanska studier: Religion och politik i afrikanska samhällen,IKS,UVX,1,0,1,1,0,triangulerad
AS3004,Afrikanska studier: Forskningsprojektets planering,IKS,UVX,1,0,1,1,0,triangulerad
AS3005,Afrikanska studier: Examensarbete för magisterexamen,IKS,UVX,1,0,1,1,0,triangulerad
AS3006,Afrikanska studier: Internationell hälsa med fokus på nutrition i ett genus- och ekonomiskt perspektiv,IKS,UVX,1,0,1,1,0,triangulerad
AS3007,Afrikanska studier: Mänskliga rättigheter och demokrati i Afrika söder om Sahara,IKS,UVX,1,0,1,1,0,triangulerad
AS3008,Afrikanska studier: Islam och islamiska samhällen i Afrika,IKS,UVX,1,0,1,1,0,triangulerad
AS3009,Afrikanska studier: Litteratur och politik i det samtida Afrika,IKS,UVX,1,0,1,1,0,triangulerad
AS3010,Afrikanska studier: Det urbana rummet och urbaniseringspolitik i Afrika söder om Sahara,IKS,UVX,1,0,1,1,0,triangulerad
AS3011,"Afrikanska studier: Ekonomisk utveckling i Afrika, en introduktion",IKS,UVX,1,0,1,1,0,triangulerad
AS3012,Afrikanska studier: Den vidareutvecklade forskningsplanen,IKS,UVX,1,0,1,1,0,triangulerad
AS3013,Afrikanska studier: Examensarbete för magisterexamen,IKS,HIA,1,0,1,1,0,triangulerad
AS3014,Afrikanska studier: Internationell hälsa med fokus på nutrition i ett genus- och ekonomiskt perspektiv,IKS,HIA,1,0,1,1,0,triangulerad
AS3015,Afrikanska studier: Mänskliga rättigheter och demokrati i Afrika söder om Sahara,IKS,HIA,1,0,1,1,0,triangulerad
AS3016,Afrikanska studier: Islam och islamiska samhällen i Afrika,IKS,HIA,1,0,1,1,0,triangulerad
AS3017,Afrikanska studier: Litteratur och politik i det samtida Afrika,IKS,HIA,1,0,1,1,0,triangulerad
AS3018,Afrikanska studier: Det urbana rummet och urbaniseringspolitik i Afrika söder om Sahara,IKS,HIA,1,0,1,1,0,triangulerad
AS3019,"Afrikanska studier: Ekonomisk utveckling i Afrika, en introduktion",IKS,HIA,1,0,1,1,0,triangulerad
AS3020,Afrikanska studier: Den vidareutvecklade forskningsplanen,IKS,HIA,1,0,1,1,0,triangulerad
AS3021,Afrikanska studier: Utbildning och förändring i afrikanska samhällen,IKS,HIA,1,0,1,1,0,triangulerad
AS3022,Afrikanska studier: Afrikanska samhällen i förändring,IKS,HIA,1,0,1,1,0,triangulerad
AS3023,Afrikanska studier: Religion och politik i afrikanska samhällen,IKS,HIA,1,0,1,1,0,triangulerad
AS3024,Afrikanska studier: Forskningsprojektets planering,IKS,HIA,1,0,1,1,0,triangulerad
AS4001,Afrikanska studier: Litteraturkurs,IKS,UVX,1,0,1,1,0,triangulerad
AS4002,Afrikanska studier: Aktuella utmaningar inom Afrikanska studier,IKS,UVX,1,0,1,1,0,triangulerad
AS4003,Afrikanska studier: Teori och metod,IKS,UVX,1,0,1,1,0,triangulerad
AS4004,Afrikanska studier: Examensarbete för masterexamen,IKS,UVX,1,0,1,1,0,triangulerad
AS4005,Afrikanska studier: Examensarbete för masterexamen,IKS,HIA,1,0,1,1,0,triangulerad
ASA24J,Ledarskap och verksamhetsutveckling i socialt arbete,IHV,SAA,1,0,1,1,0,triangulerad
ASA24K,Etik i socialt arbete,IHV,SAA,1,0,1,1,0,triangulerad
ASA24L,Barn och ungas olika utvecklingsnivåer,IHV,SAA,1,0,1,1,0,triangulerad
ASA24M,Välfärdsteknik i vård och omsorg,IHV,SAA,1,0,1,1,0,triangulerad
ASA24N,Äldre personers levnadsvillkor,IHV,SAA,1,0,1,1,0,triangulerad
ASA266,Socialt arbete med personer med funktionsnedsättning,IHV,SAA,1,0,1,1,0,triangulerad
ASA267,,,,0,0,0,0,1,enbart_nedlagd
ASA26U,Forskningsdesign och forskningsmetod inom socialt arbete,IHV,SAA,1,0,1,1,0,triangulerad
ASA27E,Socialt arbete i skolan - skolan som en arena för stöd och utveckling,IHV,SAA,1,0,1,1,0,triangulerad
ASA28A,Välfärdsteknik i vård och omsorg,IHV,SAA,1,0,1,1,0,triangulerad
ASA28Q,Äldre personers levnadsvillkor,IHV,SAA,1,0,1,1,0,triangulerad
ASA293,Internationellt socialt arbete: samtida debatter och praktiker,IHV,SAA,1,0,1,1,0,triangulerad
ASA2BA,Ledarskap och verksamhetsutveckling i socialt arbete,IHV,SAA,1,0,1,1,0,triangulerad
ASK22G,Transnationell integration och nationell fragmentering,IKS,SKA,1,0,1,1,0,triangulerad
ASK22H,Statsbyggnad och medborgarskap,IKS,SKA,1,0,1,1,0,triangulerad
ASK22J,Processer till demokrati och autokrati,IKS,SKA,1,0,1,1,0,triangulerad
ASK22K,Politisk kultur i ett jämförande perspektiv,IKS,SKA,1,0,1,1,0,triangulerad
ASK22L,Samhällsvetenskapliga metoder III - inriktning statsvetenskap,IKS,SKA,1,0,1,1,0,triangulerad
ASK22M,Examensarbete för magisterexamen i statsvetenskap,IKS,SKA,1,0,1,1,0,triangulerad
ASK26W,,,,0,0,0,0,1,enbart_nedlagd
ASK289,Samhällsvetenskapliga metoder III - inriktning statsvetenskap,IKS,SKA,1,0,1,1,0,triangulerad
ASK297,Komparativa metoder i statsvetenskap med fokus på Afrika,IKS,SKA,1,0,1,1,0,triangulerad
ASO24P,,,,0,0,0,0,1,enbart_nedlagd
ASO24Q,,,,0,0,0,0,1,enbart_nedlagd
ASP25D,"Examensarbete i spanska för ämneslärarexamen, inriktning grundskolans årskurs 7-9",ISLL,SPA,1,0,1,1,0,triangulerad
ASP25E,"Examensarbete i spanska för ämneslärarexamen, inriktning gymnasieskolan",ISLL,SPA,1,0,1,1,0,triangulerad
ASR22N,Kvalitetsförbättringsarbete inom barnmorskans område för barnmorskelärare,IHV,SRP,1,0,1,1,0,triangulerad
ASR24V,Global sexuell reproduktiv hälsa och rättigheter,IHV,SRP,1,0,1,1,0,triangulerad
ASR24W,Forskningsmetodik inom global sexuell och reproduktiv hälsa,IHV,SRP,1,0,1,1,0,triangulerad
ASR24X,Strategier för implementering av förbättringsarbete i hälso- och sjukvård,IHV,SRP,1,0,1,1,0,triangulerad
ASR25P,"Graviditet, förlossning och postpartumvård I",IHV,SRP,1,0,1,1,0,triangulerad
ASR25Q,"Graviditet, förlossning och postpartumvård II",IHV,SRP,1,0,1,1,0,triangulerad
ASR25T,"Hälso- och sjukvårdssystemforskning i låg-, medel- och höginkomstkontext",IHV,SRP,1,0,1,1,0,triangulerad
ASR25U,Ledarskap och organisation inom hälso- och sjukvårdssystem,IHV,SRP,1,0,1,1,0,triangulerad
ASR25V,"Examensarbete i sexuell, reproduktiv och perinatal hälsa",IHV,SRP,1,0,1,1,0,triangulerad
ASR26J,,,,0,0,0,0,1,enbart_nedlagd
ASR26N,"Konstruktiv länkning av utbildnings- och kursplaner, läraktiviteter och examinationsformer för lärare i högre utbildning",IHV,SRP,1,0,1,1,0,triangulerad
ASR26S,"Graviditet, förlossning och postpartumvård II",IHV,SRP,1,0,1,1,0,triangulerad
ASR284,"Förlossningsvård I, verksamhetsförlagd utbildning",IHV,SRP,1,0,1,1,0,triangulerad
ASR285,"Gynekologisk vård och postpartumvård, verksamhetsförlagd utbildning",IHV,SRP,1,0,1,1,0,triangulerad
ASR286,"Examensarbete i sexuell, reproduktiv och perinatal hälsa",IHV,SRP,1,0,1,1,0,triangulerad
ASR296,"Examensarbete i sexuell, reproduktiv och perinatal hälsa (fristående kurs)",IHV,SRP,1,0,1,1,0,triangulerad
ASR29S,"Examensarbete i sexuell, reproduktiv och perinatal hälsa",IHV,SRP,1,0,1,1,0,triangulerad
ASR29T,"Graviditet, förlossning och postpartumvård I",IHV,SRP,1,0,1,1,0,triangulerad
ASR29U,"Graviditet, förlossning och postpartumvård II",IHV,SRP,1,0,1,1,0,triangulerad
ASR29V,"Gynekologisk vård och postpartumvård, verksamhetsförlagd utbildning",IHV,SRP,1,0,1,1,0,triangulerad
ASR29W,"Förlossningsvård I, verksamhetsförlagd utbildning",IHV,SRP,1,0,1,1,0,triangulerad
ASR2AD,"Graviditet, förlossning och postpartumvård II",IHV,SRP,1,0,1,1,0,triangulerad
ASR2B9,Teoretisk kunskap och praktiska färdigheter för att förbättra hälsan hos mödrar och nyfödda vid komplikationer kring födandet,IHV,SRP,1,0,1,1,0,triangulerad
ASR2BM,Kvinnors vårdbehov under klimakteriet – evidensbaserad vård med genusperspektiv,IHV,SRP,1,0,1,1,0,triangulerad
ASR2CE,Global sexuell reproduktiv hälsa och rättigheter,IHV,SRP,1,0,1,1,0,triangulerad
ASR2CF,Forskningsmetodik inom global sexuell och reproduktiv hälsa,IHV,SRP,1,0,1,1,0,triangulerad
ASR2CG,Strategier för implementering av förbättringsarbete i hälso- och sjukvård,IHV,SRP,1,0,1,1,0,triangulerad
ASR2CH,"Examensarbete i sexuell, reproduktiv och perinatal hälsa",IHV,SRP,1,0,1,1,0,triangulerad
ASR2CJ,Ledarskap och organisation inom hälso- och sjukvårdssystem,IHV,SRP,1,0,1,1,0,triangulerad
ASR2CK,"Hälso- och sjukvårdssystemforskning i låg-, medel- och höginkomstkontext",IHV,SRP,1,0,1,1,0,triangulerad
ASS23E,,,,0,0,0,0,1,enbart_nedlagd
ASS257,"Examensarbete i svenska som andraspråk för ämneslärarexamen, inriktning grundskolans årskurs 7-9",ISLL,SSA,1,0,1,1,0,triangulerad
ASS258,"Examensarbete i svenska som andraspråk för ämneslärarexamen, inriktning gymnasieskolan",ISLL,SSA,1,0,1,1,0,triangulerad
ASS26C,"Sveriges nationella minoriteter – språk, kultur och identitet",ISLL,SSA,1,0,1,1,0,triangulerad
ASS28X,"Examensarbete i modersmål arabiska för ämneslärarexamen, inriktning grundskolans årskurs 7-9",ISLL,SSA,1,0,1,1,0,triangulerad
ASV259,,,,0,0,0,0,1,enbart_nedlagd
ASV25A,,,,0,0,0,0,1,enbart_nedlagd
ASV29Z,"Examensarbete i svenska för ämneslärarexamen, inriktning gymnasieskolan",ISLL,SVE,1,0,1,1,0,triangulerad
ASV2A2,"Examensarbete i svenska för ämneslärarexamen, inriktning grundskolans årskurs 7–9",ISLL,SVE,1,0,1,1,0,triangulerad
ASV2CP,"Språk-, läs- och skrivdidaktisk fördjupning för undervisning i förskoleklass och årskurs 1–3 utifrån första- och andraspråksperspektiv",ISLL,SVE,0,0,0,1,0,nyare_än_andra
ASV2CQ,"Språk-, läs- och skrivdidaktisk fördjupning för undervisning i årskurs 4–6 utifrån första- och andraspråksperspektiv",ISLL,SVE,0,0,0,1,0,nyare_än_andra
ATR25Z,Mot en mer hållbar och robust turismnäring I,IKS,TRU,1,0,1,1,0,triangulerad
ATR26B,Mot en mer hållbar och robust turismnäring 2,IKS,TRU,1,0,1,1,0,triangulerad
ATR2AF,Marknadsföring av platser och destinationer,IKS,TRU,1,0,1,1,0,triangulerad
ATR2BB,Examensarbete för masterexamen i turismvetenskap,IKS,TRU,1,0,1,1,0,triangulerad
ATR2BJ,Projektarbete i turismvetenskap,IKS,TRU,1,0,1,1,0,triangulerad
ATY255,"Examensarbete i tyska för ämneslärarexamen, inriktning grundskolans årskurs 7-9",ISLL,TYA,1,0,1,1,0,triangulerad
ATY256,"Examensarbete i tyska för ämneslärarexamen, inriktning gymnasieskolan",ISLL,TYA,1,0,1,1,0,triangulerad
ATY29E,Interkulturella litteraturstudier: Masterexamensarbete med inriktning tyska,ISLL,TYA,1,0,1,1,0,triangulerad
ATY2B7,"Tyska: Språk, media och AI",ISLL,TYA,1,0,1,1,0,triangulerad
ATY2B8,Tyska: identitet och genus i tyskspråkig litteratur,ISLL,TYA,1,0,1,1,0,triangulerad
AU3001,,,,0,0,0,0,1,enbart_nedlagd
AU3002,,,,0,0,0,0,1,enbart_nedlagd
AU3003,,,,0,0,0,0,1,enbart_nedlagd
AU3004,,,,0,0,0,0,1,enbart_nedlagd
AU3005,Vetenskaplig teori och metod i Audiovisuella studier,IKS,BPO,1,0,1,1,0,triangulerad
AVV26K,Säker hälso- och sjukvård samt vård och omsorg - komplexa system och förbättringskunskap,IHV,VÅE,1,0,1,1,0,triangulerad
AVV26M,Implementering av nya arbetssätt i hälso- och sjukvården och socialtjänstens områden,IHV,VÅE,1,0,1,1,0,triangulerad
AVV2A6,Säker hälso- och sjukvård samt omsorg - komplexa system och förbättringskunskap,IHV,VÅE,1,0,1,1,0,triangulerad
AVÅ222,,,,0,0,0,0,1,enbart_nedlagd
AVÅ22D,Personcentrerad omvårdnad och teamsamverkan I,IHV,OMV,1,0,1,1,0,triangulerad
AVÅ22P,,,,0,0,0,0,1,enbart_nedlagd
AVÅ22Q,Personcentrerad omvårdnad och teamsamverkan II,IHV,OMV,1,0,1,1,0,triangulerad
AVÅ22S,,,,0,0,0,0,1,enbart_nedlagd
AVÅ23Z,,,,0,0,0,0,1,enbart_nedlagd
AVÅ24F,Äldre personers levnadsvillkor,IHV,OMV,1,0,1,1,0,triangulerad
AVÅ24U,,,,0,0,0,0,1,enbart_nedlagd
AVÅ25L,Diabetesvård I,IHV,OMV,1,0,1,1,0,triangulerad
AVÅ27F,,,,0,0,0,0,1,enbart_nedlagd
AVÅ27G,,,,0,0,0,0,1,enbart_nedlagd
AVÅ27H,,,,0,0,0,0,1,enbart_nedlagd
AVÅ27J,Personcentrerad vård för personer med demens (fristående kurs),IHV,OMV,1,0,1,1,0,triangulerad
AVÅ27K,"Demenssjukdomar, diagnostik och behandling ur ett omvårdnadsperspektiv (fristående kurs)",IHV,OMV,1,0,1,1,0,triangulerad
AVÅ27L,Vård och omsorg för personer med demens (fristående kurs),IHV,OMV,1,0,1,1,0,triangulerad
AVÅ27S,Bedömning och rådgivning vid distanskontakter inom hälso- och sjukvården,IHV,OMV,1,0,1,1,0,triangulerad
AVÅ28C,Telefonrådgivning vid distanskontakter inom hälso- och sjukvården,IHV,OMV,1,0,1,1,0,triangulerad
AVÅ28G,Nutrition och ätande,IHV,OMV,1,0,1,1,0,triangulerad
AVÅ28H,Nutrition och ätande (fristående kurs),IHV,OMV,1,0,1,1,0,triangulerad
AVÅ28J,"Att vårda äldre personer, VFU",IHV,OMV,1,0,1,1,0,triangulerad
AVÅ28K,"Personcentrerad vård vid multisjuklighet, psykisk ohälsa och demenssjukdom",IHV,OMV,1,0,1,1,0,triangulerad
AVÅ28L,"Multisjuklighet, diagnostik och behandling för äldre ur ett omvårdnadsperspektiv",IHV,OMV,1,0,1,1,0,triangulerad
AVÅ28P,Äldre personers levnadsvillkor,IHV,OMV,1,0,1,1,0,triangulerad
AVÅ28T,Examensarbete i omvårdnad - distriktssköterska,IHV,OMV,1,0,1,1,0,triangulerad
AVÅ28U,Examensarbete i omvårdnad - vård av äldre,IHV,OMV,1,0,1,1,0,triangulerad
AVÅ28V,Examensarbete i omvårdnad - demensvård,IHV,OMV,1,0,1,1,0,triangulerad
AVÅ29X,Handledning inom omvårdnad vid Verksamhetsförlagd utbildning (VFU),IHV,OMV,1,0,1,1,0,triangulerad
AVÅ2A3,Evidensbaserad vård och ledarskap,IHV,OMV,1,0,1,1,0,triangulerad
AVÅ2A4,Folkhälsa och folkhälsoarbete,IHV,OMV,1,0,1,1,0,triangulerad
AVÅ2A5,Hälsa och omvårdnad av barn och ungdom,IHV,OMV,1,0,1,1,0,triangulerad
AVÅ2BH,Hälsa och omvårdnad av vuxna och äldre,IHV,OMV,1,0,1,1,0,triangulerad
BE0001,,,,0,0,0,0,1,enbart_nedlagd
BE1001,,,,0,0,0,0,1,enbart_nedlagd
BE1002,,,,0,0,0,0,1,enbart_nedlagd
BE1003,,,,0,0,0,0,1,enbart_nedlagd
BE1004,,,,0,0,0,0,1,enbart_nedlagd
BE1005,,,,0,0,0,0,1,enbart_nedlagd
BE1006,,,,0,0,0,0,1,enbart_nedlagd
BE1007,,,,0,0,0,0,1,enbart_nedlagd
BE1008,,,,0,0,0,0,1,enbart_nedlagd
BE1009,,,,0,0,0,0,1,enbart_nedlagd
BE1010,,,,0,0,0,0,1,enbart_nedlagd
BE1011,,,,0,0,0,0,1,enbart_nedlagd
BE1012,,,,0,0,0,0,1,enbart_nedlagd
BE1013,,,,0,0,0,0,1,enbart_nedlagd
BE1014,,,,0,0,0,0,1,enbart_nedlagd
BE1015,,,,0,0,0,0,1,enbart_nedlagd
BE1016,,,,0,0,0,0,1,enbart_nedlagd
BE1017,,,,0,0,0,0,1,enbart_nedlagd
BE1018,,,,0,0,0,0,1,enbart_nedlagd
BE1019,,,,0,0,0,0,1,enbart_nedlagd
BE1020,,,,0,0,0,0,1,enbart_nedlagd
BE1021,,,,0,0,0,0,1,enbart_nedlagd
BE1022,,,,0,0,0,0,1,enbart_nedlagd
BE1023,,,,0,0,0,0,1,enbart_nedlagd
BE1024,,,,0,0,0,0,1,enbart_nedlagd
BE1025,,,,0,0,0,0,1,enbart_nedlagd
BE2001,,,,0,0,0,0,1,enbart_nedlagd
BE2002,,,,0,0,0,0,1,enbart_nedlagd
BE2003,,,,0,0,0,0,1,enbart_nedlagd
BEG222,Grundläggande forskningsmetodik,IIT,MÖY,1,0,1,1,0,triangulerad
BFY224,Högskoleförberedande kurs,IIT,FYA,1,0,1,1,0,triangulerad
BFY225,Fysik 1:1,IIT,FYA,1,0,1,1,0,triangulerad
BFY226,Fysik 2,IIT,FYA,1,0,1,1,0,triangulerad
BFY227,Fysik 1:2,IIT,FYA,1,0,1,1,0,triangulerad
BI0001,,,,0,0,0,0,1,enbart_nedlagd
BI0002,,,,0,0,0,0,1,enbart_nedlagd
BI0003,,,,0,0,0,0,1,enbart_nedlagd
BI0004,,,,0,0,0,0,1,enbart_nedlagd
BI1001,,,,0,0,0,0,1,enbart_nedlagd
BI1003,,,,0,0,0,0,1,enbart_nedlagd
BI1004,,,,0,0,0,0,1,enbart_nedlagd
BI1005,,,,0,0,0,0,1,enbart_nedlagd
BI1006,,,,0,0,0,0,1,enbart_nedlagd
BI1007,,,,0,0,0,0,1,enbart_nedlagd
BI1008,,,,0,0,0,0,1,enbart_nedlagd
BI1009,,,,0,0,0,0,1,enbart_nedlagd
BI1010,,,,0,0,0,0,1,enbart_nedlagd
BI1011,,,,0,0,0,0,1,enbart_nedlagd
BI1012,,,,0,0,0,0,1,enbart_nedlagd
BI1013,,,,0,0,0,0,1,enbart_nedlagd
BI1014,,,,0,0,0,0,1,enbart_nedlagd
BI1015,,,,0,0,0,0,1,enbart_nedlagd
BI1016,,,,0,0,0,0,1,enbart_nedlagd
BI1017,,,,0,0,0,0,1,enbart_nedlagd
BI1018,,,,0,0,0,0,1,enbart_nedlagd
BI1019,,,,0,0,0,0,1,enbart_nedlagd
BI1020,,,,0,0,0,0,1,enbart_nedlagd
BI1021,,,,0,0,0,0,1,enbart_nedlagd
BI1022,,,,0,0,0,0,1,enbart_nedlagd
BI1023,,,,0,0,0,0,1,enbart_nedlagd
BI1024,,,,0,0,0,0,1,enbart_nedlagd
BI1025,,,,0,0,0,0,1,enbart_nedlagd
BI1026,,,,0,0,0,0,1,enbart_nedlagd
BI1027,,,,0,0,0,0,1,enbart_nedlagd
BI2001,,,,0,0,0,0,1,enbart_nedlagd
BI2002,,,,0,0,0,0,1,enbart_nedlagd
BI2003,,,,0,0,0,0,1,enbart_nedlagd
BI2004,,,,0,0,0,0,1,enbart_nedlagd
BI2005,,,,0,0,0,0,1,enbart_nedlagd
BI2006,,,,0,0,0,0,1,enbart_nedlagd
BI3001,,,,0,0,0,0,1,enbart_nedlagd
BI3002,,,,0,0,0,0,1,enbart_nedlagd
BIA009,,,,0,0,0,0,1,enbart_nedlagd
BIA017,,,,0,0,0,0,1,enbart_nedlagd
BIA018,,,,0,0,0,0,1,enbart_nedlagd
BIA019,,,,0,0,0,0,1,enbart_nedlagd
BIA020,,,,0,0,0,0,1,enbart_nedlagd
BIA022,,,,0,0,0,0,1,enbart_nedlagd
BIA023,,,,0,0,0,0,1,enbart_nedlagd
BIA025,,,,0,0,0,0,1,enbart_nedlagd
BIA028,,,,0,0,0,0,1,enbart_nedlagd
BIA029,,,,0,0,0,0,1,enbart_nedlagd
BIA030,,,,0,0,0,0,1,enbart_nedlagd
BIA031,,,,0,0,0,0,1,enbart_nedlagd
BIA032,,,,0,0,0,0,1,enbart_nedlagd
BIA033,,,,0,0,0,0,1,enbart_nedlagd
BIA034,,,,0,0,0,0,1,enbart_nedlagd
BIA035,,,,0,0,0,0,1,enbart_nedlagd
BIA036,,,,0,0,0,0,1,enbart_nedlagd
BIA037,,,,0,0,0,0,1,enbart_nedlagd
BIA038,,,,0,0,0,0,1,enbart_nedlagd
BIA039,,,,0,0,0,0,1,enbart_nedlagd
BIA040,,,,0,0,0,0,1,enbart_nedlagd
BIA041,,,,0,0,0,0,1,enbart_nedlagd
BIA042,,,,0,0,0,0,1,enbart_nedlagd
BIA043,,,,0,0,0,0,1,enbart_nedlagd
BIA044,,,,0,0,0,0,1,enbart_nedlagd
BIA045,,,,0,0,0,0,1,enbart_nedlagd
BIB004,,,,0,0,0,0,1,enbart_nedlagd
BIB005,,,,0,0,0,0,1,enbart_nedlagd
BIB008,,,,0,0,0,0,1,enbart_nedlagd
BIB009,,,,0,0,0,0,1,enbart_nedlagd
BIB010,,,,0,0,0,0,1,enbart_nedlagd
BIB011,,,,0,0,0,0,1,enbart_nedlagd
BIB012,,,,0,0,0,0,1,enbart_nedlagd
BIB013,,,,0,0,0,0,1,enbart_nedlagd
BIC001,,,,0,0,0,0,1,enbart_nedlagd
BIC002,,,,0,0,0,0,1,enbart_nedlagd
BIC003,,,,0,0,0,0,1,enbart_nedlagd
BIC005,,,,0,0,0,0,1,enbart_nedlagd
BIC006,,,,0,0,0,0,1,enbart_nedlagd
BIC008,,,,0,0,0,0,1,enbart_nedlagd
BIC009,,,,0,0,0,0,1,enbart_nedlagd
BIC010,,,,0,0,0,0,1,enbart_nedlagd
BIC011,,,,0,0,0,0,1,enbart_nedlagd
BIC012,,,,0,0,0,0,1,enbart_nedlagd
BIC013,,,,0,0,0,0,1,enbart_nedlagd
BID006,,,,0,0,0,0,1,enbart_nedlagd
BID007,,,,0,0,0,0,1,enbart_nedlagd
BID008,,,,0,0,0,0,1,enbart_nedlagd
BID009,,,,0,0,0,0,1,enbart_nedlagd
BIX003,,,,0,0,0,0,1,enbart_nedlagd
BIX004,,,,0,0,0,0,1,enbart_nedlagd
BKE223,Kemi 1,IHV,KEA,1,0,1,1,0,triangulerad
BP1001,,,,0,0,0,0,1,enbart_nedlagd
BP1002,,,,0,0,0,0,1,enbart_nedlagd
BP1003,,,,0,0,0,0,1,enbart_nedlagd
BP1004,,,,0,0,0,0,1,enbart_nedlagd
BP1005,,,,0,0,0,0,1,enbart_nedlagd
BP1006,,,,0,0,0,0,1,enbart_nedlagd
BP1007,,,,0,0,0,0,1,enbart_nedlagd
BP1008,,,,0,0,0,0,1,enbart_nedlagd
BP1009,,,,0,0,0,0,1,enbart_nedlagd
BP1010,,,,0,0,0,0,1,enbart_nedlagd
BP1011,,,,0,0,0,0,1,enbart_nedlagd
BP1012,,,,0,0,0,0,1,enbart_nedlagd
BP1013,,,,0,0,0,0,1,enbart_nedlagd
BP1014,,,,0,0,0,0,1,enbart_nedlagd
BP1015,,,,0,0,0,0,1,enbart_nedlagd
BP1016,,,,0,0,0,0,1,enbart_nedlagd
BP1017,,,,0,0,0,0,1,enbart_nedlagd
BP1018,,,,0,0,0,0,1,enbart_nedlagd
BP1019,,,,0,0,0,0,1,enbart_nedlagd
BP1020,,,,0,0,0,0,1,enbart_nedlagd
BP1021,,,,0,0,0,0,1,enbart_nedlagd
BP1022,,,,0,0,0,0,1,enbart_nedlagd
BP1023,,,,0,0,0,0,1,enbart_nedlagd
BP1024,,,,0,0,0,0,1,enbart_nedlagd
BP1025,,,,0,0,0,0,1,enbart_nedlagd
BP1026,,,,0,0,0,0,1,enbart_nedlagd
BP1027,,,,0,0,0,0,1,enbart_nedlagd
BP1028,,,,0,0,0,0,1,enbart_nedlagd
BP1029,,,,0,0,0,0,1,enbart_nedlagd
BP1030,,,,0,0,0,0,1,enbart_nedlagd
BP1031,,,,0,0,0,0,1,enbart_nedlagd
BP1032,,,,0,0,0,0,1,enbart_nedlagd
BP1033,,,,0,0,0,0,1,enbart_nedlagd
BP1034,,,,0,0,0,0,1,enbart_nedlagd
BP1035,,,,0,0,0,0,1,enbart_nedlagd
BP1036,,,,0,0,0,0,1,enbart_nedlagd
BP1037,,,,0,0,0,0,1,enbart_nedlagd
BP1038,,,,0,0,0,0,1,enbart_nedlagd
BP1039,,,,0,0,0,0,1,enbart_nedlagd
BP1040,,,,0,0,0,0,1,enbart_nedlagd
BP1041,,,,0,0,0,0,1,enbart_nedlagd
BP1042,,,,0,0,0,0,1,enbart_nedlagd
BP1043,,,,0,0,0,0,1,enbart_nedlagd
BP1044,,,,0,0,0,0,1,enbart_nedlagd
BP1045,,,,0,0,0,0,1,enbart_nedlagd
BP1046,,,,0,0,0,0,1,enbart_nedlagd
BP1047,,,,0,0,0,0,1,enbart_nedlagd
BP2001,,,,0,0,0,0,1,enbart_nedlagd
BP2002,,,,0,0,0,0,1,enbart_nedlagd
BP2003,,,,0,0,0,0,1,enbart_nedlagd
BP2004,,,,0,0,0,0,1,enbart_nedlagd
BP2005,,,,0,0,0,0,1,enbart_nedlagd
BP2006,,,,0,0,0,0,1,enbart_nedlagd
BP2007,,,,0,0,0,0,1,enbart_nedlagd
BP3000,,,,0,0,0,0,1,enbart_nedlagd
BP3001,,,,0,0,0,0,1,enbart_nedlagd
BP3002,,,,0,0,0,0,1,enbart_nedlagd
BPA006,,,,0,0,0,0,1,enbart_nedlagd
BPA007,,,,0,0,0,0,1,enbart_nedlagd
BPA008,,,,0,0,0,0,1,enbart_nedlagd
BPA009,,,,0,0,0,0,1,enbart_nedlagd
BPA010,,,,0,0,0,0,1,enbart_nedlagd
BPA011,,,,0,0,0,0,1,enbart_nedlagd
BPA012,,,,0,0,0,0,1,enbart_nedlagd
BPA013,,,,0,0,0,0,1,enbart_nedlagd
BPA014,,,,0,0,0,0,1,enbart_nedlagd
BPA015,,,,0,0,0,0,1,enbart_nedlagd
BPA016,,,,0,0,0,0,1,enbart_nedlagd
BPA017,,,,0,0,0,0,1,enbart_nedlagd
BPA018,,,,0,0,0,0,1,enbart_nedlagd
BPA019,,,,0,0,0,0,1,enbart_nedlagd
BPB002,,,,0,0,0,0,1,enbart_nedlagd
BPB003,,,,0,0,0,0,1,enbart_nedlagd
BPC001,,,,0,0,0,0,1,enbart_nedlagd
BPC002,,,,0,0,0,0,1,enbart_nedlagd
BPD001,,,,0,0,0,0,1,enbart_nedlagd
BQ1001,,,,0,0,0,0,1,enbart_nedlagd
BQ1002,,,,0,0,0,0,1,enbart_nedlagd
BQ1003,,,,0,0,0,0,1,enbart_nedlagd
BQ1004,,,,0,0,0,0,1,enbart_nedlagd
BQ1005,,,,0,0,0,0,1,enbart_nedlagd
BQ1006,,,,0,0,0,0,1,enbart_nedlagd
BQ1007,,,,0,0,0,0,1,enbart_nedlagd
BQ1008,,,,0,0,0,0,1,enbart_nedlagd
BQ1009,,,,0,0,0,0,1,enbart_nedlagd
BQ1010,,,,0,0,0,0,1,enbart_nedlagd
BQ1011,,,,0,0,0,0,1,enbart_nedlagd
BQ1012,,,,0,0,0,0,1,enbart_nedlagd
BQ1013,,,,0,0,0,0,1,enbart_nedlagd
BQ1014,,,,0,0,0,0,1,enbart_nedlagd
BQ1015,,,,0,0,0,0,1,enbart_nedlagd
BQ1016,,,,0,0,0,0,1,enbart_nedlagd
BQ1017,,,,0,0,0,0,1,enbart_nedlagd
BQ1018,,,,0,0,0,0,1,enbart_nedlagd
BQ1019,,,,0,0,0,0,1,enbart_nedlagd
BQ1020,,,,0,0,0,0,1,enbart_nedlagd
BQ1021,,,,0,0,0,0,1,enbart_nedlagd
BQ1022,,,,0,0,0,0,1,enbart_nedlagd
BQ1023,,,,0,0,0,0,1,enbart_nedlagd
BQ1024,,,,0,0,0,0,1,enbart_nedlagd
BQ1025,,,,0,0,0,0,1,enbart_nedlagd
BQ1026,,,,0,0,0,0,1,enbart_nedlagd
BQ1027,,,,0,0,0,0,1,enbart_nedlagd
BQ1028,,,,0,0,0,0,1,enbart_nedlagd
BQ1029,,,,0,0,0,0,1,enbart_nedlagd
BQ1030,,,,0,0,0,0,1,enbart_nedlagd
BQ1031,,,,0,0,0,0,1,enbart_nedlagd
BQ1032,,,,0,0,0,0,1,enbart_nedlagd
BQ1033,,,,0,0,0,0,1,enbart_nedlagd
BQ1034,,,,0,0,0,0,1,enbart_nedlagd
BQ1035,,,,0,0,0,0,1,enbart_nedlagd
BQ1036,,,,0,0,0,0,1,enbart_nedlagd
BQ1037,,,,0,0,0,0,1,enbart_nedlagd
BQ1038,,,,0,0,0,0,1,enbart_nedlagd
BQ1039,,,,0,0,0,0,1,enbart_nedlagd
BQ1040,,,,0,0,0,0,1,enbart_nedlagd
BQ1041,,,,0,0,0,0,1,enbart_nedlagd
BQ1042,,,,0,0,0,0,1,enbart_nedlagd
BQ1047,,,,0,0,0,0,1,enbart_nedlagd
BQ1048,,,,0,0,0,0,1,enbart_nedlagd
BQ1049,,,,0,0,0,0,1,enbart_nedlagd
BQ1050,,,,0,0,0,0,1,enbart_nedlagd
BQ1051,,,,0,0,0,0,1,enbart_nedlagd
BQ1052,,,,0,0,0,0,1,enbart_nedlagd
BQ1053,,,,0,0,0,0,1,enbart_nedlagd
BQ1054,,,,0,0,0,0,1,enbart_nedlagd
BQ1055,,,,0,0,0,0,1,enbart_nedlagd
BQ1056,,,,0,0,0,0,1,enbart_nedlagd
BQ1057,,,,0,0,0,0,1,enbart_nedlagd
BQ1058,,,,0,0,0,0,1,enbart_nedlagd
BQ1059,,,,0,0,0,0,1,enbart_nedlagd
BQ1060,,,,0,0,0,0,1,enbart_nedlagd
BQ1061,,,,0,0,0,0,1,enbart_nedlagd
BQ1062,,,,0,0,0,0,1,enbart_nedlagd
BQ1063,,,,0,0,0,0,1,enbart_nedlagd
BQ1064,,,,0,0,0,0,1,enbart_nedlagd
BQ1065,,,,0,0,0,0,1,enbart_nedlagd
BQ1066,,,,0,0,0,0,1,enbart_nedlagd
BQ1067,,,,0,0,0,0,1,enbart_nedlagd
BQ1068,,,,0,0,0,0,1,enbart_nedlagd
BQ1069,,,,0,0,0,0,1,enbart_nedlagd
BQ1070,,,,0,0,0,0,1,enbart_nedlagd
BQ1071,,,,0,0,0,0,1,enbart_nedlagd
BQ1072,,,,0,0,0,0,1,enbart_nedlagd
BQ1073,,,,0,0,0,0,1,enbart_nedlagd
BQ1074,,,,0,0,0,0,1,enbart_nedlagd
BQ1075,,,,0,0,0,0,1,enbart_nedlagd
BQ1076,,,,0,0,0,0,1,enbart_nedlagd
BQ1077,,,,0,0,0,0,1,enbart_nedlagd
BQ1078,,,,0,0,0,0,1,enbart_nedlagd
BQ1079,"Manus för TV och film 2. Dramaturgi, manusskrivande och genre",IKS,BPO,1,0,1,1,0,triangulerad
BQ1080,,,,0,0,0,0,1,enbart_nedlagd
BQ1081,TV-nyheter och flerkameraproduktion,IKS,BPO,1,0,1,1,0,triangulerad
BQ1082,,,,0,0,0,0,1,enbart_nedlagd
BQ1083,,,,0,0,0,0,1,enbart_nedlagd
BQ1084,,,,0,0,0,0,1,enbart_nedlagd
BQ1085,,,,0,0,0,0,1,enbart_nedlagd
BQ1086,,,,0,0,0,0,1,enbart_nedlagd
BQ1087,,,,0,0,0,0,1,enbart_nedlagd
BQ1088,,,,0,0,0,0,1,enbart_nedlagd
BQ1089,,,,0,0,0,0,1,enbart_nedlagd
BQ1090,,,,0,0,0,0,1,enbart_nedlagd
BQ1091,,,,0,0,0,0,1,enbart_nedlagd
BQ1092,,,,0,0,0,0,1,enbart_nedlagd
BQ1093,,,,0,0,0,0,1,enbart_nedlagd
BQ1094,Dokumentär metod för filmisk framställning,IKS,BPO,1,0,1,1,0,triangulerad
BQ1095,,,,0,0,0,0,1,enbart_nedlagd
BQ1096,,,,0,0,0,0,1,enbart_nedlagd
BQ1097,,,,0,0,0,0,1,enbart_nedlagd
BQ1098,,,,0,0,0,0,1,enbart_nedlagd
BQ1099,,,,0,0,0,0,1,enbart_nedlagd
BQ1100,,,,0,0,0,0,1,enbart_nedlagd
BQ1101,,,,0,0,0,0,1,enbart_nedlagd
BQ1102,,,,0,0,0,0,1,enbart_nedlagd
BQ1103,,,,0,0,0,0,1,enbart_nedlagd
BQ2001,,,,0,0,0,0,1,enbart_nedlagd
BQ2002,,,,0,0,0,0,1,enbart_nedlagd
BQ2003,,,,0,0,0,0,1,enbart_nedlagd
BQ2004,,,,0,0,0,0,1,enbart_nedlagd
BQ2005,,,,0,0,0,0,1,enbart_nedlagd
BQ2006,,,,0,0,0,0,1,enbart_nedlagd
BQ2007,,,,0,0,0,0,1,enbart_nedlagd
BQ2008,,,,0,0,0,0,1,enbart_nedlagd
BQ2009,,,,0,0,0,0,1,enbart_nedlagd
BQ2010,,,,0,0,0,0,1,enbart_nedlagd
BQ2012,,,,0,0,0,0,1,enbart_nedlagd
BQ2013,,,,0,0,0,0,1,enbart_nedlagd
BQ2014,,,,0,0,0,0,1,enbart_nedlagd
BQ2015,,,,0,0,0,0,1,enbart_nedlagd
BQ2016,,,,0,0,0,0,1,enbart_nedlagd
BQ2017,,,,0,0,0,0,1,enbart_nedlagd
BQ2018,Manus för TV och film 5. Gestaltning och filmiskt berättande,IKS,BPO,1,0,1,1,0,triangulerad
BQ2019,,,,0,0,0,0,1,enbart_nedlagd
BQ2020,,,,0,0,0,0,1,enbart_nedlagd
BQ2021,,,,0,0,0,0,1,enbart_nedlagd
BQ2022,,,,0,0,0,0,1,enbart_nedlagd
BQ2023,,,,0,0,0,0,1,enbart_nedlagd
BQ2024,,,,0,0,0,0,1,enbart_nedlagd
BQ2025,,,,0,0,0,0,1,enbart_nedlagd
BQ2026,,,,0,0,0,0,1,enbart_nedlagd
BQ2027,,,,0,0,0,0,1,enbart_nedlagd
BQ2028,,,,0,0,0,0,1,enbart_nedlagd
BQ2029,,,,0,0,0,0,1,enbart_nedlagd
BQ2030,,,,0,0,0,0,1,enbart_nedlagd
BQ2031,,,,0,0,0,0,1,enbart_nedlagd
BQ2032,,,,0,0,0,0,1,enbart_nedlagd
BQ2033,,,,0,0,0,0,1,enbart_nedlagd
BQ2034,,,,0,0,0,0,1,enbart_nedlagd
BQ2035,,,,0,0,0,0,1,enbart_nedlagd
BQ2037,,,,0,0,0,0,1,enbart_nedlagd
BQ2038,,,,0,0,0,0,1,enbart_nedlagd
BQ2039,,,,0,0,0,0,1,enbart_nedlagd
BQ2040,,,,0,0,0,0,1,enbart_nedlagd
BQ2041,,,,0,0,0,0,1,enbart_nedlagd
BQ2042,,,,0,0,0,0,1,enbart_nedlagd
BQ2043,,,,0,0,0,0,1,enbart_nedlagd
BQ2044,,,,0,0,0,0,1,enbart_nedlagd
BQ2045,,,,0,0,0,0,1,enbart_nedlagd
BQ2046,,,,0,0,0,0,1,enbart_nedlagd
BQ2047,,,,0,0,0,0,1,enbart_nedlagd
BQ2048,,,,0,0,0,0,1,enbart_nedlagd
BQ2049,,,,0,0,0,0,1,enbart_nedlagd
BQ2050,,,,0,0,0,0,1,enbart_nedlagd
BQ2051,,,,0,0,0,0,1,enbart_nedlagd
BQ2052,,,,0,0,0,0,1,enbart_nedlagd
BQ2053,,,,0,0,0,0,1,enbart_nedlagd
BQ2054,,,,0,0,0,0,1,enbart_nedlagd
BQ2055,,,,0,0,0,0,1,enbart_nedlagd
BQ2056,,,,0,0,0,0,1,enbart_nedlagd
BQ2057,Fördjupning i klippning för film/TV,IKS,BPO,1,0,1,1,0,triangulerad
BQ2058,Manus för TV och film 4. TV-format och klassiskt berättande,IKS,BPO,1,0,1,1,0,triangulerad
BQ3001,,,,0,0,0,0,1,enbart_nedlagd
BQ3002,,,,0,0,0,0,1,enbart_nedlagd
BQ3003,,,,0,0,0,0,1,enbart_nedlagd
BQ3004,,,,0,0,0,0,1,enbart_nedlagd
BQ3005,,,,0,0,0,0,1,enbart_nedlagd
BQA001,,,,0,0,0,0,1,enbart_nedlagd
BQA002,,,,0,0,0,0,1,enbart_nedlagd
BQA004,,,,0,0,0,0,1,enbart_nedlagd
BQA005,,,,0,0,0,0,1,enbart_nedlagd
BQA009,,,,0,0,0,0,1,enbart_nedlagd
BQA011,,,,0,0,0,0,1,enbart_nedlagd
BQA012,,,,0,0,0,0,1,enbart_nedlagd
BQA013,,,,0,0,0,0,1,enbart_nedlagd
BQA014,,,,0,0,0,0,1,enbart_nedlagd
BQA015,,,,0,0,0,0,1,enbart_nedlagd
BQA016,,,,0,0,0,0,1,enbart_nedlagd
BQA018,,,,0,0,0,0,1,enbart_nedlagd
BQA019,,,,0,0,0,0,1,enbart_nedlagd
BQA020,,,,0,0,0,0,1,enbart_nedlagd
BQA021,,,,0,0,0,0,1,enbart_nedlagd
BQA022,,,,0,0,0,0,1,enbart_nedlagd
BQA023,,,,0,0,0,0,1,enbart_nedlagd
BQA024,,,,0,0,0,0,1,enbart_nedlagd
BQA025,,,,0,0,0,0,1,enbart_nedlagd
BQA026,,,,0,0,0,0,1,enbart_nedlagd
BQA027,,,,0,0,0,0,1,enbart_nedlagd
BQA028,,,,0,0,0,0,1,enbart_nedlagd
BQA029,,,,0,0,0,0,1,enbart_nedlagd
BQA030,,,,0,0,0,0,1,enbart_nedlagd
BQA031,,,,0,0,0,0,1,enbart_nedlagd
BQB001,,,,0,0,0,0,1,enbart_nedlagd
BQB002,,,,0,0,0,0,1,enbart_nedlagd
BQB004,,,,0,0,0,0,1,enbart_nedlagd
BQB005,,,,0,0,0,0,1,enbart_nedlagd
BQB006,,,,0,0,0,0,1,enbart_nedlagd
BQB007,,,,0,0,0,0,1,enbart_nedlagd
BQB008,,,,0,0,0,0,1,enbart_nedlagd
BQB009,,,,0,0,0,0,1,enbart_nedlagd
BQB010,,,,0,0,0,0,1,enbart_nedlagd
BQB011,,,,0,0,0,0,1,enbart_nedlagd
BQB012,,,,0,0,0,0,1,enbart_nedlagd
BQB015,,,,0,0,0,0,1,enbart_nedlagd
BQB016,,,,0,0,0,0,1,enbart_nedlagd
BQB017,,,,0,0,0,0,1,enbart_nedlagd
BQB018,,,,0,0,0,0,1,enbart_nedlagd
BQB019,,,,0,0,0,0,1,enbart_nedlagd
BQB021,,,,0,0,0,0,1,enbart_nedlagd
BQB022,,,,0,0,0,0,1,enbart_nedlagd
BQC001,,,,0,0,0,0,1,enbart_nedlagd
BQC002,,,,0,0,0,0,1,enbart_nedlagd
BQC003,,,,0,0,0,0,1,enbart_nedlagd
BQC004,,,,0,0,0,0,1,enbart_nedlagd
BQD001,,,,0,0,0,0,1,enbart_nedlagd
BTA001,,,,0,0,0,0,1,enbart_nedlagd
BTA004,,,,0,0,0,0,1,enbart_nedlagd
BTA005,,,,0,0,0,0,1,enbart_nedlagd
BTA006,,,,0,0,0,0,1,enbart_nedlagd
BTA007,,,,0,0,0,0,1,enbart_nedlagd
BTA008,,,,0,0,0,0,1,enbart_nedlagd
BTA009,,,,0,0,0,0,1,enbart_nedlagd
BTA010,,,,0,0,0,0,1,enbart_nedlagd
BTA011,,,,0,0,0,0,1,enbart_nedlagd
BTA012,,,,0,0,0,0,1,enbart_nedlagd
BTB003,,,,0,0,0,0,1,enbart_nedlagd
BTB004,,,,0,0,0,0,1,enbart_nedlagd
BTB010,,,,0,0,0,0,1,enbart_nedlagd
BTB011,,,,0,0,0,0,1,enbart_nedlagd
BTB012,,,,0,0,0,0,1,enbart_nedlagd
BTB013,,,,0,0,0,0,1,enbart_nedlagd
BTB014,,,,0,0,0,0,1,enbart_nedlagd
BTC002,,,,0,0,0,0,1,enbart_nedlagd
BTC003,,,,0,0,0,0,1,enbart_nedlagd
BTC004,,,,0,0,0,0,1,enbart_nedlagd
BY1001,,,,0,0,0,0,1,enbart_nedlagd
BY1002,,,,0,0,0,0,1,enbart_nedlagd
BY1003,,,,0,0,0,0,1,enbart_nedlagd
BY1004,,,,0,0,0,0,1,enbart_nedlagd
BY1005,,,,0,0,0,0,1,enbart_nedlagd
BY1006,,,,0,0,0,0,1,enbart_nedlagd
BY1007,,,,0,0,0,0,1,enbart_nedlagd
BY1008,,,,0,0,0,0,1,enbart_nedlagd
BY1009,,,,0,0,0,0,1,enbart_nedlagd
BY1010,,,,0,0,0,0,1,enbart_nedlagd
BY1011,,,,0,0,0,0,1,enbart_nedlagd
BY1012,,,,0,0,0,0,1,enbart_nedlagd
BY1013,,,,0,0,0,0,1,enbart_nedlagd
BY1014,,,,0,0,0,0,1,enbart_nedlagd
BY1015,,,,0,0,0,0,1,enbart_nedlagd
BY1016,,,,0,0,0,0,1,enbart_nedlagd
BY1017,,,,0,0,0,0,1,enbart_nedlagd
BY1018,,,,0,0,0,0,1,enbart_nedlagd
BY1019,,,,0,0,0,0,1,enbart_nedlagd
BY1020,,,,0,0,0,0,1,enbart_nedlagd
BY1021,,,,0,0,0,0,1,enbart_nedlagd
BY1022,,,,0,0,0,0,1,enbart_nedlagd
BY1023,,,,0,0,0,0,1,enbart_nedlagd
BY1024,,,,0,0,0,0,1,enbart_nedlagd
BY1025,,,,0,0,0,0,1,enbart_nedlagd
BY1026,,,,0,0,0,0,1,enbart_nedlagd
BY1027,,,,0,0,0,0,1,enbart_nedlagd
BY1028,,,,0,0,0,0,1,enbart_nedlagd
BY1029,,,,0,0,0,0,1,enbart_nedlagd
BY1030,,,,0,0,0,0,1,enbart_nedlagd
BY1031,,,,0,0,0,0,1,enbart_nedlagd
BY1032,,,,0,0,0,0,1,enbart_nedlagd
BY1033,,,,0,0,0,0,1,enbart_nedlagd
BY1034,,,,0,0,0,0,1,enbart_nedlagd
BY1035,,,,0,0,0,0,1,enbart_nedlagd
BY1036,,,,0,0,0,0,1,enbart_nedlagd
BY1037,,,,0,0,0,0,1,enbart_nedlagd
BY1038,,,,0,0,0,0,1,enbart_nedlagd
BY1039,,,,0,0,0,0,1,enbart_nedlagd
BY1040,,,,0,0,0,0,1,enbart_nedlagd
BY1041,,,,0,0,0,0,1,enbart_nedlagd
BY1042,,,,0,0,0,0,1,enbart_nedlagd
BY1043,,,,0,0,0,0,1,enbart_nedlagd
BY1044,,,,0,0,0,0,1,enbart_nedlagd
BY1045,,,,0,0,0,0,1,enbart_nedlagd
BY1046,,,,0,0,0,0,1,enbart_nedlagd
BY1047,Bärkraftigt byggande och boende,IIT,BYA,1,0,1,1,0,triangulerad
BY1048,,,,0,0,0,0,1,enbart_nedlagd
BY1049,,,,0,0,0,0,1,enbart_nedlagd
BY1050,,,,0,0,0,0,1,enbart_nedlagd
BY1051,,,,0,0,0,0,1,enbart_nedlagd
BY1052,,,,0,0,0,0,1,enbart_nedlagd
BY1053,Arkitektur och byggande,IIT,BYA,1,0,1,1,0,triangulerad
BY1054,Vägteknik,IIT,BYA,1,0,1,1,0,triangulerad
BY1055,,,,0,0,0,0,1,enbart_nedlagd
BY1056,Byggfysik,IIT,BYA,1,0,1,1,0,triangulerad
BY1057,,,,0,0,0,0,1,enbart_nedlagd
BY1058,Bygg-CAD,IIT,BYA,1,0,1,1,0,triangulerad
BY1059,Praktisk byggteknik,IIT,BYA,1,0,1,1,0,triangulerad
BY1060,,,,0,0,0,0,1,enbart_nedlagd
BY1061,Installationsteknik och dimensionering,IIT,BYA,1,0,1,1,0,triangulerad
BY1062,,,,0,0,0,0,1,enbart_nedlagd
BY1063,,,,0,0,0,0,1,enbart_nedlagd
BY1064,,,,0,0,0,0,1,enbart_nedlagd
BY1065,BIM projekt och projektering,IIT,BYA,1,0,1,1,0,triangulerad
BY1066,,,,0,0,0,0,1,enbart_nedlagd
BY1067,,,,0,0,0,0,1,enbart_nedlagd
BY1068,,,,0,0,0,0,1,enbart_nedlagd
BY2001,,,,0,0,0,0,1,enbart_nedlagd
BY2002,,,,0,0,0,0,1,enbart_nedlagd
BY2003,,,,0,0,0,0,1,enbart_nedlagd
BY2004,,,,0,0,0,0,1,enbart_nedlagd
BY2005,,,,0,0,0,0,1,enbart_nedlagd
BY2006,,,,0,0,0,0,1,enbart_nedlagd
BY2007,,,,0,0,0,0,1,enbart_nedlagd
BY2008,,,,0,0,0,0,1,enbart_nedlagd
BY2009,,,,0,0,0,0,1,enbart_nedlagd
BY2010,,,,0,0,0,0,1,enbart_nedlagd
BY2011,,,,0,0,0,0,1,enbart_nedlagd
BY2012,,,,0,0,0,0,1,enbart_nedlagd
BY2013,,,,0,0,0,0,1,enbart_nedlagd
BY2014,,,,0,0,0,0,1,enbart_nedlagd
BY2015,,,,0,0,0,0,1,enbart_nedlagd
BY2016,Examensarbete i byggteknik för högskoleingenjörsexamen,IIT,BYA,1,0,1,1,0,triangulerad
BY2017,,,,0,0,0,0,1,enbart_nedlagd
BY2018,,,,0,0,0,0,1,enbart_nedlagd
BY2019,,,,0,0,0,0,1,enbart_nedlagd
BY2020,,,,0,0,0,0,1,enbart_nedlagd
BY2021,,,,0,0,0,0,1,enbart_nedlagd
BY2022,Energiprojekt,IIT,BYA,1,0,1,1,0,triangulerad
BY2023,,,,0,0,0,0,1,enbart_nedlagd
BY2024,,,,0,0,0,0,1,enbart_nedlagd
BY2025,Vetenskaplig metodik,IIT,BYA,1,0,1,1,0,triangulerad
BY3001,Energieffektiva byggnader,IIT,BYA,1,0,1,1,0,triangulerad
BY3002,,,,0,0,0,0,1,enbart_nedlagd
BY3003,,,,0,0,0,0,1,enbart_nedlagd
BY3004,Miljöklassningsverktyg,IIT,BYA,1,0,1,1,0,triangulerad
BY3005,Hållbar samhällsplanering,IIT,BYA,1,0,1,1,0,triangulerad
BY4001,,,,0,0,0,0,1,enbart_nedlagd
BYA003,,,,0,0,0,0,1,enbart_nedlagd
BYA005,,,,0,0,0,0,1,enbart_nedlagd
BYA011,,,,0,0,0,0,1,enbart_nedlagd
BYA012,,,,0,0,0,0,1,enbart_nedlagd
BYA014,,,,0,0,0,0,1,enbart_nedlagd
BYA015,,,,0,0,0,0,1,enbart_nedlagd
BYA016,,,,0,0,0,0,1,enbart_nedlagd
BYA017,,,,0,0,0,0,1,enbart_nedlagd
BYA018,,,,0,0,0,0,1,enbart_nedlagd
BYA019,,,,0,0,0,0,1,enbart_nedlagd
BYA020,,,,0,0,0,0,1,enbart_nedlagd
BYA021,,,,0,0,0,0,1,enbart_nedlagd
BYA022,,,,0,0,0,0,1,enbart_nedlagd
BYA023,,,,0,0,0,0,1,enbart_nedlagd
BYA024,,,,0,0,0,0,1,enbart_nedlagd
BYB001,,,,0,0,0,0,1,enbart_nedlagd
BYB010,,,,0,0,0,0,1,enbart_nedlagd
BYB012,,,,0,0,0,0,1,enbart_nedlagd
BYB014,,,,0,0,0,0,1,enbart_nedlagd
BYB015,,,,0,0,0,0,1,enbart_nedlagd
BYB018,,,,0,0,0,0,1,enbart_nedlagd
BYB019,,,,0,0,0,0,1,enbart_nedlagd
BYB020,,,,0,0,0,0,1,enbart_nedlagd
BYB029,,,,0,0,0,0,1,enbart_nedlagd
BYB031,,,,0,0,0,0,1,enbart_nedlagd
BYB034,,,,0,0,0,0,1,enbart_nedlagd
BYB035,,,,0,0,0,0,1,enbart_nedlagd
BYB036,,,,0,0,0,0,1,enbart_nedlagd
BYB041,,,,0,0,0,0,1,enbart_nedlagd
BYB042,,,,0,0,0,0,1,enbart_nedlagd
BYC002,,,,0,0,0,0,1,enbart_nedlagd
BYC004,,,,0,0,0,0,1,enbart_nedlagd
BYC009,,,,0,0,0,0,1,enbart_nedlagd
BYC010,,,,0,0,0,0,1,enbart_nedlagd
BYC013,,,,0,0,0,0,1,enbart_nedlagd
BYC017,,,,0,0,0,0,1,enbart_nedlagd
BYC018,,,,0,0,0,0,1,enbart_nedlagd
DT0001,,,,0,0,0,0,1,enbart_nedlagd
DT1001,,,,0,0,0,0,1,enbart_nedlagd
DT1002,,,,0,0,0,0,1,enbart_nedlagd
DT1003,,,,0,0,0,0,1,enbart_nedlagd
DT1004,,,,0,0,0,0,1,enbart_nedlagd
DT1005,,,,0,0,0,0,1,enbart_nedlagd
DT1006,,,,0,0,0,0,1,enbart_nedlagd
DT1007,,,,0,0,0,0,1,enbart_nedlagd
DT1008,,,,0,0,0,0,1,enbart_nedlagd
DT1009,,,,0,0,0,0,1,enbart_nedlagd
DT1010,,,,0,0,0,0,1,enbart_nedlagd
DT1011,,,,0,0,0,0,1,enbart_nedlagd
DT1012,,,,0,0,0,0,1,enbart_nedlagd
DT1013,,,,0,0,0,0,1,enbart_nedlagd
DT1014,,,,0,0,0,0,1,enbart_nedlagd
DT1015,,,,0,0,0,0,1,enbart_nedlagd
DT1016,,,,0,0,0,0,1,enbart_nedlagd
DT1017,,,,0,0,0,0,1,enbart_nedlagd
DT1018,,,,0,0,0,0,1,enbart_nedlagd
DT1019,,,,0,0,0,0,1,enbart_nedlagd
DT1020,,,,0,0,0,0,1,enbart_nedlagd
DT1021,,,,0,0,0,0,1,enbart_nedlagd
DT1022,,,,0,0,0,0,1,enbart_nedlagd
DT1023,,,,0,0,0,0,1,enbart_nedlagd
DT1024,,,,0,0,0,0,1,enbart_nedlagd
DT1025,,,,0,0,0,0,1,enbart_nedlagd
DT1026,,,,0,0,0,0,1,enbart_nedlagd
DT1027,,,,0,0,0,0,1,enbart_nedlagd
DT1028,,,,0,0,0,0,1,enbart_nedlagd
DT1029,,,,0,0,0,0,1,enbart_nedlagd
DT1030,,,,0,0,0,0,1,enbart_nedlagd
DT1031,,,,0,0,0,0,1,enbart_nedlagd
DT1032,,,,0,0,0,0,1,enbart_nedlagd
DT1033,,,,0,0,0,0,1,enbart_nedlagd
DT1034,,,,0,0,0,0,1,enbart_nedlagd
DT1035,,,,0,0,0,0,1,enbart_nedlagd
DT1036,,,,0,0,0,0,1,enbart_nedlagd
DT1037,,,,0,0,0,0,1,enbart_nedlagd
DT1038,,,,0,0,0,0,1,enbart_nedlagd
DT1039,,,,0,0,0,0,1,enbart_nedlagd
DT1040,,,,0,0,0,0,1,enbart_nedlagd
DT1041,,,,0,0,0,0,1,enbart_nedlagd
DT1042,,,,0,0,0,0,1,enbart_nedlagd
DT1043,,,,0,0,0,0,1,enbart_nedlagd
DT1044,,,,0,0,0,0,1,enbart_nedlagd
DT1045,,,,0,0,0,0,1,enbart_nedlagd
DT1046,,,,0,0,0,0,1,enbart_nedlagd
DT1047,,,,0,0,0,0,1,enbart_nedlagd
DT1048,,,,0,0,0,0,1,enbart_nedlagd
DT1049,,,,0,0,0,0,1,enbart_nedlagd
DT1050,,,,0,0,0,0,1,enbart_nedlagd
DT1051,,,,0,0,0,0,1,enbart_nedlagd
DT1052,,,,0,0,0,0,1,enbart_nedlagd
DT1053,,,,0,0,0,0,1,enbart_nedlagd
DT1054,,,,0,0,0,0,1,enbart_nedlagd
DT1055,,,,0,0,0,0,1,enbart_nedlagd
DT1056,,,,0,0,0,0,1,enbart_nedlagd
DT1057,,,,0,0,0,0,1,enbart_nedlagd
DT1058,,,,0,0,0,0,1,enbart_nedlagd
DT1059,,,,0,0,0,0,1,enbart_nedlagd
DT1060,,,,0,0,0,0,1,enbart_nedlagd
DT1061,,,,0,0,0,0,1,enbart_nedlagd
DT1062,,,,0,0,0,0,1,enbart_nedlagd
DT1063,,,,0,0,0,0,1,enbart_nedlagd
DT1064,,,,0,0,0,0,1,enbart_nedlagd
DT1065,,,,0,0,0,0,1,enbart_nedlagd
DT1066,,,,0,0,0,0,1,enbart_nedlagd
DT2001,,,,0,0,0,0,1,enbart_nedlagd
DT2002,,,,0,0,0,0,1,enbart_nedlagd
DT2003,,,,0,0,0,0,1,enbart_nedlagd
DT2004,,,,0,0,0,0,1,enbart_nedlagd
DT2005,,,,0,0,0,0,1,enbart_nedlagd
DT2006,,,,0,0,0,0,1,enbart_nedlagd
DT2007,,,,0,0,0,0,1,enbart_nedlagd
DT2008,,,,0,0,0,0,1,enbart_nedlagd
DT2009,,,,0,0,0,0,1,enbart_nedlagd
DT2010,,,,0,0,0,0,1,enbart_nedlagd
DT2011,,,,0,0,0,0,1,enbart_nedlagd
DT2012,,,,0,0,0,0,1,enbart_nedlagd
DT2013,,,,0,0,0,0,1,enbart_nedlagd
DT2014,,,,0,0,0,0,1,enbart_nedlagd
DT2015,,,,0,0,0,0,1,enbart_nedlagd
DT2016,,,,0,0,0,0,1,enbart_nedlagd
DT2017,,,,0,0,0,0,1,enbart_nedlagd
DT2018,,,,0,0,0,0,1,enbart_nedlagd
DT2019,,,,0,0,1,0,1,blomma_historik_arkiverad
DT2020,,,,0,0,0,0,1,enbart_nedlagd
DT3001,,,,0,0,0,0,1,enbart_nedlagd
DT3002,,,,0,0,0,0,1,enbart_nedlagd
DT3003,,,,0,0,0,0,1,enbart_nedlagd
DT3004,,,,0,0,0,0,1,enbart_nedlagd
DT3005,,,,0,0,0,0,1,enbart_nedlagd
DT3006,,,,0,0,0,0,1,enbart_nedlagd
DT3007,,,,0,0,0,0,1,enbart_nedlagd
DT3008,,,,0,0,0,0,1,enbart_nedlagd
DT3009,,,,0,0,0,0,1,enbart_nedlagd
DT3010,,,,0,0,0,0,1,enbart_nedlagd
DT3011,,,,0,0,0,0,1,enbart_nedlagd
DT3012,,,,0,0,0,0,1,enbart_nedlagd
DT3013,,,,0,0,0,0,1,enbart_nedlagd
DT3014,,,,0,0,0,0,1,enbart_nedlagd
DT3015,,,,0,0,0,0,1,enbart_nedlagd
DT3016,,,,0,0,0,0,1,enbart_nedlagd
DT3017,,,,0,0,0,0,1,enbart_nedlagd
DT3018,,,,0,0,0,0,1,enbart_nedlagd
DT3019,,,,0,0,0,0,1,enbart_nedlagd
DT3020,,,,0,0,0,0,1,enbart_nedlagd
DT3021,,,,0,0,0,0,1,enbart_nedlagd
DT3022,,,,0,0,0,0,1,enbart_nedlagd
DTA017,,,,0,0,0,0,1,enbart_nedlagd
DTA018,,,,0,0,0,0,1,enbart_nedlagd
DTA019,,,,0,0,0,0,1,enbart_nedlagd
DTA021,,,,0,0,0,0,1,enbart_nedlagd
DTA023,,,,0,0,0,0,1,enbart_nedlagd
DTA024,,,,0,0,0,0,1,enbart_nedlagd
DTA026,,,,0,0,0,0,1,enbart_nedlagd
DTA027,,,,0,0,0,0,1,enbart_nedlagd
DTA028,,,,0,0,0,0,1,enbart_nedlagd
DTA029,,,,0,0,0,0,1,enbart_nedlagd
DTB012,,,,0,0,0,0,1,enbart_nedlagd
DTB013,,,,0,0,0,0,1,enbart_nedlagd
DTB014,,,,0,0,0,0,1,enbart_nedlagd
DTB015,,,,0,0,0,0,1,enbart_nedlagd
DTB016,,,,0,0,0,0,1,enbart_nedlagd
DTB017,,,,0,0,0,0,1,enbart_nedlagd
DTB022,,,,0,0,0,0,1,enbart_nedlagd
DTB023,,,,0,0,0,0,1,enbart_nedlagd
DTB026,,,,0,0,0,0,1,enbart_nedlagd
DTB032,,,,0,0,0,0,1,enbart_nedlagd
DTB034,,,,0,0,0,0,1,enbart_nedlagd
DTB036,,,,0,0,0,0,1,enbart_nedlagd
DTB037,,,,0,0,0,0,1,enbart_nedlagd
DTC011,,,,0,0,0,0,1,enbart_nedlagd
DTC012,,,,0,0,0,0,1,enbart_nedlagd
DTC015,,,,0,0,0,0,1,enbart_nedlagd
DTC016,,,,0,0,0,0,1,enbart_nedlagd
DTC017,,,,0,0,0,0,1,enbart_nedlagd
DTC018,,,,0,0,0,0,1,enbart_nedlagd
DTC020,,,,0,0,0,0,1,enbart_nedlagd
DTC021,,,,0,0,0,0,1,enbart_nedlagd
DTC022,,,,0,0,0,0,1,enbart_nedlagd
DTC024,,,,0,0,0,0,1,enbart_nedlagd
DTC026,,,,0,0,0,0,1,enbart_nedlagd
DTC028,,,,0,0,0,0,1,enbart_nedlagd
DTC029,,,,0,0,0,0,1,enbart_nedlagd
DTC030,,,,0,0,0,0,1,enbart_nedlagd
DTC031,,,,0,0,0,0,1,enbart_nedlagd
DTD001,,,,0,0,0,0,1,enbart_nedlagd
DTD002,,,,0,0,0,0,1,enbart_nedlagd
DTD003,,,,0,0,0,0,1,enbart_nedlagd
DTD004,,,,0,0,0,0,1,enbart_nedlagd
DTD005,,,,0,0,0,0,1,enbart_nedlagd
DTD006,,,,0,0,0,0,1,enbart_nedlagd
DTD008,,,,0,0,0,0,1,enbart_nedlagd
DTD009,,,,0,0,0,0,1,enbart_nedlagd
DTD012,,,,0,0,0,0,1,enbart_nedlagd
DTD013,,,,0,0,0,0,1,enbart_nedlagd
DTD014,,,,0,0,0,0,1,enbart_nedlagd
DTD015,,,,0,0,0,0,1,enbart_nedlagd
DTD016,,,,0,0,0,0,1,enbart_nedlagd
DTD017,,,,0,0,0,0,1,enbart_nedlagd
DTD018,,,,0,0,0,0,1,enbart_nedlagd
DTD020,,,,0,0,0,0,1,enbart_nedlagd
DTX001,,,,0,0,0,0,1,enbart_nedlagd
EG1000,,,,0,0,0,0,1,enbart_nedlagd
EG1001,,,,0,0,0,0,1,enbart_nedlagd
EG1002,,,,0,0,0,0,1,enbart_nedlagd
EG1003,,,,0,0,0,0,1,enbart_nedlagd
EG1004,,,,0,0,0,0,1,enbart_nedlagd
EG1005,,,,0,0,0,0,1,enbart_nedlagd
EG1006,,,,0,0,0,0,1,enbart_nedlagd
EG1007,,,,0,0,0,0,1,enbart_nedlagd
EG1008,,,,0,0,0,0,1,enbart_nedlagd
EG1009,,,,0,0,0,0,1,enbart_nedlagd
EG1010,,,,0,0,0,0,1,enbart_nedlagd
EG1011,,,,0,0,0,0,1,enbart_nedlagd
EG1012,Strömningslära,IIT,MÖY,1,0,1,1,0,triangulerad
EG1013,,,,0,0,0,0,1,enbart_nedlagd
EG2001,,,,0,0,0,0,1,enbart_nedlagd
EG2002,,,,0,0,0,0,1,enbart_nedlagd
EG2003,,,,0,0,0,0,1,enbart_nedlagd
EG2004,Examensarbete för högskoleingenjörsexamen i energiteknik,IIT,MÖY,1,0,1,1,0,triangulerad
EG2005,,,,0,0,0,0,1,enbart_nedlagd
EG2006,,,,0,0,0,0,1,enbart_nedlagd
EG2007,,,,0,0,0,0,1,enbart_nedlagd
EG2008,,,,0,0,0,0,1,enbart_nedlagd
EG2009,,,,0,0,0,0,1,enbart_nedlagd
EG2010,,,,0,0,0,0,1,enbart_nedlagd
EG3001,,,,0,0,0,0,1,enbart_nedlagd
EG3002,,,,0,0,0,0,1,enbart_nedlagd
EG3003,,,,0,0,1,0,1,blomma_historik_arkiverad
EG3004,,,,0,0,0,0,1,enbart_nedlagd
EG3005,,,,0,0,0,0,1,enbart_nedlagd
EG3006,,,,0,0,0,0,1,enbart_nedlagd
EG3007,Solvärme,IIT,MÖY,1,0,1,1,0,triangulerad
EG3008,,,,0,0,0,0,1,enbart_nedlagd
EG3009,Design av solvärmesystem,IIT,MÖY,1,0,1,1,0,triangulerad
EG3010,,,,0,0,0,0,1,enbart_nedlagd
EG3011,,,,0,0,0,0,1,enbart_nedlagd
EG3012,Hållbara energisystem,IIT,MÖY,1,0,1,1,0,triangulerad
EG3013,,,,0,0,0,0,1,enbart_nedlagd
EG3014,Utformning av solenergibyggnader,IIT,MÖY,1,0,1,1,0,triangulerad
EG3015,Solstrålning och solgeometri,IIT,MÖY,1,0,1,1,0,triangulerad
EG3016,,,,0,0,0,0,1,enbart_nedlagd
EG3017,Solenergiteknikpraktik,IIT,MÖY,1,0,1,1,0,triangulerad
EG3018,Solenergiteknikpraktik,IIT,MÖY,1,0,1,1,0,triangulerad
EG3019,Livscykelanalys och livscykelkostnadsanalys,IIT,MÖY,1,0,1,1,0,triangulerad
EG3020,Examensarbete för magisterexamen i Energiteknik med fokus på energieffektivisering inom byggd miljö,IIT,MÖY,1,0,1,1,0,triangulerad
EG3021,,,,0,0,0,0,1,enbart_nedlagd
EG3022,Examensarbete för magisterexamen i solenergiteknik,IIT,MÖY,1,0,1,1,0,triangulerad
EG4001,Examensarbete för masterexamen i solenergiteknik,IIT,MÖY,1,0,1,1,0,triangulerad
EG4002,,,,0,0,0,0,1,enbart_nedlagd
EG4003,,,,0,0,0,0,1,enbart_nedlagd
EG4004,,,,0,0,0,0,1,enbart_nedlagd
EG4005,,,,0,0,0,0,1,enbart_nedlagd
EN0001,,,,0,0,0,0,1,enbart_nedlagd
EN0002,,,,0,0,0,0,1,enbart_nedlagd
EN0003,,,,0,0,0,0,1,enbart_nedlagd
EN0004,,,,0,0,0,0,1,enbart_nedlagd
EN0005,,,,0,0,0,0,1,enbart_nedlagd
EN0006,,,,0,0,0,0,1,enbart_nedlagd
EN0007,,,,0,0,0,0,1,enbart_nedlagd
EN1001,,,,0,0,0,0,1,enbart_nedlagd
EN1002,,,,0,0,0,0,1,enbart_nedlagd
EN1003,,,,0,0,0,0,1,enbart_nedlagd
EN1004,,,,0,0,0,0,1,enbart_nedlagd
EN1005,,,,0,0,0,0,1,enbart_nedlagd
EN1006,,,,0,0,0,0,1,enbart_nedlagd
EN1007,,,,0,0,0,0,1,enbart_nedlagd
EN1008,,,,0,0,0,0,1,enbart_nedlagd
EN1009,,,,0,0,0,0,1,enbart_nedlagd
EN1010,,,,0,0,0,0,1,enbart_nedlagd
EN1011,,,,0,0,0,0,1,enbart_nedlagd
EN1012,,,,0,0,0,0,1,enbart_nedlagd
EN1013,,,,0,0,0,0,1,enbart_nedlagd
EN1014,,,,0,0,0,0,1,enbart_nedlagd
EN1015,,,,0,0,0,0,1,enbart_nedlagd
EN1016,,,,0,0,0,0,1,enbart_nedlagd
EN1017,,,,0,0,0,0,1,enbart_nedlagd
EN1018,,,,0,0,0,0,1,enbart_nedlagd
EN1019,,,,0,0,0,0,1,enbart_nedlagd
EN1020,,,,0,0,0,0,1,enbart_nedlagd
EN1021,,,,0,0,0,0,1,enbart_nedlagd
EN1022,,,,0,0,0,0,1,enbart_nedlagd
EN1023,,,,0,0,0,0,1,enbart_nedlagd
EN1024,,,,0,0,0,0,1,enbart_nedlagd
EN1025,,,,0,0,0,0,1,enbart_nedlagd
EN1026,,,,0,0,0,0,1,enbart_nedlagd
EN1027,,,,0,0,0,0,1,enbart_nedlagd
EN1028,,,,0,0,0,0,1,enbart_nedlagd
EN1029,,,,0,0,0,0,1,enbart_nedlagd
EN1030,,,,0,0,0,0,1,enbart_nedlagd
EN1031,,,,0,0,0,0,1,enbart_nedlagd
EN1032,,,,0,0,0,0,1,enbart_nedlagd
EN1033,,,,0,0,0,0,1,enbart_nedlagd
EN1034,,,,0,0,0,0,1,enbart_nedlagd
EN1035,,,,0,0,0,0,1,enbart_nedlagd
EN1036,,,,0,0,0,0,1,enbart_nedlagd
EN1037,,,,0,0,0,0,1,enbart_nedlagd
EN1038,,,,0,0,0,0,1,enbart_nedlagd
EN1039,,,,0,0,0,0,1,enbart_nedlagd
EN1040,,,,0,0,0,0,1,enbart_nedlagd
EN1041,,,,0,0,0,0,1,enbart_nedlagd
EN1042,,,,0,0,0,0,1,enbart_nedlagd
EN1043,,,,0,0,0,0,1,enbart_nedlagd
EN1044,,,,0,0,0,0,1,enbart_nedlagd
EN1045,,,,0,0,0,0,1,enbart_nedlagd
EN1046,,,,0,0,0,0,1,enbart_nedlagd
EN1047,,,,0,0,0,0,1,enbart_nedlagd
EN1048,,,,0,0,0,0,1,enbart_nedlagd
EN1049,,,,0,0,0,0,1,enbart_nedlagd
EN1050,,,,0,0,0,0,1,enbart_nedlagd
EN1051,,,,0,0,0,0,1,enbart_nedlagd
EN1052,,,,0,0,0,0,1,enbart_nedlagd
EN1053,,,,0,0,0,0,1,enbart_nedlagd
EN1054,,,,0,0,0,0,1,enbart_nedlagd
EN1055,,,,0,0,0,0,1,enbart_nedlagd
EN1056,,,,0,0,0,0,1,enbart_nedlagd
EN1057,,,,0,0,0,0,1,enbart_nedlagd
EN1058,,,,0,0,0,0,1,enbart_nedlagd
EN1059,,,,0,0,0,0,1,enbart_nedlagd
EN1060,,,,0,0,0,0,1,enbart_nedlagd
EN1061,,,,0,0,0,0,1,enbart_nedlagd
EN1062,,,,0,0,0,0,1,enbart_nedlagd
EN1063,,,,0,0,0,0,1,enbart_nedlagd
EN1064,,,,0,0,0,0,1,enbart_nedlagd
EN1065,,,,0,0,0,0,1,enbart_nedlagd
EN1066,,,,0,0,0,0,1,enbart_nedlagd
EN1067,,,,0,0,0,0,1,enbart_nedlagd
EN1068,,,,0,0,0,0,1,enbart_nedlagd
EN1069,,,,0,0,0,0,1,enbart_nedlagd
EN1070,,,,0,0,0,0,1,enbart_nedlagd
EN1071,,,,0,0,0,0,1,enbart_nedlagd
EN1072,,,,0,0,0,0,1,enbart_nedlagd
EN1073,,,,0,0,0,0,1,enbart_nedlagd
EN1074,,,,0,0,0,0,1,enbart_nedlagd
EN1075,,,,0,0,0,0,1,enbart_nedlagd
EN1076,,,,0,0,0,0,1,enbart_nedlagd
EN1077,,,,0,0,0,0,1,enbart_nedlagd
EN1078,,,,0,0,0,0,1,enbart_nedlagd
EN1079,,,,0,0,0,0,1,enbart_nedlagd
EN1080,,,,0,0,0,0,1,enbart_nedlagd
EN1081,,,,0,0,0,0,1,enbart_nedlagd
EN1082,,,,0,0,0,0,1,enbart_nedlagd
EN1083,,,,0,0,0,0,1,enbart_nedlagd
EN1084,,,,0,0,0,0,1,enbart_nedlagd
EN1085,,,,0,0,0,0,1,enbart_nedlagd
EN1086,Engelsk språkstruktur,ISLL,ENA,1,0,1,1,0,triangulerad
EN1087,,,,0,0,0,0,1,enbart_nedlagd
EN1088,,,,0,0,0,0,1,enbart_nedlagd
EN1089,,,,0,0,0,0,1,enbart_nedlagd
EN1090,,,,0,0,0,0,1,enbart_nedlagd
EN1091,,,,0,0,0,0,1,enbart_nedlagd
EN1092,,,,0,0,0,0,1,enbart_nedlagd
EN1093,,,,0,0,0,0,1,enbart_nedlagd
EN1094,,,,0,0,0,0,1,enbart_nedlagd
EN1095,,,,0,0,0,0,1,enbart_nedlagd
EN1096,,,,0,0,0,0,1,enbart_nedlagd
EN1097,,,,0,0,0,0,1,enbart_nedlagd
EN1098,,,,0,0,0,0,1,enbart_nedlagd
EN1099,,,,0,0,0,0,1,enbart_nedlagd
EN1100,,,,0,0,0,0,1,enbart_nedlagd
EN1101,,,,0,0,0,0,1,enbart_nedlagd
EN1102,,,,0,0,0,0,1,enbart_nedlagd
EN1103,,,,0,0,0,0,1,enbart_nedlagd
EN1104,,,,0,0,0,0,1,enbart_nedlagd
EN1105,,,,0,0,0,0,1,enbart_nedlagd
EN1106,,,,0,0,0,0,1,enbart_nedlagd
EN1107,,,,0,0,0,0,1,enbart_nedlagd
EN1108,,,,0,0,0,0,1,enbart_nedlagd
EN1109,,,,0,0,0,0,1,enbart_nedlagd
EN1110,,,,0,0,0,0,1,enbart_nedlagd
EN1111,,,,0,0,0,0,1,enbart_nedlagd
EN1112,,,,0,0,0,0,1,enbart_nedlagd
EN1113,,,,0,0,0,0,1,enbart_nedlagd
EN1114,,,,0,0,0,0,1,enbart_nedlagd
EN1115,,,,0,0,0,0,1,enbart_nedlagd
EN1116,,,,0,0,0,0,1,enbart_nedlagd
EN1117,,,,0,0,0,0,1,enbart_nedlagd
EN1118,,,,0,0,0,0,1,enbart_nedlagd
EN1119,,,,0,0,0,0,1,enbart_nedlagd
EN1120,,,,0,0,0,0,1,enbart_nedlagd
EN1121,,,,0,0,0,0,1,enbart_nedlagd
EN1122,,,,0,0,0,0,1,enbart_nedlagd
EN1123,,,,0,0,0,0,1,enbart_nedlagd
EN1124,,,,0,0,0,0,1,enbart_nedlagd
EN1125,,,,0,0,0,0,1,enbart_nedlagd
EN1126,,,,0,0,0,0,1,enbart_nedlagd
EN1127,,,,0,0,0,0,1,enbart_nedlagd
EN1128,,,,0,0,0,0,1,enbart_nedlagd
EN1129,Engelska: Skriftlig språkfärdighet,ISLL,ENA,1,0,1,1,0,triangulerad
EN1130,,,,0,0,0,0,1,enbart_nedlagd
EN1131,,,,0,0,0,0,1,enbart_nedlagd
EN1132,,,,0,0,0,0,1,enbart_nedlagd
EN1133,,,,0,0,0,0,1,enbart_nedlagd
EN1134,,,,0,0,0,0,1,enbart_nedlagd
EN1135,,,,0,0,0,0,1,enbart_nedlagd
EN1136,,,,0,0,0,0,1,enbart_nedlagd
EN1137,,,,0,0,0,0,1,enbart_nedlagd
EN2001,,,,0,0,0,0,1,enbart_nedlagd
EN2002,,,,0,0,0,0,1,enbart_nedlagd
EN2003,,,,0,0,0,0,1,enbart_nedlagd
EN2004,,,,0,0,0,0,1,enbart_nedlagd
EN2005,,,,0,0,0,0,1,enbart_nedlagd
EN2006,,,,0,0,0,0,1,enbart_nedlagd
EN2007,,,,0,0,0,0,1,enbart_nedlagd
EN2008,,,,0,0,0,0,1,enbart_nedlagd
EN2009,,,,0,0,0,0,1,enbart_nedlagd
EN2010,,,,0,0,0,0,1,enbart_nedlagd
EN2011,,,,0,0,0,0,1,enbart_nedlagd
EN2012,,,,0,0,0,0,1,enbart_nedlagd
EN2013,,,,0,0,0,0,1,enbart_nedlagd
EN2014,,,,0,0,0,0,1,enbart_nedlagd
EN2015,,,,0,0,0,0,1,enbart_nedlagd
EN2016,,,,0,0,0,0,1,enbart_nedlagd
EN2017,,,,0,0,0,0,1,enbart_nedlagd
EN2018,,,,0,0,0,0,1,enbart_nedlagd
EN2019,,,,0,0,0,0,1,enbart_nedlagd
EN2020,,,,0,0,0,0,1,enbart_nedlagd
EN2021,,,,0,0,0,0,1,enbart_nedlagd
EN2022,,,,0,0,0,0,1,enbart_nedlagd
EN2023,,,,0,0,0,0,1,enbart_nedlagd
EN2024,,,,0,0,0,0,1,enbart_nedlagd
EN2025,Litteratur och teori,ISLL,ENA,1,0,1,1,0,triangulerad
EN2026,,,,0,0,0,0,1,enbart_nedlagd
EN2027,,,,0,0,0,0,1,enbart_nedlagd
EN2028,Engelska: Kandidatexamensarbete i litteratur,ISLL,ENA,1,0,1,1,0,triangulerad
EN2029,,,,0,0,0,0,1,enbart_nedlagd
EN2030,,,,0,0,0,0,1,enbart_nedlagd
EN2031,,,,0,0,0,0,1,enbart_nedlagd
EN2032,,,,0,0,0,0,1,enbart_nedlagd
EN2033,Engelsk korpuslingvistik,ISLL,ENA,1,0,1,1,0,triangulerad
EN2034,Introduktion till språkvetenskaplig metod,ISLL,ENA,1,0,1,1,0,triangulerad
EN2035,Engelska: Kandidatexamensarbete i lingvistik,ISLL,ENA,1,0,1,1,0,triangulerad
EN2036,,,,0,0,0,0,1,enbart_nedlagd
EN2037,"Social variation, språkkontakt och språklig makt i engelskan",ISLL,ENA,1,0,1,1,0,triangulerad
EN2038,,,,0,0,0,0,1,enbart_nedlagd
EN2039,,,,0,0,0,0,1,enbart_nedlagd
EN2040,,,,0,0,0,0,1,enbart_nedlagd
EN2041,,,,0,0,0,0,1,enbart_nedlagd
EN2042,,,,0,0,0,0,1,enbart_nedlagd
EN2043,Engelska III: Fokus lingvistik,ISLL,ENA,1,0,1,1,0,triangulerad
EN2044,,,,0,0,0,0,1,enbart_nedlagd
EN2045,,,,0,0,0,0,1,enbart_nedlagd
EN2046,"Engelska III, inklusive examensarbete 1 för ämneslärarexamen, gy",ISLL,ENA,1,0,1,1,0,triangulerad
EN2047,"Engelska III, examensarbete 1 för ämneslärarexamen, åk 7-9",ISLL,ENA,1,0,1,1,0,triangulerad
EN2048,,,,0,0,0,0,1,enbart_nedlagd
EN2049,,,,0,0,0,0,1,enbart_nedlagd
EN3001,,,,0,0,0,0,1,enbart_nedlagd
EN3002,,,,0,0,0,0,1,enbart_nedlagd
EN3003,,,,0,0,0,0,1,enbart_nedlagd
EN3004,,,,0,0,0,0,1,enbart_nedlagd
EN3005,,,,0,0,0,0,1,enbart_nedlagd
EN3006,,,,0,0,0,0,1,enbart_nedlagd
EN3007,,,,0,0,0,0,1,enbart_nedlagd
EN3009,,,,0,0,0,0,1,enbart_nedlagd
EN3010,,,,0,0,0,0,1,enbart_nedlagd
EN3011,,,,0,0,0,0,1,enbart_nedlagd
EN3012,,,,0,0,0,0,1,enbart_nedlagd
EN3013,,,,0,0,0,0,1,enbart_nedlagd
EN3014,,,,0,0,0,0,1,enbart_nedlagd
EN3015,,,,0,0,0,0,1,enbart_nedlagd
EN3016,,,,0,0,0,0,1,enbart_nedlagd
EN3017,,,,0,0,0,0,1,enbart_nedlagd
EN3018,,,,0,0,0,0,1,enbart_nedlagd
EN3019,,,,0,0,0,0,1,enbart_nedlagd
EN3020,,,,0,0,0,0,1,enbart_nedlagd
EN3021,,,,0,0,0,0,1,enbart_nedlagd
EN3023,,,,0,0,0,0,1,enbart_nedlagd
EN3024,,,,0,0,0,0,1,enbart_nedlagd
EN3025,,,,0,0,0,0,1,enbart_nedlagd
EN3026,,,,0,0,0,0,1,enbart_nedlagd
EN3027,,,,0,0,0,0,1,enbart_nedlagd
EN3028,,,,0,0,0,0,1,enbart_nedlagd
EN3029,Engelska: Samtida irländsk skönlitteratur,ISLL,ENA,1,0,1,1,0,triangulerad
EN3030,,,,0,0,0,0,1,enbart_nedlagd
EN3031,,,,0,0,0,0,1,enbart_nedlagd
EN3032,,,,0,0,0,0,1,enbart_nedlagd
EN3033,,,,0,0,0,0,1,enbart_nedlagd
EN3034,,,,0,0,0,0,1,enbart_nedlagd
EN3035,,,,0,0,0,0,1,enbart_nedlagd
EN3036,,,,0,0,0,0,1,enbart_nedlagd
EN3037,,,,0,0,0,0,1,enbart_nedlagd
EN3038,,,,0,0,0,0,1,enbart_nedlagd
EN3039,,,,0,0,0,0,1,enbart_nedlagd
EN3040,,,,0,0,0,0,1,enbart_nedlagd
EN3041,,,,0,0,0,0,1,enbart_nedlagd
EN3042,,,,0,0,0,0,1,enbart_nedlagd
EN3043,,,,0,0,0,0,1,enbart_nedlagd
EN3044,,,,0,0,0,0,1,enbart_nedlagd
EN3045,,,,0,0,0,0,1,enbart_nedlagd
EN3046,,,,0,0,0,0,1,enbart_nedlagd
EN3047,,,,0,0,0,0,1,enbart_nedlagd
EN3048,,,,0,0,0,0,1,enbart_nedlagd
EN3049,,,,0,0,0,0,1,enbart_nedlagd
EN3050,,,,0,0,0,0,1,enbart_nedlagd
EN3051,,,,0,0,0,0,1,enbart_nedlagd
EN3052,,,,0,0,0,0,1,enbart_nedlagd
EN3053,,,,0,0,0,0,1,enbart_nedlagd
EN3054,,,,0,0,0,0,1,enbart_nedlagd
EN3055,,,,0,0,0,0,1,enbart_nedlagd
EN3056,,,,0,0,0,0,1,enbart_nedlagd
EN3057,,,,0,0,0,0,1,enbart_nedlagd
EN3058,,,,0,0,0,0,1,enbart_nedlagd
EN3059,,,,0,0,0,0,1,enbart_nedlagd
EN3060,,,,0,0,0,0,1,enbart_nedlagd
EN3061,,,,0,0,0,0,1,enbart_nedlagd
EN3062,Världslitteratur på engelska,ISLL,ENA,1,0,1,1,0,triangulerad
EN3063,Engelska: Magisterexamensarbete i litteratur,ISLL,ENA,1,0,1,1,0,triangulerad
EN3064,Engelska: Avancerad litteraturteori,ISLL,ENA,1,0,1,1,0,triangulerad
EN3065,,,,0,0,0,0,1,enbart_nedlagd
EN3066,,,,0,0,0,0,1,enbart_nedlagd
EN3067,,,,0,0,0,0,1,enbart_nedlagd
EN3068,,,,0,0,0,0,1,enbart_nedlagd
EN3069,,,,0,0,0,0,1,enbart_nedlagd
EN3070,"Engelska IV, examensarbete 2 för ämneslärarexamen, åk 7-9",ISLL,ENA,1,0,1,1,0,triangulerad
EN3071,"Engelska IV, inklusive examensarbete 2 för ämneslärarexamen, gy",ISLL,ENA,1,0,1,1,0,triangulerad
EN3072,Engelska: Diskursanalys,ISLL,ENA,1,0,1,1,0,triangulerad
EN3073,Metoder inom tillämpad engelsk lingvistik,ISLL,ENA,1,0,1,1,0,triangulerad
EN3074,Engelsk språkvetenskap i tal och skrift,ISLL,ENA,1,0,1,1,0,triangulerad
EN3075,Teman inom tillämpad engelsk lingvistik,ISLL,ENA,1,0,1,1,0,triangulerad
EN3076,Kärnområden inom tillämpad engelsk lingvistik,ISLL,ENA,1,0,1,1,0,triangulerad
EN3077,Magisterexamensarbete i tillämpad engelsk lingvistik,ISLL,ENA,1,0,1,1,0,triangulerad
ENA034,,,,0,0,0,0,1,enbart_nedlagd
ENA037,,,,0,0,0,0,1,enbart_nedlagd
ENA038,,,,0,0,0,0,1,enbart_nedlagd
ENA039,,,,0,0,0,0,1,enbart_nedlagd
ENA040,,,,0,0,0,0,1,enbart_nedlagd
ENA043,,,,0,0,0,0,1,enbart_nedlagd
ENA044,,,,0,0,0,0,1,enbart_nedlagd
ENA045,,,,0,0,0,0,1,enbart_nedlagd
ENA046,,,,0,0,0,0,1,enbart_nedlagd
ENA051,,,,0,0,0,0,1,enbart_nedlagd
ENA052,,,,0,0,0,0,1,enbart_nedlagd
ENA053,,,,0,0,0,0,1,enbart_nedlagd
ENA054,,,,0,0,0,0,1,enbart_nedlagd
ENA055,,,,0,0,0,0,1,enbart_nedlagd
ENA056,,,,0,0,0,0,1,enbart_nedlagd
ENA057,,,,0,0,0,0,1,enbart_nedlagd
ENA058,,,,0,0,0,0,1,enbart_nedlagd
ENA059,,,,0,0,0,0,1,enbart_nedlagd
ENA060,,,,0,0,0,0,1,enbart_nedlagd
ENA061,,,,0,0,0,0,1,enbart_nedlagd
ENA062,,,,0,0,0,0,1,enbart_nedlagd
ENA063,,,,0,0,0,0,1,enbart_nedlagd
ENA064,,,,0,0,0,0,1,enbart_nedlagd
ENA065,,,,0,0,0,0,1,enbart_nedlagd
ENA066,,,,0,0,0,0,1,enbart_nedlagd
ENA067,,,,0,0,0,0,1,enbart_nedlagd
ENA068,,,,0,0,0,0,1,enbart_nedlagd
ENA069,,,,0,0,0,0,1,enbart_nedlagd
ENA070,,,,0,0,0,0,1,enbart_nedlagd
ENB017,,,,0,0,0,0,1,enbart_nedlagd
ENB018,,,,0,0,0,0,1,enbart_nedlagd
ENB019,,,,0,0,0,0,1,enbart_nedlagd
ENB020,,,,0,0,0,0,1,enbart_nedlagd
ENB021,,,,0,0,0,0,1,enbart_nedlagd
ENB022,,,,0,0,0,0,1,enbart_nedlagd
ENB023,,,,0,0,0,0,1,enbart_nedlagd
ENB024,,,,0,0,0,0,1,enbart_nedlagd
ENB025,,,,0,0,0,0,1,enbart_nedlagd
ENB026,,,,0,0,0,0,1,enbart_nedlagd
ENB027,,,,0,0,0,0,1,enbart_nedlagd
ENB028,,,,0,0,0,0,1,enbart_nedlagd
ENC009,,,,0,0,0,0,1,enbart_nedlagd
ENC010,,,,0,0,0,0,1,enbart_nedlagd
ENC013,,,,0,0,0,0,1,enbart_nedlagd
ENC016,,,,0,0,0,0,1,enbart_nedlagd
ENC017,,,,0,0,0,0,1,enbart_nedlagd
ENC018,,,,0,0,0,0,1,enbart_nedlagd
ENC019,,,,0,0,0,0,1,enbart_nedlagd
ENC020,,,,0,0,0,0,1,enbart_nedlagd
ENC022,,,,0,0,0,0,1,enbart_nedlagd
ENC023,,,,0,0,0,0,1,enbart_nedlagd
ENC024,,,,0,0,0,0,1,enbart_nedlagd
ENC025,,,,0,0,0,0,1,enbart_nedlagd
ENC026,,,,0,0,0,0,1,enbart_nedlagd
ENC029,,,,0,0,0,0,1,enbart_nedlagd
ENC030,,,,0,0,0,0,1,enbart_nedlagd
ENC031,,,,0,0,0,0,1,enbart_nedlagd
ENC032,,,,0,0,0,0,1,enbart_nedlagd
ENC033,,,,0,0,0,0,1,enbart_nedlagd
ENC034,,,,0,0,0,0,1,enbart_nedlagd
ENC035,,,,0,0,0,0,1,enbart_nedlagd
ENC036,,,,0,0,0,0,1,enbart_nedlagd
ENC037,,,,0,0,0,0,1,enbart_nedlagd
ENC038,,,,0,0,0,0,1,enbart_nedlagd
ENC039,,,,0,0,0,0,1,enbart_nedlagd
ENC040,,,,0,0,0,0,1,enbart_nedlagd
ENC041,,,,0,0,0,0,1,enbart_nedlagd
END012,,,,0,0,0,0,1,enbart_nedlagd
END013,,,,0,0,0,0,1,enbart_nedlagd
END014,,,,0,0,0,0,1,enbart_nedlagd
END015,,,,0,0,0,0,1,enbart_nedlagd
END016,,,,0,0,0,0,1,enbart_nedlagd
END017,,,,0,0,0,0,1,enbart_nedlagd
END018,,,,0,0,0,0,1,enbart_nedlagd
END019,,,,0,0,0,0,1,enbart_nedlagd
END020,,,,0,0,0,0,1,enbart_nedlagd
END021,,,,0,0,0,0,1,enbart_nedlagd
END022,,,,0,0,0,0,1,enbart_nedlagd
END023,,,,0,0,0,0,1,enbart_nedlagd
END024,,,,0,0,0,0,1,enbart_nedlagd
END025,,,,0,0,0,0,1,enbart_nedlagd
END026,,,,0,0,0,0,1,enbart_nedlagd
END027,,,,0,0,0,0,1,enbart_nedlagd
END028,,,,0,0,0,0,1,enbart_nedlagd
END029,,,,0,0,0,0,1,enbart_nedlagd
END030,,,,0,0,0,0,1,enbart_nedlagd
END031,,,,0,0,0,0,1,enbart_nedlagd
END032,,,,0,0,0,0,1,enbart_nedlagd
END033,,,,0,0,0,0,1,enbart_nedlagd
END034,,,,0,0,0,0,1,enbart_nedlagd
ENX002,,,,0,0,0,0,1,enbart_nedlagd
ENX003,,,,0,0,0,0,1,enbart_nedlagd
ENX004,,,,0,0,0,0,1,enbart_nedlagd
ENX005,,,,0,0,0,0,1,enbart_nedlagd
ET1001,,,,0,0,0,0,1,enbart_nedlagd
ET1002,,,,0,0,0,0,1,enbart_nedlagd
ET1003,,,,0,0,0,0,1,enbart_nedlagd
ET1004,,,,0,0,0,0,1,enbart_nedlagd
ET1005,,,,0,0,0,0,1,enbart_nedlagd
ET1006,,,,0,0,0,0,1,enbart_nedlagd
ET1007,,,,0,0,0,0,1,enbart_nedlagd
ET1008,,,,0,0,0,0,1,enbart_nedlagd
ET1009,,,,0,0,0,0,1,enbart_nedlagd
ET1010,,,,0,0,0,0,1,enbart_nedlagd
ET1011,,,,0,0,0,0,1,enbart_nedlagd
ET1012,,,,0,0,0,0,1,enbart_nedlagd
ET1013,,,,0,0,0,0,1,enbart_nedlagd
ET1014,,,,0,0,0,0,1,enbart_nedlagd
ET1015,,,,0,0,0,0,1,enbart_nedlagd
ET1016,,,,0,0,0,0,1,enbart_nedlagd
ET1017,,,,0,0,0,0,1,enbart_nedlagd
ET1018,,,,0,0,0,0,1,enbart_nedlagd
ET1019,,,,0,0,0,0,1,enbart_nedlagd
ET1020,,,,0,0,0,0,1,enbart_nedlagd
ET1021,,,,0,0,0,0,1,enbart_nedlagd
ET1022,,,,0,0,0,0,1,enbart_nedlagd
ET1023,,,,0,0,0,0,1,enbart_nedlagd
ET1024,,,,0,0,0,0,1,enbart_nedlagd
ET1025,,,,0,0,0,0,1,enbart_nedlagd
ET1026,,,,0,0,0,0,1,enbart_nedlagd
ET1027,,,,0,0,0,0,1,enbart_nedlagd
ET1028,,,,0,0,0,0,1,enbart_nedlagd
ET1029,Styr- och reglerteknik,IIT,ETA,1,0,1,1,0,triangulerad
ET2001,,,,0,0,0,0,1,enbart_nedlagd
ET2002,,,,0,0,0,0,1,enbart_nedlagd
ET2003,,,,0,0,0,0,1,enbart_nedlagd
ET2004,,,,0,0,0,0,1,enbart_nedlagd
ET2005,,,,0,0,0,0,1,enbart_nedlagd
ET2006,,,,0,0,0,0,1,enbart_nedlagd
ET2007,,,,0,0,0,0,1,enbart_nedlagd
ET2008,,,,0,0,0,0,1,enbart_nedlagd
ET2009,,,,0,0,0,0,1,enbart_nedlagd
ET2010,,,,0,0,0,0,1,enbart_nedlagd
ET2011,,,,0,0,0,0,1,enbart_nedlagd
ET3001,,,,0,0,0,0,1,enbart_nedlagd
ET3002,,,,0,0,0,0,1,enbart_nedlagd
ET3003,,,,0,0,0,0,1,enbart_nedlagd
ET3004,,,,0,0,0,0,1,enbart_nedlagd
ET3005,,,,0,0,0,0,1,enbart_nedlagd
ET3006,,,,0,0,0,0,1,enbart_nedlagd
ET3007,,,,0,0,0,0,1,enbart_nedlagd
ET3008,,,,0,0,0,0,1,enbart_nedlagd
ET3009,,,,0,0,0,0,1,enbart_nedlagd
ET3010,,,,0,0,0,0,1,enbart_nedlagd
ET3011,,,,0,0,0,0,1,enbart_nedlagd
ETA006,,,,0,0,0,0,1,enbart_nedlagd
ETA007,,,,0,0,0,0,1,enbart_nedlagd
ETA018,,,,0,0,0,0,1,enbart_nedlagd
ETA019,,,,0,0,0,0,1,enbart_nedlagd
ETA020,,,,0,0,0,0,1,enbart_nedlagd
ETA021,,,,0,0,0,0,1,enbart_nedlagd
ETA022,,,,0,0,0,0,1,enbart_nedlagd
ETB001,,,,0,0,0,0,1,enbart_nedlagd
ETB005,,,,0,0,0,0,1,enbart_nedlagd
ETB006,,,,0,0,0,0,1,enbart_nedlagd
ETB016,,,,0,0,0,0,1,enbart_nedlagd
ETB024,,,,0,0,0,0,1,enbart_nedlagd
ETB028,,,,0,0,0,0,1,enbart_nedlagd
ETB029,,,,0,0,0,0,1,enbart_nedlagd
ETB030,,,,0,0,0,0,1,enbart_nedlagd
ETB031,,,,0,0,0,0,1,enbart_nedlagd
ETB032,,,,0,0,0,0,1,enbart_nedlagd
ETB035,,,,0,0,0,0,1,enbart_nedlagd
ETC003,,,,0,0,0,0,1,enbart_nedlagd
ETC005,,,,0,0,0,0,1,enbart_nedlagd
ETC006,,,,0,0,0,0,1,enbart_nedlagd
ETC007,,,,0,0,0,0,1,enbart_nedlagd
ETC013,,,,0,0,0,0,1,enbart_nedlagd
ETC014,,,,0,0,0,0,1,enbart_nedlagd
ETC015,,,,0,0,0,0,1,enbart_nedlagd
ETC016,,,,0,0,0,0,1,enbart_nedlagd
ETC018,,,,0,0,0,0,1,enbart_nedlagd
ETC019,,,,0,0,0,0,1,enbart_nedlagd
ETC020,,,,0,0,0,0,1,enbart_nedlagd
ETC021,,,,0,0,0,0,1,enbart_nedlagd
ETC022,,,,0,0,0,0,1,enbart_nedlagd
ETC023,,,,0,0,0,0,1,enbart_nedlagd
ETD004,,,,0,0,0,0,1,enbart_nedlagd
ETD005,,,,0,0,0,0,1,enbart_nedlagd
ETD006,,,,0,0,0,0,1,enbart_nedlagd
ETD007,,,,0,0,0,0,1,enbart_nedlagd
ETD008,,,,0,0,0,0,1,enbart_nedlagd
ETD009,,,,0,0,0,0,1,enbart_nedlagd
ETD010,,,,0,0,0,0,1,enbart_nedlagd
ETD011,,,,0,0,0,0,1,enbart_nedlagd
ETD012,,,,0,0,0,0,1,enbart_nedlagd
EU1001,,,,0,0,0,0,1,enbart_nedlagd
EU1002,,,,0,0,0,0,1,enbart_nedlagd
EU1003,,,,0,0,0,0,1,enbart_nedlagd
EU1004,,,,0,0,0,0,1,enbart_nedlagd
EU1005,,,,0,0,0,0,1,enbart_nedlagd
EU1006,,,,0,0,0,0,1,enbart_nedlagd
EU1007,,,,0,0,0,0,1,enbart_nedlagd
EU1008,,,,0,0,0,0,1,enbart_nedlagd
EU1009,,,,0,0,0,0,1,enbart_nedlagd
EU1010,,,,0,0,0,0,1,enbart_nedlagd
EU1011,,,,0,0,0,0,1,enbart_nedlagd
EU1012,,,,0,0,0,0,1,enbart_nedlagd
EU1013,,,,0,0,0,0,1,enbart_nedlagd
EU1014,,,,0,0,0,0,1,enbart_nedlagd
EU1015,,,,0,0,0,0,1,enbart_nedlagd
EU1016,,,,0,0,0,0,1,enbart_nedlagd
EU1017,,,,0,0,0,0,1,enbart_nedlagd
EU1018,,,,0,0,0,0,1,enbart_nedlagd
EU1019,,,,0,0,0,0,1,enbart_nedlagd
EU1020,,,,0,0,0,0,1,enbart_nedlagd
EU1021,,,,0,0,0,0,1,enbart_nedlagd
EU1022,,,,0,0,0,0,1,enbart_nedlagd
EU1023,,,,0,0,0,0,1,enbart_nedlagd
EU1024,,,,0,0,0,0,1,enbart_nedlagd
EU1025,,,,0,0,0,0,1,enbart_nedlagd
EU1026,,,,0,0,0,0,1,enbart_nedlagd
EU1027,Entreprenörskap - villkor och särart,IKS,EUN,1,0,1,1,0,triangulerad
EU1028,,,,0,0,0,0,1,enbart_nedlagd
EU1029,,,,0,0,0,0,1,enbart_nedlagd
EU1030,,,,0,0,0,0,1,enbart_nedlagd
EU1031,,,,0,0,0,0,1,enbart_nedlagd
EU1032,,,,0,0,0,0,1,enbart_nedlagd
EU1033,Examensarbete för högskoleexamen i entreprenörskap och innovationsteknik,IKS,EUN,1,0,1,1,0,triangulerad
EU1034,"Försäljnings-, förhandling- och dialogkonst",IKS,EUN,1,0,1,1,0,triangulerad
EU1035,Projekt- grundläggande kunskaper i projektarbete,IKS,EUN,1,0,1,1,0,triangulerad
EU1036,Affärsplanering,IKS,EUN,1,0,1,1,0,triangulerad
EU1037,Affärsplanering,IKS,EUN,1,0,1,1,0,triangulerad
EUA001,,,,0,0,0,0,1,enbart_nedlagd
EUA002,,,,0,0,0,0,1,enbart_nedlagd
EUA005,,,,0,0,0,0,1,enbart_nedlagd
EUA006,,,,0,0,0,0,1,enbart_nedlagd
EUA007,,,,0,0,0,0,1,enbart_nedlagd
EUB001,,,,0,0,0,0,1,enbart_nedlagd
EUB002,,,,0,0,0,0,1,enbart_nedlagd
EUB003,,,,0,0,0,0,1,enbart_nedlagd
EUB004,,,,0,0,0,0,1,enbart_nedlagd
EUB005,,,,0,0,0,0,1,enbart_nedlagd
EUB006,,,,0,0,0,0,1,enbart_nedlagd
EUB007,,,,0,0,0,0,1,enbart_nedlagd
EUB008,,,,0,0,0,0,1,enbart_nedlagd
EUB009,,,,0,0,0,0,1,enbart_nedlagd
EUB010,,,,0,0,0,0,1,enbart_nedlagd
EUB011,,,,0,0,0,0,1,enbart_nedlagd
EUB012,,,,0,0,0,0,1,enbart_nedlagd
EUB013,,,,0,0,0,0,1,enbart_nedlagd
FD1001,,,,0,0,0,0,1,enbart_nedlagd
FD1002,,,,0,0,0,0,1,enbart_nedlagd
FD1003,,,,0,0,0,0,1,enbart_nedlagd
FD1004,,,,0,0,0,0,1,enbart_nedlagd
FD1005,,,,0,0,0,0,1,enbart_nedlagd
FD1006,,,,0,0,0,0,1,enbart_nedlagd
FDA015,,,,0,0,0,0,1,enbart_nedlagd
FDA024,,,,0,0,0,0,1,enbart_nedlagd
FDA032,,,,0,0,0,0,1,enbart_nedlagd
FDA033,,,,0,0,0,0,1,enbart_nedlagd
FDA034,,,,0,0,0,0,1,enbart_nedlagd
FDA035,,,,0,0,0,0,1,enbart_nedlagd
FDA037,,,,0,0,0,0,1,enbart_nedlagd
FDA038,,,,0,0,0,0,1,enbart_nedlagd
FDA039,,,,0,0,0,0,1,enbart_nedlagd
FDA040,,,,0,0,0,0,1,enbart_nedlagd
FDA041,,,,0,0,0,0,1,enbart_nedlagd
FDA222R,Komplexitet och operationsanalytiska metoder,IIT,ANALYTIC,0,1,1,1,0,triangulerad
FDA222S,Statistisk inlärning och maskininlärning,IIT,ANALYTIC,0,1,1,1,0,triangulerad
FDA222T,Datadrivet beslutsfattande,IIT,ANALYTIC,0,1,1,1,0,triangulerad
FDA222U,Datainsamling och datakvalitet,IIT,ANALYTIC,0,1,1,1,0,triangulerad
FDC004,,,,0,0,0,0,1,enbart_nedlagd
FEA022,,,,0,0,0,0,1,enbart_nedlagd
FEA025,,,,0,0,0,0,1,enbart_nedlagd
FEA034,,,,0,0,0,0,1,enbart_nedlagd
FEA037,,,,0,0,0,0,1,enbart_nedlagd
FEA041,,,,0,0,0,0,1,enbart_nedlagd
FEA045,,,,0,0,0,0,1,enbart_nedlagd
FEA046,,,,0,0,0,0,1,enbart_nedlagd
FEA047,,,,0,0,0,0,1,enbart_nedlagd
FEA048,,,,0,0,0,0,1,enbart_nedlagd
FEA049,,,,0,0,0,0,1,enbart_nedlagd
FEA050,,,,0,0,0,0,1,enbart_nedlagd
FEA053,,,,0,0,0,0,1,enbart_nedlagd
FEA054,,,,0,0,0,0,1,enbart_nedlagd
FEA055,,,,0,0,0,0,1,enbart_nedlagd
FEA056,,,,0,0,0,0,1,enbart_nedlagd
FEA057,,,,0,0,0,0,1,enbart_nedlagd
FEA058,,,,0,0,0,0,1,enbart_nedlagd
FEA059,,,,0,0,0,0,1,enbart_nedlagd
FEA060,,,,0,0,0,0,1,enbart_nedlagd
FEA061,,,,0,0,0,0,1,enbart_nedlagd
FEA062,,,,0,0,0,0,1,enbart_nedlagd
FEA063,,,,0,0,0,0,1,enbart_nedlagd
FEA065,,,,0,0,0,0,1,enbart_nedlagd
FEA066,,,,0,0,0,0,1,enbart_nedlagd
FEA067,,,,0,0,0,0,1,enbart_nedlagd
FEA068,,,,0,0,0,0,1,enbart_nedlagd
FEA069,,,,0,0,0,0,1,enbart_nedlagd
FEB004,,,,0,0,0,0,1,enbart_nedlagd
FEB006,,,,0,0,0,0,1,enbart_nedlagd
FEB021,,,,0,0,0,0,1,enbart_nedlagd
FEB023,,,,0,0,0,0,1,enbart_nedlagd
FEB027,,,,0,0,0,0,1,enbart_nedlagd
FEB030,,,,0,0,0,0,1,enbart_nedlagd
FEB031,,,,0,0,0,0,1,enbart_nedlagd
FEB032,,,,0,0,0,0,1,enbart_nedlagd
FEB033,,,,0,0,0,0,1,enbart_nedlagd
FEB034,,,,0,0,0,0,1,enbart_nedlagd
FEB035,,,,0,0,0,0,1,enbart_nedlagd
FEB036,,,,0,0,0,0,1,enbart_nedlagd
FEB037,,,,0,0,0,0,1,enbart_nedlagd
FEB038,,,,0,0,0,0,1,enbart_nedlagd
FEB039,,,,0,0,0,0,1,enbart_nedlagd
FEB040,,,,0,0,0,0,1,enbart_nedlagd
FEB041,,,,0,0,0,0,1,enbart_nedlagd
FEB042,,,,0,0,0,0,1,enbart_nedlagd
FEB043,,,,0,0,0,0,1,enbart_nedlagd
FEB044,,,,0,0,0,0,1,enbart_nedlagd
FEB045,,,,0,0,0,0,1,enbart_nedlagd
FEB046,,,,0,0,0,0,1,enbart_nedlagd
FEB047,,,,0,0,0,0,1,enbart_nedlagd
FEB048,,,,0,0,0,0,1,enbart_nedlagd
FEB222K,Individuell litteraturkurs,IIT,ENERGIBM,0,1,1,1,0,triangulerad
FEB222L,"Energi och resursanvändning i den byggda miljön, del 1",IIT,ENERGIBM,0,1,1,1,0,triangulerad
FEB222M,Kurs för doktorandseminarier,IIT,ENERGIBM,0,1,1,1,0,triangulerad
FEB222P,Vetenskapskommunikation,IIT,ENERGIBM,0,1,1,1,0,triangulerad
FEB222Q,Samarbetsprojekt inom energisystem,IIT,ENERGIBM,0,1,1,1,0,triangulerad
FEC003,,,,0,0,0,0,1,enbart_nedlagd
FEC004,,,,0,0,0,0,1,enbart_nedlagd
FEC005,,,,0,0,0,0,1,enbart_nedlagd
FEC010,,,,0,0,0,0,1,enbart_nedlagd
FEC013,,,,0,0,0,0,1,enbart_nedlagd
FEC017,,,,0,0,0,0,1,enbart_nedlagd
FEC019,,,,0,0,0,0,1,enbart_nedlagd
FEC023,,,,0,0,0,0,1,enbart_nedlagd
FEC029,,,,0,0,0,0,1,enbart_nedlagd
FEC035,,,,0,0,0,0,1,enbart_nedlagd
FEC040,,,,0,0,0,0,1,enbart_nedlagd
FEC041,,,,0,0,0,0,1,enbart_nedlagd
FEC042,,,,0,0,0,0,1,enbart_nedlagd
FEC044,,,,0,0,0,0,1,enbart_nedlagd
FEC046,,,,0,0,0,0,1,enbart_nedlagd
FEC047,,,,0,0,0,0,1,enbart_nedlagd
FEC048,,,,0,0,0,0,1,enbart_nedlagd
FEC049,,,,0,0,0,0,1,enbart_nedlagd
FEC050,,,,0,0,0,0,1,enbart_nedlagd
FEC051,,,,0,0,0,0,1,enbart_nedlagd
FEC052,,,,0,0,0,0,1,enbart_nedlagd
FEC053,,,,0,0,0,0,1,enbart_nedlagd
FEC054,,,,0,0,0,0,1,enbart_nedlagd
FEC056,,,,0,0,0,0,1,enbart_nedlagd
FEC057,,,,0,0,0,0,1,enbart_nedlagd
FEC058,,,,0,0,0,0,1,enbart_nedlagd
FEC059,,,,0,0,0,0,1,enbart_nedlagd
FEC060,,,,0,0,0,0,1,enbart_nedlagd
FEC061,,,,0,0,0,0,1,enbart_nedlagd
FEC062,,,,0,0,0,0,1,enbart_nedlagd
FED005,,,,0,0,0,0,1,enbart_nedlagd
FED011,,,,0,0,0,0,1,enbart_nedlagd
FED012,,,,0,0,0,0,1,enbart_nedlagd
FED015,,,,0,0,0,0,1,enbart_nedlagd
FED016,,,,0,0,0,0,1,enbart_nedlagd
FED018,,,,0,0,0,0,1,enbart_nedlagd
FED019,,,,0,0,0,0,1,enbart_nedlagd
FED020,,,,0,0,0,0,1,enbart_nedlagd
FED021,,,,0,0,0,0,1,enbart_nedlagd
FED022,,,,0,0,0,0,1,enbart_nedlagd
FED023,,,,0,0,0,0,1,enbart_nedlagd
FED024,,,,0,0,0,0,1,enbart_nedlagd
FED025,,,,0,0,0,0,1,enbart_nedlagd
FED026,,,,0,0,0,0,1,enbart_nedlagd
FED027,,,,0,0,0,0,1,enbart_nedlagd
FED028,,,,0,0,0,0,1,enbart_nedlagd
FHV0001,Allmänvetenskaplig introduktionskurs,IHV,VÅRDVETS,0,1,1,1,0,triangulerad
FHV0002,"Systematisk litteraturöversikt, metasyntes och metaanalys",IHV,VÅRDVETS,0,1,1,1,0,triangulerad
FHV0003,Implementeringsforskning i hälso- och välfärdsarbete,IHV,VÅRDVETS,0,1,1,1,0,triangulerad
FI1001,,,,0,0,0,0,1,enbart_nedlagd
FI1002,,,,0,0,0,0,1,enbart_nedlagd
FI1003,,,,0,0,0,0,1,enbart_nedlagd
FI1004,,,,0,0,0,0,1,enbart_nedlagd
FI1005,,,,0,0,0,0,1,enbart_nedlagd
FI1006,,,,0,0,0,0,1,enbart_nedlagd
FI1007,,,,0,0,0,0,1,enbart_nedlagd
FI1008,,,,0,0,0,0,1,enbart_nedlagd
FI1009,,,,0,0,0,0,1,enbart_nedlagd
FI1010,,,,0,0,0,0,1,enbart_nedlagd
FI1011,,,,0,0,0,0,1,enbart_nedlagd
FI1012,,,,0,0,0,0,1,enbart_nedlagd
FI1013,,,,0,0,0,0,1,enbart_nedlagd
FI1014,,,,0,0,0,0,1,enbart_nedlagd
FI1015,,,,0,0,0,0,1,enbart_nedlagd
FI1016,,,,0,0,0,0,1,enbart_nedlagd
FI1017,,,,0,0,0,0,1,enbart_nedlagd
FI1018,,,,0,0,0,0,1,enbart_nedlagd
FI1019,,,,0,0,0,0,1,enbart_nedlagd
FI1020,,,,0,0,0,0,1,enbart_nedlagd
FI1021,,,,0,0,0,0,1,enbart_nedlagd
FI1022,,,,0,0,0,0,1,enbart_nedlagd
FI1023,Filosofi och vetenskapsteori,IKS,FIA,1,0,1,1,0,triangulerad
FI1024,Filosofi: Två teman inom filosofi,IKS,FIA,1,0,1,1,0,triangulerad
FI1025,,,,0,0,0,0,1,enbart_nedlagd
FI1026,Filosofi: Moralfilosofi,IKS,FIA,1,0,1,1,0,triangulerad
FI1027,,,,0,0,0,0,1,enbart_nedlagd
FI1028,Filosofi: Filosofi I,IKS,FIA,1,0,1,1,0,triangulerad
FI1029,Filosofi: Filosofisk metod och kritiskt tänkande,IKS,FIA,1,0,1,1,0,triangulerad
FI1030,Filosofi: Filosofins historia,IKS,FIA,1,0,1,1,0,triangulerad
FI1031,Filosofi: Epistemologi och vetenskapsteori,IKS,FIA,1,0,1,1,0,triangulerad
FI1032,,,,0,0,0,0,1,enbart_nedlagd
FI1033,Filosofi: Värdeteori och normativ etik,IKS,FIA,1,0,1,1,0,triangulerad
FI1034,Filosofi II,IKS,FIA,1,0,1,1,0,triangulerad
FI1035,Filosofi: 1900-talets filosofi,IKS,FIA,1,0,1,1,0,triangulerad
FI1036,Filosofi: Politisk filosofi,IKS,FIA,1,0,1,1,0,triangulerad
FI1037,Filosofi: Filosofiska klassiker,IKS,FIA,1,0,1,1,0,triangulerad
FI1038,Samhällsvetenskapernas vetenskapsteori,IKS,FIA,1,0,1,1,0,triangulerad
FI1039,Materialvetenskapens idéhistoria och vetenskapsteori,IKS,FIA,1,0,1,1,0,triangulerad
FI1040,Etik för idrottsledare,IKS,FIA,1,0,1,1,0,triangulerad
FI2001,,,,0,0,0,0,1,enbart_nedlagd
FI2002,,,,0,0,0,0,1,enbart_nedlagd
FI2003,Filosofi: Filosofi III,IKS,FIA,1,0,1,1,0,triangulerad
FIA001,,,,0,0,0,0,1,enbart_nedlagd
FIA002,,,,0,0,0,0,1,enbart_nedlagd
FIA003,,,,0,0,0,0,1,enbart_nedlagd
FIA004,,,,0,0,0,0,1,enbart_nedlagd
FIA005,,,,0,0,0,0,1,enbart_nedlagd
FIA006,,,,0,0,0,0,1,enbart_nedlagd
FIA007,,,,0,0,0,0,1,enbart_nedlagd
FIA008,,,,0,0,0,0,1,enbart_nedlagd
FIA009,,,,0,0,0,0,1,enbart_nedlagd
FIA010,,,,0,0,0,0,1,enbart_nedlagd
FIA011,,,,0,0,0,0,1,enbart_nedlagd
FIA012,,,,0,0,0,0,1,enbart_nedlagd
FIA013,,,,0,0,0,0,1,enbart_nedlagd
FIA014,,,,0,0,0,0,1,enbart_nedlagd
FIA015,,,,0,0,0,0,1,enbart_nedlagd
FIA016,,,,0,0,0,0,1,enbart_nedlagd
FIA017,,,,0,0,0,0,1,enbart_nedlagd
FIA018,,,,0,0,0,0,1,enbart_nedlagd
FIB001,,,,0,0,0,0,1,enbart_nedlagd
FIB002,,,,0,0,0,0,1,enbart_nedlagd
FIB003,,,,0,0,0,0,1,enbart_nedlagd
FIB004,,,,0,0,0,0,1,enbart_nedlagd
FIB005,,,,0,0,0,0,1,enbart_nedlagd
FIC001,,,,0,0,0,0,1,enbart_nedlagd
FMI2222,Ledarskapets ekonomi för forskarstuderande,IIT,MIKRODAT,0,1,1,1,0,triangulerad
FMI2223,Komplexitet och operationsanalytiska metoder för forskarstuderande,IIT,MIKRODAT,0,1,1,1,0,triangulerad
FMI2224,Statistisk- och maskininlärning,IIT,MIKRODAT,0,1,1,1,0,triangulerad
FMI2229,Introduktion till strukturella ekvationsmodeller,IIT,MIKRODAT,0,1,1,1,0,triangulerad
FPA0001,Vetenskapliga metoder,IKS,PEDAGARB,0,1,1,1,0,triangulerad
FPA0002,"Forskning och pedagogisk praktik - kommunikation, kunskap och samverkan",IKS,PEDAGARB,0,1,1,1,0,triangulerad
FPA0003,Akademiskt skrivande och talande  på engelska,IKS,PEDAGARB,0,1,1,1,0,triangulerad
FPA0004,Det demokratiska värdegrundsuppdraget i komplexa skolpraktiker,IKS,PEDAGARB,0,1,1,1,0,triangulerad
FPA0005,Forskning och pedagogisk praktik– teoretiska perspektiv,IKS,PEDAGARB,0,1,1,1,0,triangulerad
FPA0006,Introduktion till forskning i pedagogiskt arbete,IKS,PEDAGARB,0,1,1,1,0,triangulerad
FPA0007,Intellektuella utmaningar -  att designa och kommunicera ett forskningsprojekt,IKS,PEDAGARB,0,1,1,1,0,triangulerad
FPA2226,Läsinlärning och läsutveckling i teori och praktik,IKS,PEDAGARB,0,1,1,1,0,triangulerad
FPA2227,Lärares ledarskap - villkor och praktik,IKS,PEDAGARB,0,1,1,1,0,triangulerad
FPA2228,Introduktion till forskning i pedagogiskt arbete,IKS,PEDAGARB,0,1,1,1,0,triangulerad
FPA222A,Vetenskapsteori och forskningsetik,IKS,PEDAGARB,0,1,1,1,0,triangulerad
FPA222B,Vetenskapliga metoder,IKS,PEDAGARB,0,1,1,1,0,triangulerad
FPA222C,Praktikutvecklande forskningsansatser för undervisning och lärande,IKS,PEDAGARB,0,1,1,1,0,triangulerad
FPA222D,Språklig mångfald i utbildningssammanhang,IKS,PEDAGARB,0,1,1,1,0,triangulerad
FPA222E,Intellektuella utmaningar – att formulera och undersöka ett problem,IKS,PEDAGARB,0,1,1,1,0,triangulerad
FPA222F,Akademiskt skrivande och talande på engelska,IKS,PEDAGARB,0,1,1,1,0,triangulerad
FPA222G,Forskningskommunikation för samhällsutveckling,IKS,PEDAGARB,0,1,1,1,0,triangulerad
FPA222J,Grundläggande statistik för utbildningsvetenskaplig forskning,IKS,PEDAGARB,0,1,1,1,0,triangulerad
FPA222N,Vetenskapliga metoder för forskning i pedagogiskt arbete,IKS,PEDAGARB,0,1,1,1,0,triangulerad
FR0001,,,,0,0,0,0,1,enbart_nedlagd
FR0002,,,,0,0,0,0,1,enbart_nedlagd
FR0003,,,,0,0,0,0,1,enbart_nedlagd
FR0004,,,,0,0,0,0,1,enbart_nedlagd
FR1001,,,,0,0,0,0,1,enbart_nedlagd
FR1002,,,,0,0,0,0,1,enbart_nedlagd
FR1003,,,,0,0,0,0,1,enbart_nedlagd
FR1004,,,,0,0,0,0,1,enbart_nedlagd
FR1005,,,,0,0,0,0,1,enbart_nedlagd
FR1006,,,,0,0,0,0,1,enbart_nedlagd
FR1007,,,,0,0,0,0,1,enbart_nedlagd
FR1008,,,,0,0,0,0,1,enbart_nedlagd
FR1009,,,,0,0,0,0,1,enbart_nedlagd
FR1010,,,,0,0,0,0,1,enbart_nedlagd
FR1011,,,,0,0,0,0,1,enbart_nedlagd
FR1012,,,,0,0,0,0,1,enbart_nedlagd
FR1013,,,,0,0,0,0,1,enbart_nedlagd
FR1014,,,,0,0,0,0,1,enbart_nedlagd
FR1015,,,,0,0,0,0,1,enbart_nedlagd
FR1016,,,,0,0,0,0,1,enbart_nedlagd
FR1017,,,,0,0,0,0,1,enbart_nedlagd
FR1018,,,,0,0,0,0,1,enbart_nedlagd
FR1019,,,,0,0,0,0,1,enbart_nedlagd
FR1020,,,,0,0,0,0,1,enbart_nedlagd
FR1021,,,,0,0,0,0,1,enbart_nedlagd
FR1022,,,,0,0,0,0,1,enbart_nedlagd
FR1023,,,,0,0,0,0,1,enbart_nedlagd
FR1024,,,,0,0,0,0,1,enbart_nedlagd
FR1025,,,,0,0,0,0,1,enbart_nedlagd
FR1026,,,,0,0,0,0,1,enbart_nedlagd
FR1027,,,,0,0,0,0,1,enbart_nedlagd
FR1028,,,,0,0,0,0,1,enbart_nedlagd
FR1029,,,,0,0,0,0,1,enbart_nedlagd
FR1030,,,,0,0,0,0,1,enbart_nedlagd
FR1031,,,,0,0,0,0,1,enbart_nedlagd
FR1032,,,,0,0,0,0,1,enbart_nedlagd
FR1033,,,,0,0,0,0,1,enbart_nedlagd
FR1034,,,,0,0,0,0,1,enbart_nedlagd
FR1035,,,,0,0,0,0,1,enbart_nedlagd
FR1036,,,,0,0,0,0,1,enbart_nedlagd
FR1037,,,,0,0,0,0,1,enbart_nedlagd
FR1038,,,,0,0,0,0,1,enbart_nedlagd
FR1039,,,,0,0,0,0,1,enbart_nedlagd
FR1040,,,,0,0,0,0,1,enbart_nedlagd
FR1041,,,,0,0,0,0,1,enbart_nedlagd
FR1042,,,,0,0,0,0,1,enbart_nedlagd
FR1043,,,,0,0,0,0,1,enbart_nedlagd
FR1044,,,,0,0,0,0,1,enbart_nedlagd
FR1045,,,,0,0,0,0,1,enbart_nedlagd
FR1046,,,,0,0,0,0,1,enbart_nedlagd
FR1047,,,,0,0,0,0,1,enbart_nedlagd
FR1048,,,,0,0,0,0,1,enbart_nedlagd
FR1049,,,,0,0,0,0,1,enbart_nedlagd
FR1050,,,,0,0,0,0,1,enbart_nedlagd
FR1051,,,,0,0,0,0,1,enbart_nedlagd
FR1052,,,,0,0,0,0,1,enbart_nedlagd
FR1053,,,,0,0,0,0,1,enbart_nedlagd
FR1054,,,,0,0,0,0,1,enbart_nedlagd
FR1055,,,,0,0,0,0,1,enbart_nedlagd
FR1056,,,,0,0,0,0,1,enbart_nedlagd
FR1057,,,,0,0,0,0,1,enbart_nedlagd
FR1058,,,,0,0,0,0,1,enbart_nedlagd
FR1059,,,,0,0,0,0,1,enbart_nedlagd
FR1060,,,,0,0,0,0,1,enbart_nedlagd
FR1061,,,,0,0,0,0,1,enbart_nedlagd
FR1062,,,,0,0,0,0,1,enbart_nedlagd
FR1063,,,,0,0,0,0,1,enbart_nedlagd
FR1064,,,,0,0,0,0,1,enbart_nedlagd
FR1065,,,,0,0,0,0,1,enbart_nedlagd
FR1066,,,,0,0,0,0,1,enbart_nedlagd
FR1067,,,,0,0,0,0,1,enbart_nedlagd
FR1068,,,,0,0,0,0,1,enbart_nedlagd
FR1069,,,,0,0,0,0,1,enbart_nedlagd
FR1070,,,,0,0,0,0,1,enbart_nedlagd
FR1071,,,,0,0,0,0,1,enbart_nedlagd
FR1072,,,,0,0,0,0,1,enbart_nedlagd
FR1073,,,,0,0,0,0,1,enbart_nedlagd
FR1074,,,,0,0,0,0,1,enbart_nedlagd
FR1075,,,,0,0,0,0,1,enbart_nedlagd
FR1076,,,,0,0,0,0,1,enbart_nedlagd
FR1077,,,,0,0,0,0,1,enbart_nedlagd
FR1078,,,,0,0,0,0,1,enbart_nedlagd
FR1079,,,,0,0,0,0,1,enbart_nedlagd
FR1080,,,,0,0,0,0,1,enbart_nedlagd
FR1081,,,,0,0,0,0,1,enbart_nedlagd
FR1082,,,,0,0,0,0,1,enbart_nedlagd
FR1083,,,,0,0,0,0,1,enbart_nedlagd
FR1084,,,,0,0,0,0,1,enbart_nedlagd
FR1085,,,,0,0,0,0,1,enbart_nedlagd
FR1086,,,,0,0,0,0,1,enbart_nedlagd
FR1087,,,,0,0,0,0,1,enbart_nedlagd
FR1088,,,,0,0,0,0,1,enbart_nedlagd
FR1089,,,,0,0,0,0,1,enbart_nedlagd
FR1090,,,,0,0,0,0,1,enbart_nedlagd
FR1091,,,,0,0,0,0,1,enbart_nedlagd
FR1092,,,,0,0,0,0,1,enbart_nedlagd
FR1093,,,,0,0,0,0,1,enbart_nedlagd
FR1094,,,,0,0,0,0,1,enbart_nedlagd
FR1095,,,,0,0,0,0,1,enbart_nedlagd
FR1096,,,,0,0,0,0,1,enbart_nedlagd
FR1097,,,,0,0,0,0,1,enbart_nedlagd
FR1098,,,,0,0,0,0,1,enbart_nedlagd
FR1099,,,,0,0,0,0,1,enbart_nedlagd
FR2001,,,,0,0,0,0,1,enbart_nedlagd
FR2002,,,,0,0,0,0,1,enbart_nedlagd
FR2003,,,,0,0,0,0,1,enbart_nedlagd
FR2004,,,,0,0,0,0,1,enbart_nedlagd
FR2005,,,,0,0,0,0,1,enbart_nedlagd
FR2006,,,,0,0,0,0,1,enbart_nedlagd
FR2007,,,,0,0,0,0,1,enbart_nedlagd
FR2008,,,,0,0,0,0,1,enbart_nedlagd
FR2009,,,,0,0,0,0,1,enbart_nedlagd
FR2010,,,,0,0,0,0,1,enbart_nedlagd
FR2011,,,,0,0,0,0,1,enbart_nedlagd
FR2012,,,,0,0,0,0,1,enbart_nedlagd
FR2013,,,,0,0,0,0,1,enbart_nedlagd
FR2014,,,,0,0,0,0,1,enbart_nedlagd
FR2015,,,,0,0,0,0,1,enbart_nedlagd
FR2016,,,,0,0,0,0,1,enbart_nedlagd
FR2017,,,,0,0,0,0,1,enbart_nedlagd
FR2018,,,,0,0,0,0,1,enbart_nedlagd
FR2019,,,,0,0,0,0,1,enbart_nedlagd
FR2020,,,,0,0,0,0,1,enbart_nedlagd
FR2021,,,,0,0,0,0,1,enbart_nedlagd
FR2022,,,,0,0,0,0,1,enbart_nedlagd
FR2023,,,,0,0,0,0,1,enbart_nedlagd
FR2024,,,,0,0,0,0,1,enbart_nedlagd
FR2025,,,,0,0,0,0,1,enbart_nedlagd
FR2026,,,,0,0,0,0,1,enbart_nedlagd
FR2027,,,,0,0,0,0,1,enbart_nedlagd
FR2028,,,,0,0,0,0,1,enbart_nedlagd
FR2029,,,,0,0,0,0,1,enbart_nedlagd
FR2030,,,,0,0,0,0,1,enbart_nedlagd
FR2031,,,,0,0,0,0,1,enbart_nedlagd
FR2032,,,,0,0,0,0,1,enbart_nedlagd
FR2033,,,,0,0,0,0,1,enbart_nedlagd
FR2034,,,,0,0,0,0,1,enbart_nedlagd
FR2035,,,,0,0,0,0,1,enbart_nedlagd
FR3001,,,,0,0,0,0,1,enbart_nedlagd
FR3002,,,,0,0,0,0,1,enbart_nedlagd
FR3003,,,,0,0,0,0,1,enbart_nedlagd
FR3004,,,,0,0,0,0,1,enbart_nedlagd
FR3005,,,,0,0,0,0,1,enbart_nedlagd
FR3006,,,,0,0,0,0,1,enbart_nedlagd
FR3007,,,,0,0,0,0,1,enbart_nedlagd
FR3008,,,,0,0,0,0,1,enbart_nedlagd
FR3009,,,,0,0,0,0,1,enbart_nedlagd
FR3010,,,,0,0,0,0,1,enbart_nedlagd
FR3011,,,,0,0,0,0,1,enbart_nedlagd
FR3012,,,,0,0,0,0,1,enbart_nedlagd
FR3013,,,,0,0,0,0,1,enbart_nedlagd
FR3014,,,,0,0,0,0,1,enbart_nedlagd
FR3015,,,,0,0,0,0,1,enbart_nedlagd
FR3016,,,,0,0,0,0,1,enbart_nedlagd
FR3017,,,,0,0,0,0,1,enbart_nedlagd
FR3018,,,,0,0,0,0,1,enbart_nedlagd
FR3019,,,,0,0,0,0,1,enbart_nedlagd
FR3020,,,,0,0,0,0,1,enbart_nedlagd
FR3021,,,,0,0,0,0,1,enbart_nedlagd
FR3022,Franska: Magisterexamensarbete,ISLL,FRA,1,0,1,1,0,triangulerad
FR3023,,,,0,0,0,0,1,enbart_nedlagd
FRA016,,,,0,0,0,0,1,enbart_nedlagd
FRA019,,,,0,0,0,0,1,enbart_nedlagd
FRA020,,,,0,0,0,0,1,enbart_nedlagd
FRA021,,,,0,0,0,0,1,enbart_nedlagd
FRA022,,,,0,0,0,0,1,enbart_nedlagd
FRA023,,,,0,0,0,0,1,enbart_nedlagd
FRA024,,,,0,0,0,0,1,enbart_nedlagd
FRA025,,,,0,0,0,0,1,enbart_nedlagd
FRA026,,,,0,0,0,0,1,enbart_nedlagd
FRA028,,,,0,0,0,0,1,enbart_nedlagd
FRA029,,,,0,0,0,0,1,enbart_nedlagd
FRA030,,,,0,0,0,0,1,enbart_nedlagd
FRA031,,,,0,0,0,0,1,enbart_nedlagd
FRA032,,,,0,0,0,0,1,enbart_nedlagd
FRA033,,,,0,0,0,0,1,enbart_nedlagd
FRA034,,,,0,0,0,0,1,enbart_nedlagd
FRA035,,,,0,0,0,0,1,enbart_nedlagd
FRB006,,,,0,0,0,0,1,enbart_nedlagd
FRB007,,,,0,0,0,0,1,enbart_nedlagd
FRB008,,,,0,0,0,0,1,enbart_nedlagd
FRB009,,,,0,0,0,0,1,enbart_nedlagd
FRB010,,,,0,0,0,0,1,enbart_nedlagd
FRB011,,,,0,0,0,0,1,enbart_nedlagd
FRB012,,,,0,0,0,0,1,enbart_nedlagd
FRC001,,,,0,0,0,0,1,enbart_nedlagd
FRX001,,,,0,0,0,0,1,enbart_nedlagd
FRX004,,,,0,0,0,0,1,enbart_nedlagd
FRX005,,,,0,0,0,0,1,enbart_nedlagd
FRX006,,,,0,0,0,0,1,enbart_nedlagd
FVV222H,Allmänvetenskaplig introduktionskurs,IHV,VÅRDVETS,0,1,1,1,0,triangulerad
FY0001,,,,0,0,0,0,1,enbart_nedlagd
FY0002,,,,0,0,0,0,1,enbart_nedlagd
FY0003,,,,0,0,0,0,1,enbart_nedlagd
FY0004,,,,0,0,0,0,1,enbart_nedlagd
FY0005,,,,0,0,0,0,1,enbart_nedlagd
FY0006,,,,0,0,0,0,1,enbart_nedlagd
FY0007,,,,0,0,0,0,1,enbart_nedlagd
FY0008,,,,0,0,0,0,1,enbart_nedlagd
FY1001,,,,0,0,0,0,1,enbart_nedlagd
FY1002,,,,0,0,0,0,1,enbart_nedlagd
FY1003,,,,0,0,0,0,1,enbart_nedlagd
FY1004,,,,0,0,0,0,1,enbart_nedlagd
FY1005,,,,0,0,0,0,1,enbart_nedlagd
FY1006,,,,0,0,0,0,1,enbart_nedlagd
FY1007,,,,0,0,0,0,1,enbart_nedlagd
FY1008,,,,0,0,0,0,1,enbart_nedlagd
FY1009,,,,0,0,0,0,1,enbart_nedlagd
FY1010,,,,0,0,0,0,1,enbart_nedlagd
FY1011,,,,0,0,0,0,1,enbart_nedlagd
FY1012,,,,0,0,0,0,1,enbart_nedlagd
FY1013,,,,0,0,0,0,1,enbart_nedlagd
FY1014,,,,0,0,0,0,1,enbart_nedlagd
FY1015,,,,0,0,0,0,1,enbart_nedlagd
FY1016,,,,0,0,0,0,1,enbart_nedlagd
FY1017,,,,0,0,0,0,1,enbart_nedlagd
FY1018,Termodynamik,IIT,FYA,1,0,1,1,0,triangulerad
FYA006,,,,0,0,0,0,1,enbart_nedlagd
FYA011,,,,0,0,0,0,1,enbart_nedlagd
FYA012,,,,0,0,0,0,1,enbart_nedlagd
FYA015,,,,0,0,0,0,1,enbart_nedlagd
FYA022,,,,0,0,0,0,1,enbart_nedlagd
FYA025,,,,0,0,0,0,1,enbart_nedlagd
FYA028,,,,0,0,0,0,1,enbart_nedlagd
FYB017,,,,0,0,0,0,1,enbart_nedlagd
FYX003,,,,0,0,0,0,1,enbart_nedlagd
FYX004,,,,0,0,0,0,1,enbart_nedlagd
FYX005,,,,0,0,0,0,1,enbart_nedlagd
FYX006,,,,0,0,0,0,1,enbart_nedlagd
FYX007,,,,0,0,0,0,1,enbart_nedlagd
FYX008,,,,0,0,0,0,1,enbart_nedlagd
FYX009,,,,0,0,0,0,1,enbart_nedlagd
FÖ1001,,,,0,0,0,0,1,enbart_nedlagd
FÖ1002,,,,0,0,0,0,1,enbart_nedlagd
FÖ1003,,,,0,0,0,0,1,enbart_nedlagd
FÖ1004,,,,0,0,0,0,1,enbart_nedlagd
FÖ1005,,,,0,0,0,0,1,enbart_nedlagd
FÖ1006,,,,0,0,0,0,1,enbart_nedlagd
FÖ1007,,,,0,0,0,0,1,enbart_nedlagd
FÖ1008,,,,0,0,0,0,1,enbart_nedlagd
FÖ1009,,,,0,0,0,0,1,enbart_nedlagd
FÖ1010,,,,0,0,0,0,1,enbart_nedlagd
FÖ1011,,,,0,0,0,0,1,enbart_nedlagd
FÖ1012,,,,0,0,0,0,1,enbart_nedlagd
FÖ1013,,,,0,0,0,0,1,enbart_nedlagd
FÖ1014,,,,0,0,0,0,1,enbart_nedlagd
FÖ1015,,,,0,0,0,0,1,enbart_nedlagd
FÖ1016,,,,0,0,0,0,1,enbart_nedlagd
FÖ1017,,,,0,0,0,0,1,enbart_nedlagd
FÖ1018,,,,0,0,0,0,1,enbart_nedlagd
FÖ1019,,,,0,0,0,0,1,enbart_nedlagd
FÖ1020,,,,0,0,0,0,1,enbart_nedlagd
FÖ1021,,,,0,0,0,0,1,enbart_nedlagd
FÖ1022,,,,0,0,0,0,1,enbart_nedlagd
FÖ1023,,,,0,0,0,0,1,enbart_nedlagd
FÖ1024,,,,0,0,0,0,1,enbart_nedlagd
FÖ1025,,,,0,0,0,0,1,enbart_nedlagd
FÖ1026,,,,0,0,0,0,1,enbart_nedlagd
FÖ1027,,,,0,0,0,0,1,enbart_nedlagd
FÖ1028,,,,0,0,0,0,1,enbart_nedlagd
FÖ1029,,,,0,0,0,0,1,enbart_nedlagd
FÖ1030,,,,0,0,0,0,1,enbart_nedlagd
FÖ1031,,,,0,0,0,0,1,enbart_nedlagd
FÖ1032,,,,0,0,0,0,1,enbart_nedlagd
FÖ1033,,,,0,0,0,0,1,enbart_nedlagd
FÖ1034,,,,0,0,0,0,1,enbart_nedlagd
FÖ1035,,,,0,0,0,0,1,enbart_nedlagd
FÖ1036,,,,0,0,0,0,1,enbart_nedlagd
FÖ1037,,,,0,0,0,0,1,enbart_nedlagd
FÖ1038,,,,0,0,0,0,1,enbart_nedlagd
FÖ1039,,,,0,0,0,0,1,enbart_nedlagd
FÖ1040,,,,0,0,0,0,1,enbart_nedlagd
FÖ1041,Marknadsföring B,IKS,FÖA,1,0,1,1,0,triangulerad
FÖ1042,Organisation B,IKS,FÖA,1,0,1,1,0,triangulerad
FÖ1043,,,,0,0,0,0,1,enbart_nedlagd
FÖ1044,,,,0,0,0,0,1,enbart_nedlagd
FÖ1045,,,,0,0,0,0,1,enbart_nedlagd
FÖ1046,,,,0,0,0,0,1,enbart_nedlagd
FÖ1047,,,,0,0,0,0,1,enbart_nedlagd
FÖ1048,,,,0,0,0,0,1,enbart_nedlagd
FÖ1049,,,,0,0,0,0,1,enbart_nedlagd
FÖ1050,,,,0,0,0,0,1,enbart_nedlagd
FÖ1051,,,,0,0,0,0,1,enbart_nedlagd
FÖ1052,,,,0,0,0,0,1,enbart_nedlagd
FÖ1053,,,,0,0,0,0,1,enbart_nedlagd
FÖ1054,,,,0,0,0,0,1,enbart_nedlagd
FÖ1055,,,,0,0,0,0,1,enbart_nedlagd
FÖ1056,,,,0,0,0,0,1,enbart_nedlagd
FÖ1057,,,,0,0,0,0,1,enbart_nedlagd
FÖ1058,,,,0,0,0,0,1,enbart_nedlagd
FÖ1059,,,,0,0,0,0,1,enbart_nedlagd
FÖ1060,,,,0,0,0,0,1,enbart_nedlagd
FÖ1061,,,,0,0,0,0,1,enbart_nedlagd
FÖ1062,,,,0,0,0,0,1,enbart_nedlagd
FÖ1063,,,,0,0,0,0,1,enbart_nedlagd
FÖ1064,,,,0,0,0,0,1,enbart_nedlagd
FÖ1065,,,,0,0,0,0,1,enbart_nedlagd
FÖ1066,,,,0,0,0,0,1,enbart_nedlagd
FÖ1067,,,,0,0,0,0,1,enbart_nedlagd
FÖ1068,,,,0,0,0,0,1,enbart_nedlagd
FÖ1069,,,,0,0,0,0,1,enbart_nedlagd
FÖ1070,,,,0,0,0,0,1,enbart_nedlagd
FÖ1071,,,,0,0,0,0,1,enbart_nedlagd
FÖ2001,,,,0,0,0,0,1,enbart_nedlagd
FÖ2002,,,,0,0,0,0,1,enbart_nedlagd
FÖ2003,,,,0,0,0,0,1,enbart_nedlagd
FÖ2004,,,,0,0,0,0,1,enbart_nedlagd
FÖ2005,,,,0,0,0,0,1,enbart_nedlagd
FÖ2006,,,,0,0,0,0,1,enbart_nedlagd
FÖ2007,,,,0,0,0,0,1,enbart_nedlagd
FÖ2008,,,,0,0,0,0,1,enbart_nedlagd
FÖ2009,,,,0,0,0,0,1,enbart_nedlagd
FÖ2010,,,,0,0,0,0,1,enbart_nedlagd
FÖ2011,,,,0,0,0,0,1,enbart_nedlagd
FÖ2012,,,,0,0,0,0,1,enbart_nedlagd
FÖ2013,,,,0,0,0,0,1,enbart_nedlagd
FÖ2014,,,,0,0,0,0,1,enbart_nedlagd
FÖ2015,,,,0,0,0,0,1,enbart_nedlagd
FÖ2016,,,,0,0,0,0,1,enbart_nedlagd
FÖ2017,,,,0,0,0,0,1,enbart_nedlagd
FÖ2018,,,,0,0,0,0,1,enbart_nedlagd
FÖ2019,,,,0,0,0,0,1,enbart_nedlagd
FÖ2020,,,,0,0,0,0,1,enbart_nedlagd
FÖ2021,,,,0,0,0,0,1,enbart_nedlagd
FÖ2022,,,,0,0,0,0,1,enbart_nedlagd
FÖ2023,,,,0,0,0,0,1,enbart_nedlagd
FÖ2024,Human Resource Management,IKS,FÖA,1,0,1,1,0,triangulerad
FÖ2025,,,,0,0,0,0,1,enbart_nedlagd
FÖ2026,Organisationsförändring och ledarskap,IKS,FÖA,1,0,1,1,0,triangulerad
FÖ2027,,,,0,0,0,0,1,enbart_nedlagd
FÖ2028,,,,0,0,0,0,1,enbart_nedlagd
FÖ2029,,,,0,0,0,0,1,enbart_nedlagd
FÖ2030,,,,0,0,0,0,1,enbart_nedlagd
FÖ2031,,,,0,0,0,0,1,enbart_nedlagd
FÖ2032,Ledning och marknadsföring i tjänsteföretag,IKS,FÖA,1,0,1,1,0,triangulerad
FÖ2033,,,,0,0,0,0,1,enbart_nedlagd
FÖ3001,,,,0,0,0,0,1,enbart_nedlagd
FÖ3002,,,,0,0,0,0,1,enbart_nedlagd
FÖ3003,,,,0,0,0,0,1,enbart_nedlagd
FÖ3004,,,,0,0,0,0,1,enbart_nedlagd
FÖ3005,,,,0,0,0,0,1,enbart_nedlagd
FÖ3006,,,,0,0,0,0,1,enbart_nedlagd
FÖ3007,,,,0,0,0,0,1,enbart_nedlagd
FÖ3008,,,,0,0,0,0,1,enbart_nedlagd
FÖ3009,,,,0,0,0,0,1,enbart_nedlagd
FÖ3010,,,,0,0,0,0,1,enbart_nedlagd
FÖ3011,,,,0,0,0,0,1,enbart_nedlagd
FÖ3013,,,,0,0,0,0,1,enbart_nedlagd
FÖ3014,,,,0,0,0,0,1,enbart_nedlagd
FÖ3015,,,,0,0,0,0,1,enbart_nedlagd
FÖ3016,,,,0,0,0,0,1,enbart_nedlagd
FÖ3017,,,,0,0,0,0,1,enbart_nedlagd
FÖ3018,,,,0,0,0,0,1,enbart_nedlagd
FÖ3019,,,,0,0,0,0,1,enbart_nedlagd
FÖ3020,,,,0,0,0,0,1,enbart_nedlagd
FÖ3021,,,,0,0,0,0,1,enbart_nedlagd
FÖ3022,,,,0,0,0,0,1,enbart_nedlagd
FÖ3023,,,,0,0,0,0,1,enbart_nedlagd
FÖ3024,,,,0,0,0,0,1,enbart_nedlagd
FÖ3025,,,,0,0,0,0,1,enbart_nedlagd
FÖ3026,,,,0,0,0,0,1,enbart_nedlagd
FÖ3027,,,,0,0,0,0,1,enbart_nedlagd
FÖ3028,,,,0,0,0,0,1,enbart_nedlagd
FÖ3029,,,,0,0,0,0,1,enbart_nedlagd
FÖ3030,,,,0,0,0,0,1,enbart_nedlagd
FÖ3031,,,,0,0,0,0,1,enbart_nedlagd
FÖ3032,Redovisning och styrning av internationellt verksamma företag,IKS,FÖA,1,0,1,1,0,triangulerad
FÖ3033,,,,0,0,0,0,1,enbart_nedlagd
FÖ3034,Knowledge Management,IKS,FÖA,1,0,1,1,0,triangulerad
FÖ3035,Marknadsföring av platser och destinationer,IKS,FÖA,1,0,1,1,0,triangulerad
FÖ3036,Internationell handel och marknadsföring,IKS,FÖA,1,0,1,1,0,triangulerad
FÖ3037,,,,0,0,0,0,1,enbart_nedlagd
FÖ3038,,,,0,0,0,0,1,enbart_nedlagd
FÖ3039,,,,0,0,0,0,1,enbart_nedlagd
FÖ3040,Studier i International Human Resource Management,IKS,FÖA,1,0,1,1,0,triangulerad
FÖ3041,,,,0,0,0,0,1,enbart_nedlagd
FÖ3042,Företagens samhällsansvar i ett internationellt perspektiv,IKS,FÖA,1,0,1,1,0,triangulerad
FÖ3043,"Forskningsdesign, vetenskapsteori och metod",IKS,FÖA,1,0,1,1,0,triangulerad
GAB24E,Att vara ledare,IKS,ABA,1,0,1,1,0,triangulerad
GAB24F,Arbetsmiljöarbete - i praktiken,IKS,ABA,1,0,1,1,0,triangulerad
GAB26D,Ny som chef,IKS,ABA,1,0,1,1,0,triangulerad
GAB2AJ,Att vara ledare,IKS,ABA,1,0,1,1,0,triangulerad
GAB2CC,Ny som ledare,IKS,ABA,1,0,1,1,0,triangulerad
GAB2NS,,,,0,0,0,0,1,enbart_nedlagd
GAB2P6,Professionell distanskommunikation,IKS,ABA,1,0,1,1,0,triangulerad
GAB2S5,Arbetsmiljö,IKS,ABA,1,0,1,1,0,triangulerad
GAB2TR,Förståelse och förhållningssätt för främjande av utvecklingsprocesser,IKS,ABA,1,0,1,1,0,triangulerad
GAB2XT,,,,0,0,0,0,1,enbart_nedlagd
GAB358,Styrsystem och utveckling i socialtjänst/omsorg,IKS,ABA,1,0,1,1,0,triangulerad
GAB3AK,Kommunal styrning och förändringsarbete,IKS,ABA,1,0,1,1,0,triangulerad
GAB3AL,Ledarskapets juridik,IKS,ABA,1,0,1,1,0,triangulerad
GAB3FZ,"Hållbart arbetsliv, personalarbete och vetenskap",IKS,ABA,1,0,1,1,0,triangulerad
GAB3G2,Kompetensförsörjning,IKS,ABA,1,0,1,1,0,triangulerad
GAB3G3,Motivation och lärande,IKS,ABA,1,0,1,1,0,triangulerad
GAB3H4,Arbetsmarknad,IKS,ABA,1,0,1,1,0,triangulerad
GAB3H5,Arbetsmiljökunskap,IKS,ABA,1,0,1,1,0,triangulerad
GAB3H6,Arbetsorganisation,IKS,ABA,1,0,1,1,0,triangulerad
GAB3H7,Kvalitativ och kvantitativ metod,IKS,ABA,1,0,1,1,0,triangulerad
GAB3HQ,Personalarbete - med praktik,IKS,ABA,1,0,1,1,0,triangulerad
GAB3HR,Personalarbete - med case,IKS,ABA,1,0,1,1,0,triangulerad
GAB3HS,Ledarskapets roll och förutsättningar,IKS,ABA,1,0,1,1,0,triangulerad
GAB3HV,Hållbar utveckling i personalarbetets praktik,IKS,ABA,1,0,1,1,0,triangulerad
GAR2G9,,,,0,0,0,0,1,enbart_nedlagd
GAR2GA,,,,0,0,0,0,1,enbart_nedlagd
GAR2HR,Arabisk barnlitteratur,ISLL,ARA,1,0,1,1,0,triangulerad
GAR2HS,Modern arabisk poesi,ISLL,ARA,1,0,1,1,0,triangulerad
GAR2MR,,,,0,0,0,0,1,enbart_nedlagd
GAR2SP,,,,0,0,0,0,1,enbart_nedlagd
GAR2SQ,Modern arabisk litteratur,ISLL,ARA,1,0,1,1,0,triangulerad
GAR2VU,Arabiska: Att skriva akademiskt,ISLL,ARA,1,0,1,1,0,triangulerad
GAR34X,Arabiska I,ISLL,ARA,1,0,1,1,0,triangulerad
GAR38K,Arabiska II,ISLL,ARA,1,0,1,1,0,triangulerad
GAR38L,Arabiska III,ISLL,ARA,1,0,1,1,0,triangulerad
GAR38M,Arabiska IV,ISLL,ARA,1,0,1,1,0,triangulerad
GAR38N,Arabiska V,ISLL,ARA,1,0,1,1,0,triangulerad
GAR39K,Modern arabisk ungdomslitteratur,ISLL,ARA,1,0,1,1,0,triangulerad
GAR39L,Modern arabisk litteratur: social och politisk förändring,ISLL,ARA,1,0,1,1,0,triangulerad
GAR39M,Ekokritik och miljöaspekter i arabisk litteratur,ISLL,ARA,1,0,1,1,0,triangulerad
GBP24M,,,,0,0,0,0,1,enbart_nedlagd
GBP24N,,,,0,0,0,0,1,enbart_nedlagd
GBP24P,,,,0,0,0,0,1,enbart_nedlagd
GBP277,,,,0,0,0,0,1,enbart_nedlagd
GBP294,,,,0,0,0,0,1,enbart_nedlagd
GBP2DA,,,,0,0,0,0,1,enbart_nedlagd
GBP2GD,,,,0,0,0,0,1,enbart_nedlagd
GBP2J6,,,,0,0,0,0,1,enbart_nedlagd
GBP2L5,,,,0,0,0,0,1,enbart_nedlagd
GBP2L6,,,,0,0,0,0,1,enbart_nedlagd
GBP2MV,,,,0,0,0,0,1,enbart_nedlagd
GBP2MW,,,,0,0,0,0,1,enbart_nedlagd
GBP2Q7,,,,0,0,0,0,1,enbart_nedlagd
GBP2Q8,,,,0,0,0,0,1,enbart_nedlagd
GBP2RP,,,,0,0,0,0,1,enbart_nedlagd
GBP2TU,,,,0,0,0,0,1,enbart_nedlagd
GBP32T,,,,0,0,0,0,1,enbart_nedlagd
GBP32U,"Bild för grundlärare, årskurs 4-6",IKS,BIL,1,0,1,1,0,triangulerad
GBP32V,"Bild i grundskolans tidigare år, del A",IKS,BIL,1,0,1,1,0,triangulerad
GBP32W,Bild I med didaktisk inriktning,IKS,BIL,1,0,1,1,0,triangulerad
GBP34H,Bild II med didaktisk inriktning,IKS,BIL,1,0,1,1,0,triangulerad
GBP365,Bild III med didaktisk inriktning för gymnasieskolan,IKS,BIL,1,0,1,1,0,triangulerad
GBP3BB,Fotografiskt bildskapande A,IKS,BIL,1,0,1,1,0,triangulerad
GBP3BC,Fotografiskt bildskapande B,IKS,BIL,1,0,1,1,0,triangulerad
GBQ22U,Kvalificerad filmproduktion,IKS,BPO,1,0,1,1,0,triangulerad
GBQ24C,Berätta med film om kulturarv och historia,IKS,BPO,1,0,1,1,0,triangulerad
GBQ272,,,,0,0,0,0,1,enbart_nedlagd
GBQ273,,,,0,0,0,0,1,enbart_nedlagd
GBQ274,,,,0,0,0,0,1,enbart_nedlagd
GBQ275,,,,0,0,0,0,1,enbart_nedlagd
GBQ27K,Manus för TV och film 1. Filmberättandets grundelement och gestaltning,IKS,BPO,1,0,1,1,0,triangulerad
GBQ29D,"Flerkameraproduktion, fördjupning",IKS,BPO,1,0,1,1,0,triangulerad
GBQ29E,Exponeringsprojekt i bildproduktion,IKS,BPO,1,0,1,1,0,triangulerad
GBQ2AY,Digital efterbearbetning av ljud och bild,IKS,BPO,1,0,1,1,0,triangulerad
GBQ2AZ,Ljussättning och färgkorrigering inom filmdesign,IKS,BPO,1,0,1,1,0,triangulerad
GBQ2EB,"Fakta, fiktion och flerkameraproduktion",IKS,BPO,1,0,1,1,0,triangulerad
GBQ2EC,Fortsätt berätta med film om kulturarv och historia,IKS,BPO,1,0,1,1,0,triangulerad
GBQ2GJ,,,,0,0,0,0,1,enbart_nedlagd
GBQ2HC,Introduktion till produktion av rörlig bild för Manus för film och TV,IKS,BPO,1,0,1,1,0,triangulerad
GBQ2HD,Grunderna i filmproduktion för Manus för film och TV,IKS,BPO,1,0,1,1,0,triangulerad
GBQ2MT,Dokumentärfilmproduktion,IKS,BPO,1,0,1,1,0,triangulerad
GBQ2NH,Projektplanering och användarperspektiv,IKS,BPO,1,0,1,1,0,triangulerad
GBQ2NJ,Konceptutveckling inom medieproduktion för Bildproduktion,IKS,BPO,1,0,1,1,0,triangulerad
GBQ2NM,Vetenskapsteori och metod i Bildproduktion,IKS,BPO,1,0,1,1,0,triangulerad
GBQ2NP,Kandidatexamensarbete i Bildproduktion,IKS,BPO,1,0,1,1,0,triangulerad
GBQ2QB,Kvalificerat filmmanusprojekt,IKS,BPO,1,0,1,1,0,triangulerad
GBQ2U2,Vetenskapsteori och metod i bildproduktion,IKS,BPO,1,0,1,1,0,triangulerad
GBQ2U3,Människan och den rörliga bilden,IKS,BPO,1,0,1,1,0,triangulerad
GBQ2U4,Informationsfilmsproduktion,IKS,BPO,1,0,1,1,0,triangulerad
GBQ2U5,Kvalificerad filmdesign i transmedia,IKS,BPO,1,0,1,1,0,triangulerad
GBQ2U6,Projektplanering och användarperspektiv,IKS,BPO,1,0,1,1,0,triangulerad
GBQ2U7,Tillämpad filmdesign 1,IKS,BPO,1,0,1,1,0,triangulerad
GBQ2U8,Den korta filmens berättarstruktur,IKS,BPO,1,0,1,1,0,triangulerad
GBQ2U9,Kandidatexamensarbete i Bildproduktion,IKS,BPO,1,0,1,1,0,triangulerad
GBQ2UB,Introduktion till produktion av rörlig bild,IKS,BPO,1,0,1,1,0,triangulerad
GBQ2UD,Exponeringsprojekt i bildproduktion,IKS,BPO,1,0,1,1,0,triangulerad
GBQ2UN,Filmanalys och gestaltning,IKS,BPO,1,0,1,1,0,triangulerad
GBQ2WF,,,,0,0,0,0,1,enbart_nedlagd
GBQ2WG,Audiovisuell information och etik,IKS,BPO,1,0,1,1,0,triangulerad
GBQ2WH,Tillämpad filmdesign 2,IKS,BPO,1,0,1,1,0,triangulerad
GBQ2WJ,Reklamfilmsproduktion,IKS,BPO,1,0,1,1,0,triangulerad
GBQ2WK,Ljussättning och färgkorrigering inom filmdesign,IKS,BPO,1,0,1,1,0,triangulerad
GBQ2XC,Manus för TV och film 3. Dialog i audiovisuella medier,IKS,BPO,1,0,1,1,0,triangulerad
GBQ2XD,Ljudinspelning och ljudläggning inom filmdesign,IKS,BPO,1,0,1,1,0,triangulerad
GBQ35K,Berätta med film om kulturarv och historia,IKS,BPO,1,0,1,1,0,triangulerad
GBQ36D,Kvalificerad filmproduktion,IKS,BPO,1,0,1,1,0,triangulerad
GBQ36E,Arbetsplatsförlagd bildproduktion,IKS,BPO,1,0,1,1,0,triangulerad
GBQ36K,"Flerkameraproduktion, fördjupning",IKS,BPO,1,0,1,1,0,triangulerad
GBQ38V,Introduktion till redigering av rörliga bilder med Media Composer,IKS,BPO,1,0,1,1,0,triangulerad
GBQ38W,Fördjupning i redigering av rörliga bilder med Media Composer,IKS,BPO,1,0,1,1,0,triangulerad
GBQ38X,Fortsätt berätta med film om kulturarv och historia,IKS,BPO,1,0,1,1,0,triangulerad
GBQ3A5,Grunderna i filmproduktion,IKS,BPO,1,0,1,1,0,triangulerad
GBQ3A6,Konceptutveckling för korta filmer,IKS,BPO,1,0,1,1,0,triangulerad
GBQ3A7,"Star Wars: Film, myter och världar",IKS,BPO,1,0,1,1,0,triangulerad
GBQ3A8,Kreativt skrivande,IKS,BPO,1,0,1,1,0,triangulerad
GBQ3A9,Introduktion till att skriva filmadaption,IKS,BPO,1,0,1,1,0,triangulerad
GBQ3AA,Filmhistoria: En introduktion,IKS,BPO,1,0,1,1,0,triangulerad
GBQ3AV,Content för sociala medier,IKS,BPO,1,0,1,1,0,triangulerad
GBQ3AW,Explainers med rörlig grafik,IKS,BPO,1,0,1,1,0,triangulerad
GBQ3FG,Kreativt skrivande,IKS,BPO,1,0,1,1,0,triangulerad
GBY229,,,,0,0,0,0,1,enbart_nedlagd
GBY22S,,,,0,0,0,0,1,enbart_nedlagd
GBY24K,,,,0,0,0,0,1,enbart_nedlagd
GBY292,,,,0,0,0,0,1,enbart_nedlagd
GBY29M,,,,0,0,0,0,1,enbart_nedlagd
GBY2F3,,,,0,0,0,0,1,enbart_nedlagd
GBY2GB,Digitala ritverktyg,IIT,BYA,1,0,1,1,0,triangulerad
GBY2GC,BIM i byggprocessen,IIT,BYA,1,0,1,1,0,triangulerad
GBY2GR,Fysisk planering I – detaljplanering och samhällsbyggandets grunder,IIT,BYA,1,0,1,1,0,triangulerad
GBY2J2,Husbyggnadsprojekt I - Små byggnader och bostadsområden,IIT,BYA,1,0,1,1,0,triangulerad
GBY2MA,Byggprojektering,IIT,BYA,1,0,1,1,0,triangulerad
GBY2MB,Projektmetodik,IIT,BYA,1,0,1,1,0,triangulerad
GBY2ME,Husbyggnadssystem,IIT,BYA,1,0,1,1,0,triangulerad
GBY2NB,,,,0,0,0,0,1,enbart_nedlagd
GBY2NF,Byggkonstruktioner,IIT,BYA,1,0,1,1,0,triangulerad
GBY2NG,Byggplanering och arbetsmiljö,IIT,BYA,1,0,1,1,0,triangulerad
GBY2RN,Installationsteknik,IIT,BYA,1,0,1,1,0,triangulerad
GBY2RW,,,,0,0,0,0,1,enbart_nedlagd
GBY2RX,Fastighetsförvaltning,IIT,BYA,1,0,1,1,0,triangulerad
GBY2V5,Byggproduktion och arbetsmiljö,IIT,BYA,1,0,1,1,0,triangulerad
GBY2V6,Arbetsplatsförlagd utbildning,IIT,BYA,1,0,1,1,0,triangulerad
GBY2V7,,,,0,0,0,0,1,enbart_nedlagd
GBY2V8,Konstruktionsteknik trä och stål,IIT,BYA,1,0,1,1,0,triangulerad
GBY2V9,,,,0,0,0,0,1,enbart_nedlagd
GBY2VR,Hållbar utveckling,IIT,BYA,1,0,1,1,0,triangulerad
GBY2XF,Husbyggnadsprojekt II – Byggprojekt stora byggnader,IIT,BYA,1,0,1,1,0,triangulerad
GBY33L,Byggd miljö,IIT,BYA,1,0,1,1,0,triangulerad
GBY342,Bygg - CAD fortsättningskurs,IIT,BYA,1,0,1,1,0,triangulerad
GBY34B,Vägplanering,IIT,BYA,1,0,1,1,0,triangulerad
GBY34M,Examensarbete inom byggteknik för högskoleexamen,IIT,BYA,1,0,1,1,0,triangulerad
GBY34N,Examensarbete i byggteknik för högskoleingenjörsexamen,IIT,BYA,1,0,1,1,0,triangulerad
GBY36S,En introduktion till byggprocessen,IIT,BYA,1,0,1,1,0,triangulerad
GBY37D,Byggstatik och hållfasthetslära,IIT,BYA,1,0,1,1,0,triangulerad
GBY38D,Geoteknik och konstruktionsteknik betong,IIT,BYA,1,0,1,1,0,triangulerad
GBY38E,Installationsteknik och dimensionering,IIT,BYA,1,0,1,1,0,triangulerad
GBY3AX,Husbyggnadsprojekt III - Byggkonstruktionsprojekt,IIT,BYA,1,0,1,1,0,triangulerad
GBY3DW,Resurseffektivt byggande,IIT,BYA,1,0,1,1,0,triangulerad
GBY3DX,Väg- och trafikplanering,IIT,BYA,1,0,1,1,0,triangulerad
GDT28X,,,,0,0,0,0,1,enbart_nedlagd
GDT28Y,,,,0,0,0,0,1,enbart_nedlagd
GDT2AN,,,,0,0,0,0,1,enbart_nedlagd
GDT2JM,Datakommunikation 1,IIT,DTA,1,0,1,1,0,triangulerad
GDT2JN,Datakommunikation 2,IIT,DTA,1,0,1,1,0,triangulerad
GDT2KB,,,,0,0,0,0,1,enbart_nedlagd
GDT2Y3,,,,0,0,0,0,1,enbart_nedlagd
GDT34Z,Nätverkssäkerhet och systemadministration,IIT,DTA,1,0,1,1,0,triangulerad
GDT3CR,Etisk hackning,IIT,DTA,1,0,1,1,0,triangulerad
GEG26G,,,,0,0,0,0,1,enbart_nedlagd
GEG26J,Vetenskaplig kommunikation,IIT,MÖY,1,0,1,1,0,triangulerad
GEG29L,,,,0,0,0,0,1,enbart_nedlagd
GEG2CW,,,,0,0,0,0,1,enbart_nedlagd
GEG2G7,,,,0,0,0,0,1,enbart_nedlagd
GEG2JP,"Utvecklingsprojekt, tillverkning av en solfångare",IIT,MÖY,1,0,1,1,0,triangulerad
GEG2JT,,,,0,0,0,0,1,enbart_nedlagd
GEG2QM,,,,0,0,0,0,1,enbart_nedlagd
GEG2UE,Energieffektivisering,IIT,MÖY,1,0,1,1,0,triangulerad
GEG2UL,Förnybar kraftgenerering,IIT,MÖY,1,0,1,1,0,triangulerad
GEG2ZQ,Solenergi,IIT,MÖY,1,0,1,1,0,triangulerad
GEG2ZR,Introduktion till hållbara energisystem,IIT,MÖY,1,0,1,1,0,triangulerad
GEG33A,Installation av solcellssystem,IIT,MÖY,1,0,1,1,0,triangulerad
GEG33B,Installation av solcellsanläggningar,IIT,MÖY,1,0,1,1,0,triangulerad
GEG38F,Grundläggande energiteknik,IIT,MÖY,1,0,1,1,0,triangulerad
GEG39Y,Elkraftteknik,IIT,MÖY,1,0,1,1,0,triangulerad
GEG39Z,Aktiva elnät,IIT,MÖY,1,0,1,1,0,triangulerad
GEG3A2,Solel (grundnivå),IIT,MÖY,1,0,1,1,0,triangulerad
GEG3BX,Elektriska maskiner,IIT,MÖY,1,0,1,1,0,triangulerad
GEG3DT,Hållbara energisystem,IIT,MÖY,1,0,1,1,0,triangulerad
GEG3DU,Kraftvärmesystem,IIT,MÖY,1,0,1,1,0,triangulerad
GEG3DV,Förnybar Energiteknik,IIT,MÖY,1,0,1,1,0,triangulerad
GEG3FM,Vetenskaplig metodik och kommunikation,IIT,MÖY,1,0,1,1,0,triangulerad
GEG3FY,Praktik inom energiteknik,IIT,MÖY,1,0,1,1,0,triangulerad
GEN222,"Engelska för lärare, 45 hp (1-45 hp), åk 7-9 - ingår i Lärarlyftet II",ISLL,ENA,1,0,1,1,0,triangulerad
GEN28Q,Engelska III med didaktisk inriktning för gymnasieskolan,ISLL,ENA,1,0,1,1,0,triangulerad
GEN2BJ,Engelska för grundlärare F-3,ISLL,ENA,1,0,1,1,0,triangulerad
GEN2BK,"Engelska för grundlärare åk 4-6, 1A",ISLL,ENA,1,0,1,1,0,triangulerad
GEN2HB,Engelska för internationellt företagande: kommunikation och kultur,ISLL,ENA,1,0,1,1,0,triangulerad
GEN2JG,"Engelska, Språkdidaktik I",ISLL,ENA,1,0,1,1,0,triangulerad
GEN2LD,"Engelska för grundlärare åk 4-6, 1B",ISLL,ENA,1,0,1,1,0,triangulerad
GEN2QW,"Engelska, Språkdidaktik l",ISLL,ENA,1,0,1,1,0,triangulerad
GEN2RZ,Engelska för specifika ändamål: Presentationer i akademiska och professionella sammanhang,ISLL,ENA,1,0,1,1,0,triangulerad
GEN2S2,Engelska för specifika ändamål: Muntlig kommunikation på interkulturella arbetsplatser,ISLL,ENA,1,0,1,1,0,triangulerad
GEN2SF,,,,0,0,0,0,1,enbart_nedlagd
GEN2VB,,,,0,0,0,0,1,enbart_nedlagd
GEN2VC,,,,0,0,0,0,1,enbart_nedlagd
GEN2VD,,,,0,0,0,0,1,enbart_nedlagd
GEN2VE,Engelskspråkig litteratur,ISLL,ENA,1,0,1,1,0,triangulerad
GEN2VF,Den moderna engelskans struktur,ISLL,ENA,1,0,1,1,0,triangulerad
GEN33R,Engelskspråkig barn- och ungdomslitteratur,ISLL,ENA,1,0,1,1,0,triangulerad
GEN33S,,,,0,0,0,0,1,enbart_nedlagd
GEN35D,Introduktion till akademisk engelska,ISLL,ENA,1,0,1,1,0,triangulerad
GEN35G,Engelsk språkdidaktik,ISLL,ENA,1,0,1,1,0,triangulerad
GEN379,Engelska I med didaktisk inriktning,ISLL,ENA,1,0,1,1,0,triangulerad
GEN37A,Engelska I,ISLL,ENA,1,0,1,1,0,triangulerad
GEN3BQ,Teman inom populärlitteraturen,ISLL,ENA,1,0,1,1,0,triangulerad
GEN3BR,Kulturella texter och kontexter,ISLL,ENA,1,0,1,1,0,triangulerad
GEN3C4,,,,0,0,0,0,1,enbart_nedlagd
GEN3C5,Engelskspråkig litteratur,ISLL,ENA,1,0,1,1,0,triangulerad
GEN3CM,Engelska II med didaktisk inriktning,ISLL,ENA,1,0,1,1,0,triangulerad
GEN3DG,Engelska II,ISLL,ENA,1,0,1,1,0,triangulerad
GEN3DH,Engelska: Introduktion till litteraturkritikens teorier och metoder,ISLL,ENA,1,0,1,1,0,triangulerad
GEN3DJ,"Den samtida Bildungsromanen på engelska: Kvinnliga, etniska och åldrandeperspektiv",ISLL,ENA,1,0,1,1,0,triangulerad
GEN3DK,Engelska III: Fokus litteratur,ISLL,ENA,1,0,1,1,0,triangulerad
GEN3E6,Introduktion till engelsk lingvistik,ISLL,ENA,1,0,1,1,0,triangulerad
GEN3E7,Brittisk och amerikansk litteratur- och idéhistoria,ISLL,ENA,1,0,1,1,0,triangulerad
GEN3K3,Engelska II,ISLL,ENA,0,0,0,1,0,nyare_än_andra
GET2JS,,,,0,0,0,0,1,enbart_nedlagd
GET2K5,,,,0,0,0,0,1,enbart_nedlagd
GET336,,,,0,0,0,0,1,enbart_nedlagd
GET36T,Ellära,IIT,ETA,1,0,1,1,0,triangulerad
GEU2CA,Det entreprenöriella företagets förutsättningar,IKS,EUN,1,0,1,1,0,triangulerad
GEU2CB,Ledarskap och grupprocesser,IKS,EUN,1,0,1,1,0,triangulerad
GEU2KV,Entreprenörskap i regional utveckling och tillväxt,IKS,EUN,1,0,1,1,0,triangulerad
GEU2KW,Entreprenörskapets teoretiska klassiker,IKS,EUN,1,0,1,1,0,triangulerad
GEU2KX,Innovation A,IKS,EUN,1,0,1,1,0,triangulerad
GEU2QY,Ledarskap,IKS,EUN,1,0,1,1,0,triangulerad
GEU35L,Projektledning I,IKS,EUN,1,0,1,1,0,triangulerad
GEU35M,Entreprenörskap - villkor och särart,IKS,EUN,1,0,1,1,0,triangulerad
GEU35N,Projektledning II,IKS,EUN,1,0,1,1,0,triangulerad
GEU38C,Innovation,IKS,EUN,1,0,1,1,0,triangulerad
GEU3DB,Kreativitet för entreprenörer och företag,IKS,EUN,1,0,1,1,0,triangulerad
GFI282,Vetenskapligt tänkande och skrivande,IKS,FIA,1,0,1,1,0,triangulerad
GFI293,Samhällsvetenskapernas vetenskapsteori,IKS,FIA,1,0,1,1,0,triangulerad
GFI37Z,Gud och bevisen: filosofiska argument för och mot Guds existens,IKS,FIA,1,0,1,1,0,triangulerad
GFI3BT,Introduktion till hermeneutiken,IKS,FIA,1,0,1,1,0,triangulerad
GFI3BU,Introduktion till existentialismen,IKS,FIA,1,0,1,1,0,triangulerad
GFR248,,,,0,0,0,0,1,enbart_nedlagd
GFR249,,,,0,0,0,0,1,enbart_nedlagd
GFR24D,,,,0,0,0,0,1,enbart_nedlagd
GFR25L,,,,0,0,0,0,1,enbart_nedlagd
GFR25M,,,,0,0,0,0,1,enbart_nedlagd
GFR26R,,,,0,0,0,0,1,enbart_nedlagd
GFR26S,,,,0,0,0,0,1,enbart_nedlagd
GFR26T,,,,0,0,0,0,1,enbart_nedlagd
GFR26U,,,,0,0,0,0,1,enbart_nedlagd
GFR27A,,,,0,0,0,0,1,enbart_nedlagd
GFR27B,,,,0,0,0,0,1,enbart_nedlagd
GFR27C,,,,0,0,0,0,1,enbart_nedlagd
GFR27D,,,,0,0,0,0,1,enbart_nedlagd
GFR27E,,,,0,0,0,0,1,enbart_nedlagd
GFR27F,,,,0,0,0,0,1,enbart_nedlagd
GFR27N,Franska: Skriftlig språkfärdighet II,ISLL,FRA,1,0,1,1,0,triangulerad
GFR27P,,,,0,0,0,0,1,enbart_nedlagd
GFR27Q,Franska II: Introduktion till lingvistik och akademiskt skrivande,ISLL,FRA,1,0,1,1,0,triangulerad
GFR27R,Franskspråkig litteratur II: Fram till 1900,ISLL,FRA,1,0,1,1,0,triangulerad
GFR27S,Franska med inriktning arbetsliv,ISLL,FRA,1,0,1,1,0,triangulerad
GFR283,Litteratur och kultur i Maghrebregionen,ISLL,FRA,1,0,1,1,0,triangulerad
GFR2A7,Franska I: Muntlig språkfärdighet,ISLL,FRA,1,0,1,1,0,triangulerad
GFR2A8,Franska: Skriftlig språkfärdighet I,ISLL,FRA,1,0,1,1,0,triangulerad
GFR2AB,Franskspråkig litteratur I: Från 1900 till idag,ISLL,FRA,1,0,1,1,0,triangulerad
GFR2AC,,,,0,0,0,0,1,enbart_nedlagd
GFR2AS,,,,0,0,0,0,1,enbart_nedlagd
GFR2AT,,,,0,0,0,0,1,enbart_nedlagd
GFR2AU,,,,0,0,0,0,1,enbart_nedlagd
GFR2HV,,,,0,0,0,0,1,enbart_nedlagd
GFR2HW,Franska: Förberedande kurs I,ISLL,FRA,1,0,1,1,0,triangulerad
GFR2HX,Franska: Förberedande kurs II,ISLL,FRA,1,0,1,1,0,triangulerad
GFR2HY,Franska: Förberedande kurs III,ISLL,FRA,1,0,1,1,0,triangulerad
GFR2HZ,Franska: Förberedande kurs IV,ISLL,FRA,1,0,1,1,0,triangulerad
GFR2J7,,,,0,0,0,0,1,enbart_nedlagd
GFR2J8,,,,0,0,0,0,1,enbart_nedlagd
GFR2JC,,,,0,0,0,0,1,enbart_nedlagd
GFR2JD,,,,0,0,0,0,1,enbart_nedlagd
GFR2KN,,,,0,0,0,0,1,enbart_nedlagd
GFR2KP,,,,0,0,0,0,1,enbart_nedlagd
GFR2KQ,Franska III: Språkhistoria,ISLL,FRA,1,0,1,1,0,triangulerad
GFR2KR,Franska: Examensarbete för kandidatexamen,ISLL,FRA,1,0,1,1,0,triangulerad
GFR2LC,,,,0,0,0,0,1,enbart_nedlagd
GFR2R3,Franska II: Muntlig franska,ISLL,FRA,1,0,1,1,0,triangulerad
GFR2R4,Franska II med didaktisk inriktning,ISLL,FRA,1,0,1,1,0,triangulerad
GFR2SM,,,,0,0,0,0,1,enbart_nedlagd
GFR2SN,,,,0,0,0,0,1,enbart_nedlagd
GFR2W9,Franska: Språkdidaktik I,ISLL,FRA,1,0,1,1,0,triangulerad
GFR2WA,Franska I med didaktisk inriktning,ISLL,FRA,1,0,1,1,0,triangulerad
GFR2X5,,,,0,0,0,0,1,enbart_nedlagd
GFR2X6,,,,0,0,0,0,1,enbart_nedlagd
GFR2YU,Franska: Språkdidaktik II,ISLL,FRA,1,0,1,1,0,triangulerad
GFR35E,Franska I: Kultur och samhälle,ISLL,FRA,1,0,1,1,0,triangulerad
GFR35F,Franska III: Franskspråkig litteratur och litteraturanalys,ISLL,FRA,1,0,1,1,0,triangulerad
GFR3BS,Franska III med didaktisk inriktning för gymnasieskolan,ISLL,FRA,1,0,1,1,0,triangulerad
GFR3CV,Franska II: Muntlig franska,ISLL,FRA,1,0,1,1,0,triangulerad
GFR3CW,Franska: Skriftlig språkfärdighet II,ISLL,FRA,1,0,1,1,0,triangulerad
GFR3CX,Franskspråkig litteratur II: Fram till 1900,ISLL,FRA,1,0,1,1,0,triangulerad
GFR3CY,Franska II: Introduktion till lingvistik och akademiskt skrivande,ISLL,FRA,1,0,1,1,0,triangulerad
GFR3CZ,Franska III: Examensarbete för kandidatexamen,ISLL,FRA,1,0,1,1,0,triangulerad
GFR3D2,Franska I med didaktisk inriktning,ISLL,FRA,1,0,1,1,0,triangulerad
GFR3D3,Franska II med didaktisk inriktning,ISLL,FRA,1,0,1,1,0,triangulerad
GFR3DL,"Franska för lärare i gymnasieskolan, 90 hp (1-90 hp). Ingår i Lärarlyftet",ISLL,FRA,1,0,1,1,0,triangulerad
GFR3GS,Franska III: Språkhistoria,ISLL,FRA,1,0,1,1,0,triangulerad
GFR3GT,Franska III: Franskspråkig litteratur och litteraturanalys,ISLL,FRA,1,0,1,1,0,triangulerad
GFR3HK,Franska: Språkdidaktik I,ISLL,FRA,1,0,1,1,0,triangulerad
GFR3HL,Franska: Språkdidaktik II,ISLL,FRA,1,0,1,1,0,triangulerad
GFR3HM,Franska I med didaktisk inriktning,ISLL,FRA,1,0,1,1,0,triangulerad
GFR3HN,Franska II med didaktisk inriktning,ISLL,FRA,1,0,1,1,0,triangulerad
GFY345,Fysik för tekniker,IIT,FYA,1,0,1,1,0,triangulerad
GFÖ225,Koncernredovisning och revision,IKS,FÖA,1,0,1,1,0,triangulerad
GFÖ25A,,,,0,0,0,0,1,enbart_nedlagd
GFÖ2B6,,,,0,0,0,0,1,enbart_nedlagd
GFÖ2B7,Vetenskap och metod II,IKS,FÖA,1,0,1,1,0,triangulerad
GFÖ2B8,,,,0,0,0,0,1,enbart_nedlagd
GFÖ2B9,Ledarskap och organisationsbeteende,IKS,FÖA,1,0,1,1,0,triangulerad
GFÖ2BA,,,,0,0,0,0,1,enbart_nedlagd
GFÖ2BB,,,,0,0,0,0,1,enbart_nedlagd
GFÖ2BC,,,,0,0,0,0,1,enbart_nedlagd
GFÖ2BE,,,,0,0,0,0,1,enbart_nedlagd
GFÖ2BF,,,,0,0,0,0,1,enbart_nedlagd
GFÖ2BG,,,,0,0,0,0,1,enbart_nedlagd
GFÖ2F4,Organisation och marknadsföring A,IKS,FÖA,1,0,1,1,0,triangulerad
GFÖ2FF,Vetenskap och metod I,IKS,FÖA,1,0,1,1,0,triangulerad
GFÖ2FG,,,,0,0,0,0,1,enbart_nedlagd
GFÖ2HN,,,,0,0,0,0,1,enbart_nedlagd
GFÖ2HP,,,,0,0,0,0,1,enbart_nedlagd
GFÖ2HQ,,,,0,0,0,0,1,enbart_nedlagd
GFÖ2JU,Förvaltningsekonomi,IKS,FÖA,1,0,1,1,0,triangulerad
GFÖ2M8,,,,0,0,0,0,1,enbart_nedlagd
GFÖ2PJ,Ekonomistyrning A,IKS,FÖA,1,0,1,1,0,triangulerad
GFÖ2PK,,,,0,0,0,0,1,enbart_nedlagd
GFÖ2RL,Organisation A,IKS,FÖA,1,0,1,1,0,triangulerad
GFÖ2UF,Hållbar företagsstrategi,IKS,FÖA,1,0,1,1,0,triangulerad
GFÖ2WE,Extern redovisning A,IKS,FÖA,1,0,1,1,0,triangulerad
GFÖ2WN,Redovisning B,IKS,FÖA,1,0,1,1,0,triangulerad
GFÖ2WQ,Examensarbete för kandidatexamen i företagsekonomi,IKS,FÖA,1,0,1,1,0,triangulerad
GFÖ2XB,Företagsekonomi C,IKS,FÖA,1,0,1,1,0,triangulerad
GFÖ2XW,Ekonomistyrning B,IKS,FÖA,1,0,1,1,0,triangulerad
GFÖ32F,Marknadsföring A,IKS,FÖA,1,0,1,1,0,triangulerad
GFÖ32P,Organisationsteori,IKS,FÖA,1,0,1,1,0,triangulerad
GFÖ35C,"Ekonomistyrning, grundläggande",IKS,FÖA,1,0,1,1,0,triangulerad
GFÖ35J,Turismmarknadsföring,IKS,FÖA,1,0,1,1,0,triangulerad
GFÖ36L,Kommunikation i en interkulturell affärsmiljö,IKS,FÖA,1,0,1,1,0,triangulerad
GFÖ38U,Organisation B,IKS,FÖA,1,0,1,1,0,triangulerad
GFÖ398,Redovisning B,IKS,FÖA,1,0,1,1,0,triangulerad
GFÖ39A,Sport Management III,IKS,FÖA,1,0,1,1,0,triangulerad
GFÖ39J,Marknadsföring B,IKS,FÖA,1,0,1,1,0,triangulerad
GFÖ3FH,Sport Management I,IKS,FÖA,1,0,1,1,0,triangulerad
GFÖ3FJ,Sport Management II,IKS,FÖA,1,0,1,1,0,triangulerad
GFÖ3GL,Vetenskap och metod I,IKS,FÖA,1,0,1,1,0,triangulerad
GFÖ3JM,Ledning och marknadsföring i tjänsteföretag,IKS,FÖA,1,0,1,1,0,triangulerad
GFÖ3JN,Sport Management III,IKS,FÖA,1,0,1,1,0,triangulerad
GG1001,,,,0,0,0,0,1,enbart_nedlagd
GG1002,,,,0,0,0,0,1,enbart_nedlagd
GG1003,,,,0,0,0,0,1,enbart_nedlagd
GG1004,,,,0,0,0,0,1,enbart_nedlagd
GG1005,,,,0,0,0,0,1,enbart_nedlagd
GG1006,,,,0,0,0,0,1,enbart_nedlagd
GG1007,,,,0,0,0,0,1,enbart_nedlagd
GG1008,,,,0,0,0,0,1,enbart_nedlagd
GG1009,,,,0,0,0,0,1,enbart_nedlagd
GG1010,,,,0,0,0,0,1,enbart_nedlagd
GG1011,,,,0,0,0,0,1,enbart_nedlagd
GG1012,,,,0,0,0,0,1,enbart_nedlagd
GG1013,,,,0,0,0,0,1,enbart_nedlagd
GG1014,,,,0,0,0,0,1,enbart_nedlagd
GG1015,,,,0,0,0,0,1,enbart_nedlagd
GG1016,,,,0,0,0,0,1,enbart_nedlagd
GG1017,,,,0,0,0,0,1,enbart_nedlagd
GG1018,,,,0,0,0,0,1,enbart_nedlagd
GG1019,,,,0,0,0,0,1,enbart_nedlagd
GG1020,,,,0,0,0,0,1,enbart_nedlagd
GG1021,,,,0,0,0,0,1,enbart_nedlagd
GG1022,,,,0,0,0,0,1,enbart_nedlagd
GG1023,,,,0,0,0,0,1,enbart_nedlagd
GG1024,,,,0,0,0,0,1,enbart_nedlagd
GG1025,,,,0,0,0,0,1,enbart_nedlagd
GG1026,,,,0,0,0,0,1,enbart_nedlagd
GG1027,,,,0,0,0,0,1,enbart_nedlagd
GG1028,,,,0,0,0,0,1,enbart_nedlagd
GG1029,,,,0,0,0,0,1,enbart_nedlagd
GG1030,,,,0,0,0,0,1,enbart_nedlagd
GG1031,,,,0,0,0,0,1,enbart_nedlagd
GG1032,,,,0,0,0,0,1,enbart_nedlagd
GG1033,,,,0,0,0,0,1,enbart_nedlagd
GG1034,,,,0,0,0,0,1,enbart_nedlagd
GG1035,,,,0,0,0,0,1,enbart_nedlagd
GG1036,,,,0,0,0,0,1,enbart_nedlagd
GG2001,,,,0,0,0,0,1,enbart_nedlagd
GG2002,,,,0,0,0,0,1,enbart_nedlagd
GG2003,,,,0,0,0,0,1,enbart_nedlagd
GG2004,,,,0,0,0,0,1,enbart_nedlagd
GG2005,,,,0,0,0,0,1,enbart_nedlagd
GG2006,,,,0,0,0,0,1,enbart_nedlagd
GG2007,,,,0,0,0,0,1,enbart_nedlagd
GGA006,,,,0,0,0,0,1,enbart_nedlagd
GGA012,,,,0,0,0,0,1,enbart_nedlagd
GGA013,,,,0,0,0,0,1,enbart_nedlagd
GGA014,,,,0,0,0,0,1,enbart_nedlagd
GGA015,,,,0,0,0,0,1,enbart_nedlagd
GGB002,,,,0,0,0,0,1,enbart_nedlagd
GGB003,,,,0,0,0,0,1,enbart_nedlagd
GGC002,,,,0,0,0,0,1,enbart_nedlagd
GGD001,,,,0,0,0,0,1,enbart_nedlagd
GGT226,,,,0,0,0,0,1,enbart_nedlagd
GHI29Y,Historia III med didaktisk inriktning för gymnasieskolan,IKS,HIA,1,0,1,1,0,triangulerad
GHI2CK,Introduktion till svensk kultur och samhälle,IKS,HIA,1,0,1,1,0,triangulerad
GHI2CN,Historia I,IKS,HIA,1,0,1,1,0,triangulerad
GHI2CP,Historia I med didaktisk inriktning,IKS,HIA,1,0,1,1,0,triangulerad
GHI2CQ,Historia II,IKS,HIA,1,0,1,1,0,triangulerad
GHI2CR,Historia II med didaktisk inriktning,IKS,HIA,1,0,1,1,0,triangulerad
GHI2FU,Introduktion till afrikastudier,IKS,HIA,1,0,1,1,0,triangulerad
GHI2Q6,Introduktion till Afrikas moderna historia,IKS,HIA,1,0,1,1,0,triangulerad
GHI32G,Historia II med didaktisk inriktning,IKS,HIA,1,0,1,1,0,triangulerad
GHI33T,Historia II,IKS,HIA,1,0,1,1,0,triangulerad
GHI33V,Historia I,IKS,HIA,1,0,1,1,0,triangulerad
GHI33W,Historia I med didaktisk inriktning,IKS,HIA,1,0,1,1,0,triangulerad
GHI35A,Historia III med didaktisk inriktning för gymnasieskolan,IKS,HIA,1,0,1,1,0,triangulerad
GHI362,"Historia III, med examensarbete för kandidatexamen",IKS,HIA,1,0,1,1,0,triangulerad
GHI374,Historia II med didaktisk inriktning för gymnasieskolan,IKS,HIA,1,0,1,1,0,triangulerad
GHI378,Historia II med didaktisk inriktning för grundskolans årskurs 7-9,IKS,HIA,1,0,1,1,0,triangulerad
GHI37M,De nationella minoriteternas samhällshistoria,IKS,HIA,1,0,1,1,0,triangulerad
GHI38Q,Global miljöhistoria,IKS,HIA,1,0,1,1,0,triangulerad
GHI3CP,Undervisning och lärande genom rollspel – inriktning historiedidaktik,IKS,HIA,1,0,1,1,0,triangulerad
GHI3JX,Historia III med didaktisk inriktning för utökad behörighet mot gymnasieskolan,IKS,HIA,0,0,0,1,0,nyare_än_andra
GIE25Q,,,,0,0,0,0,1,enbart_nedlagd
GIE26L,Industriell ekonomi - logistik och Supply Chain Management,IIT,IEA,1,0,1,1,0,triangulerad
GIE26M,Industriell ekonomi - organisation och ledarskap,IIT,IEA,1,0,1,1,0,triangulerad
GIE26N,Industriell ekonomi - underhåll och kvalitet,IIT,IEA,1,0,1,1,0,triangulerad
GIE26P,Industriell ekonomi - grundläggande kurs,IIT,IEA,1,0,1,1,0,triangulerad
GIE29N,Industriell ekonomi - Processer och projektledning,IIT,IEA,1,0,1,1,0,triangulerad
GIE29P,,,,0,0,0,0,1,enbart_nedlagd
GIE2GH,,,,0,0,0,0,1,enbart_nedlagd
GIE2L7,Lean,IIT,IEA,1,0,1,1,0,triangulerad
GIE2MF,Industriell ekonomi - verksamhetsstyrning,IIT,IEA,1,0,1,1,0,triangulerad
GIE2QS,Verksamhetsutveckling,IIT,IEA,1,0,1,1,0,triangulerad
GIE2QT,,,,0,0,0,0,1,enbart_nedlagd
GIE2RF,Examensarbete för högskoleexamen i Industriell ekonomi,IIT,IEA,1,0,1,1,0,triangulerad
GIE2XG,,,,0,0,0,0,1,enbart_nedlagd
GIE36Y,Cirkulär ekonomi och hållbar utveckling,IIT,IEA,1,0,1,1,0,triangulerad
GIE36Z,Industriell ekonomi - verksamhetsstyrning,IIT,IEA,1,0,1,1,0,triangulerad
GIE372,Industriella affärsprocesser,IIT,IEA,1,0,1,1,0,triangulerad
GIE3FW,Industriell marknadsföring,IIT,IEA,1,0,1,1,0,triangulerad
GIE3H2,Industriell ekonomi - grundläggande kurs,IIT,IEA,1,0,1,1,0,triangulerad
GIE3HX,Projektledning I,IKS,IEA,1,0,1,1,0,triangulerad
GIE3HY,Innovation,IKS,IEA,1,0,1,1,0,triangulerad
GIE3JG,Impact innovation - innovation för samhällsnytta,IIT,IEA,1,0,1,1,0,triangulerad
GIE3JH,Strategi och ekosystem,IIT,IEA,1,0,1,1,0,triangulerad
GIE3JS,Examensarbete för kandidatexamen i Industriell ekonomi,IIT,IEA,0,0,0,1,0,nyare_än_andra
GIE3JW,Innovation och entreprenörskap inom assisterande teknik,IIT,IEA,0,0,0,1,0,nyare_än_andra
GIH24A,Medier och kommunikation inom hälsa och idrott,IHV,IDA,1,0,1,1,0,triangulerad
GIH24T,,,,0,0,0,0,1,enbart_nedlagd
GIH24Z,,,,0,0,0,0,1,enbart_nedlagd
GIH252,,,,0,0,0,0,1,enbart_nedlagd
GIH253,,,,0,0,0,0,1,enbart_nedlagd
GIH25Y,,,,0,0,0,0,1,enbart_nedlagd
GIH262,,,,0,0,0,0,1,enbart_nedlagd
GIH264,,,,0,0,0,0,1,enbart_nedlagd
GIH288,,,,0,0,0,0,1,enbart_nedlagd
GIH28A,,,,0,0,0,0,1,enbart_nedlagd
GIH28B,,,,0,0,0,0,1,enbart_nedlagd
GIH2A6,Idrottspsykologi,IHV,IDA,1,0,1,1,0,triangulerad
GIH2AD,,,,0,0,0,0,1,enbart_nedlagd
GIH2D4,"Grundläggande judohistoria, judo i samhället och judodidaktik",IHV,IDA,1,0,1,1,0,triangulerad
GIH2D5,Grundläggande styrkelyftsdidaktik,IHV,IDA,1,0,1,1,0,triangulerad
GIH2D6,Grundläggande fysiologi och tillämpad idrottsfysiologi (Judo),IHV,IDA,1,0,1,1,0,triangulerad
GIH2D7,Grundläggande fysiologi och tillämpad idrottsfysiologi (Styrkelyft),IHV,IDA,1,0,1,1,0,triangulerad
GIH2D8,Judons tränarskap,IHV,IDA,1,0,1,1,0,triangulerad
GIH2D9,Styrkelyftets tränarskap,IHV,IDA,1,0,1,1,0,triangulerad
GIH2DB,Biomekanik (Judo),IHV,IDA,1,0,1,1,0,triangulerad
GIH2DC,Biomekanik (Styrkelyft),IHV,IDA,1,0,1,1,0,triangulerad
GIH2DD,Funktionell anatomi (Judo),IHV,IDA,1,0,1,1,0,triangulerad
GIH2DE,Funktionell anatomi (Styrkelyft),IHV,IDA,1,0,1,1,0,triangulerad
GIH2DV,,,,0,0,0,0,1,enbart_nedlagd
GIH2DX,,,,0,0,0,0,1,enbart_nedlagd
GIH2DY,,,,0,0,0,0,1,enbart_nedlagd
GIH2DZ,,,,0,0,0,0,1,enbart_nedlagd
GIH2E2,,,,0,0,0,0,1,enbart_nedlagd
GIH2EK,,,,0,0,0,0,1,enbart_nedlagd
GIH2EL,,,,0,0,0,0,1,enbart_nedlagd
GIH2EM,,,,0,0,0,0,1,enbart_nedlagd
GIH2EN,,,,0,0,0,0,1,enbart_nedlagd
GIH2EV,,,,0,0,0,0,1,enbart_nedlagd
GIH2EZ,,,,0,0,0,0,1,enbart_nedlagd
GIH2FE,,,,0,0,0,0,1,enbart_nedlagd
GIH2G4,Tillämpad rörelse- och prestationsanalys,IHV,IDA,1,0,1,1,0,triangulerad
GIH2JB,,,,0,0,0,0,1,enbart_nedlagd
GIH2LP,"Tränarskap, idrott, friluftsliv och hälsa i samhället",IHV,IDA,1,0,1,1,0,triangulerad
GIH2LQ,,,,0,0,0,0,1,enbart_nedlagd
GIH2LR,,,,0,0,0,0,1,enbart_nedlagd
GIH2LS,,,,0,0,0,0,1,enbart_nedlagd
GIH2LT,Idrottspedagogik (judo),IHV,IDA,1,0,1,1,0,triangulerad
GIH2LU,Idrottspedagogik (styrkelyft),IHV,IDA,1,0,1,1,0,triangulerad
GIH2LV,Tränings- och tävlingslära (judo),IHV,IDA,1,0,1,1,0,triangulerad
GIH2LW,Tränings- och tävlingslära (styrkelyft),IHV,IDA,1,0,1,1,0,triangulerad
GIH2LX,Motorisk kontroll och lärande (judo),IHV,IDA,1,0,1,1,0,triangulerad
GIH2LY,Motorisk kontroll och lärande (styrkelyft),IHV,IDA,1,0,1,1,0,triangulerad
GIH2M3,,,,0,0,0,0,1,enbart_nedlagd
GIH2M4,Motorisk kontroll och lärande (Klättring),IHV,IDA,1,0,1,1,0,triangulerad
GIH2M5,Tränings- och tävlingslära (Klättring),IHV,IDA,1,0,1,1,0,triangulerad
GIH2M6,Idrottspedagogik (klättring),IHV,IDA,1,0,1,1,0,triangulerad
GIH2M7,,,,0,0,0,0,1,enbart_nedlagd
GIH2NQ,,,,0,0,0,0,1,enbart_nedlagd
GIH2NR,"Grundläggande funktionell anatomi, biomekanik och rörelseanalys",IHV,IDA,1,0,1,1,0,triangulerad
GIH2QH,,,,0,0,0,0,1,enbart_nedlagd
GIH2QJ,,,,0,0,0,0,1,enbart_nedlagd
GIH2QK,Tillämpad anatomi och idrottsfysiologi,IHV,IDA,1,0,1,1,0,triangulerad
GIH2QL,"Motorisk kontroll, lärande och utveckling med didaktisk inriktning",IHV,IDA,1,0,1,1,0,triangulerad
GIH2R9,,,,0,0,0,0,1,enbart_nedlagd
GIH2RB,,,,0,0,0,0,1,enbart_nedlagd
GIH2RC,,,,0,0,0,0,1,enbart_nedlagd
GIH2RD,,,,0,0,0,0,1,enbart_nedlagd
GIH2RM,,,,0,0,0,0,1,enbart_nedlagd
GIH2UQ,,,,0,0,0,0,1,enbart_nedlagd
GIH2UR,Grundläggande vetenskaplig metod,IHV,IDA,1,0,1,1,0,triangulerad
GIH2US,,,,0,0,0,0,1,enbart_nedlagd
GIH2UT,,,,0,0,0,0,1,enbart_nedlagd
GIH2UU,,,,0,0,0,0,1,enbart_nedlagd
GIH2UV,,,,0,0,0,0,1,enbart_nedlagd
GIH2UW,,,,0,0,0,0,1,enbart_nedlagd
GIH2UX,,,,0,0,0,0,1,enbart_nedlagd
GIH2UY,Näringslära med inriktning mot idrott och fysisk aktivitet,IHV,IDA,1,0,1,1,0,triangulerad
GIH2UZ,,,,0,0,0,0,1,enbart_nedlagd
GIH2V2,,,,0,0,0,0,1,enbart_nedlagd
GIH2V3,,,,0,0,0,0,1,enbart_nedlagd
GIH2VJ,Idrottsmedicin,IHV,IDA,1,0,1,1,0,triangulerad
GIH2VK,Grundläggande upplevelseproduktion,IHV,IDA,1,0,1,1,0,triangulerad
GIH2VV,,,,0,0,0,0,1,enbart_nedlagd
GIH2WT,Fotbollstränare - inriktning barn och ungdom (6-15 år),IHV,IDA,1,0,1,1,0,triangulerad
GIH2WU,Fotbollstränare - inriktning senior- och elitförberedande ungdomsverksamhet,IHV,IDA,1,0,1,1,0,triangulerad
GIH2WV,,,,0,0,0,0,1,enbart_nedlagd
GIH2WW,,,,0,0,0,0,1,enbart_nedlagd
GIH2WX,Idrotten i samhället (VAL),IHV,IDA,1,0,1,1,0,triangulerad
GIH2WY,"Friluftsliv i närmiljön: orientering, vandring, paddling (VAL)",IHV,IDA,1,0,1,1,0,triangulerad
GIH2WZ,,,,0,0,0,0,1,enbart_nedlagd
GIH2X2,,,,0,0,0,0,1,enbart_nedlagd
GIH2X3,Träningslära för tävlingsinriktad idrott,IHV,IDA,1,0,1,1,0,triangulerad
GIH2X4,,,,0,0,0,0,1,enbart_nedlagd
GIH2XM,,,,0,0,0,0,1,enbart_nedlagd
GIH2XY,Idrottsvetenskaplig uppsats,IHV,IDA,1,0,1,1,0,triangulerad
GIH2YF,,,,0,0,0,0,1,enbart_nedlagd
GIH2YJ,,,,0,0,0,0,1,enbart_nedlagd
GIH2YS,,,,0,0,0,0,1,enbart_nedlagd
GIH2YX,,,,0,0,0,0,1,enbart_nedlagd
GIH2YY,,,,0,0,0,0,1,enbart_nedlagd
GIH2YZ,,,,0,0,0,0,1,enbart_nedlagd
GIH2ZA,Vinterfriluftsliv genom skidor och skridskor (VAL),IHV,IDA,1,0,1,1,0,triangulerad
GIH2ZB,Hälsopedagogik (VAL),IHV,IDA,1,0,1,1,0,triangulerad
GIH2ZC,Humanbiologi 1 (VAL),IHV,IDA,1,0,1,1,0,triangulerad
GIH2ZD,Simning (VAL),IHV,IDA,1,0,1,1,0,triangulerad
GIH2ZE,Bedömning och betygssättning i idrott och hälsa (VAL),IHV,IDA,1,0,1,1,0,triangulerad
GIH2ZJ,,,,0,0,0,0,1,enbart_nedlagd
GIH2ZK,,,,0,0,0,0,1,enbart_nedlagd
GIH2ZL,,,,0,0,0,0,1,enbart_nedlagd
GIH2ZM,,,,0,0,0,0,1,enbart_nedlagd
GIH2ZP,,,,0,0,0,0,1,enbart_nedlagd
GIH2ZZ,,,,0,0,0,0,1,enbart_nedlagd
GIH322,,,,0,0,0,0,1,enbart_nedlagd
GIH32Z,Verksamhetsförlagt projekt inom tränarskap,IHV,IDA,1,0,1,1,0,triangulerad
GIH333,,,,0,0,0,0,1,enbart_nedlagd
GIH334,Sportjournalistik,IHV,IDA,1,0,1,1,0,triangulerad
GIH335,Entreprenörskap inom idrott och hälsa,IHV,IDA,1,0,1,1,0,triangulerad
GIH337,,,,0,0,0,0,1,enbart_nedlagd
GIH33J,Grundläggande fysiologi och tillämpad idrottsfysiologi (Klättring),IHV,IDA,1,0,1,1,0,triangulerad
GIH33K,Funktionell anatomi (Klättring),IHV,IDA,1,0,1,1,0,triangulerad
GIH33P,Biomekanik (Klättring),IHV,IDA,1,0,1,1,0,triangulerad
GIH34D,Kvalitativ och kvantitativ vetenskaplig metod,IHV,IDA,1,0,1,1,0,triangulerad
GIH34E,,,,0,0,0,0,1,enbart_nedlagd
GIH34F,,,,0,0,0,0,1,enbart_nedlagd
GIH34G,,,,0,0,0,0,1,enbart_nedlagd
GIH34S,"Lek, dans samt mål- och nätspel (VAL)",IHV,IDA,1,0,1,1,0,triangulerad
GIH34T,Humanbiologi 2 (VAL),IHV,IDA,1,0,1,1,0,triangulerad
GIH34U,"Dans, gymnastik och friidrott (VAL)",IHV,IDA,1,0,1,1,0,triangulerad
GIH34V,"Arbetsmiljö, ergonomi och näringslära (VAL)",IHV,IDA,1,0,1,1,0,triangulerad
GIH35B,Examensarbete för kandidatexamen i idrotts- och hälsovetenskap,IHV,IDA,1,0,1,1,0,triangulerad
GIH35P,Träningslära: styrkelyft för öppen klass och veteraner,IHV,IDA,1,0,1,1,0,triangulerad
GIH35T,Fördjupning inom idrottsvetenskap,IHV,IDA,1,0,1,1,0,triangulerad
GIH35U,Idrottsvetenskaplig metod,IHV,IDA,1,0,1,1,0,triangulerad
GIH35V,Idrottens träningslära,IHV,IDA,1,0,1,1,0,triangulerad
GIH35W,Examensarbete för kandidatexamen i idrotts- och hälsovetenskap,IHV,IDA,1,0,1,1,0,triangulerad
GIH35Y,,,,0,0,0,0,1,enbart_nedlagd
GIH35Z,Medier och kommunikation inom hälsa och idrott,IHV,IDA,1,0,1,1,0,triangulerad
GIH364,,,,0,0,0,0,1,enbart_nedlagd
GIH36P,,,,0,0,0,0,1,enbart_nedlagd
GIH36U,,,,0,0,0,0,1,enbart_nedlagd
GIH36V,,,,0,0,0,0,1,enbart_nedlagd
GIH37B,Mål- och nätspel (VAL),IHV,IDA,1,0,1,1,0,triangulerad
GIH37C,"Rörelse, rytm och dans (VAL)",IHV,IDA,1,0,1,1,0,triangulerad
GIH37N,Friluftsliv och bedömning i ämnet idrott och hälsa,IHV,IDA,1,0,1,1,0,triangulerad
GIH37P,Idrott och hälsa I med didaktisk inriktning åk 4-6,IHV,IDA,1,0,1,1,0,triangulerad
GIH37Q,Idrott och hälsa I med didaktisk inriktning,IHV,IDA,1,0,1,1,0,triangulerad
GIH37R,Idrott och hälsa II med didaktisk inriktning,IHV,IDA,1,0,1,1,0,triangulerad
GIH37S,Idrott och hälsa III med didaktisk inriktning,IHV,IDA,1,0,1,1,0,triangulerad
GIH38Y,Humanbiologi 2,IHV,IDA,1,0,1,1,0,triangulerad
GIH38Z,"Lek, dans samt mål- och nätspel",IHV,IDA,1,0,1,1,0,triangulerad
GIH392,"Friluftsliv i närmiljön: orientering, vandring, paddling",IHV,IDA,1,0,1,1,0,triangulerad
GIH393,Hälsopedagogik,IHV,IDA,1,0,1,1,0,triangulerad
GIH394,Idrotten i samhället,IHV,IDA,1,0,1,1,0,triangulerad
GIH395,"Arbetsmiljö, ergonomi och näringslära",IHV,IDA,1,0,1,1,0,triangulerad
GIH39B,Mål- och nätspel,IHV,IDA,1,0,1,1,0,triangulerad
GIH39C,"Rörelse, rytm och dans",IHV,IDA,1,0,1,1,0,triangulerad
GIH39D,Vinterfriluftsliv genom skidor och skridskor,IHV,IDA,1,0,1,1,0,triangulerad
GIH39E,Simning,IHV,IDA,1,0,1,1,0,triangulerad
GIH39F,Bedömning och betygssättning i idrott och hälsa,IHV,IDA,1,0,1,1,0,triangulerad
GIH39G,"Dans, gymnastik och friidrott",IHV,IDA,1,0,1,1,0,triangulerad
GIH39H,Humanbiologi 1,IHV,IDA,1,0,1,1,0,triangulerad
GIH3AM,Klättringens tränarskap,IHV,IDA,1,0,1,1,0,triangulerad
GIH3AN,Idrott och hälsa I med didaktisk inriktning åk 4-6,IHV,IDA,1,0,1,1,0,triangulerad
GIH3AP,Idrott och hälsa I med didaktisk inriktning,IHV,IDA,1,0,1,1,0,triangulerad
GIH3AQ,Styrketräningens teori och praktiska tillämpning,IHV,IDA,1,0,1,1,0,triangulerad
GIH3C2,Journalistik: Sportreportage och sportkommentering,IHV,IDA,1,0,1,1,0,triangulerad
GIH3C3,,,,0,0,0,0,1,enbart_nedlagd
GIH3CS,Grundläggande idrottsfysiologi,IHV,IDA,1,0,1,1,0,triangulerad
GIH3D4,Träningslära för tävlingsinriktad idrott,IHV,IDA,1,0,1,1,0,triangulerad
GIH3D5,Träningslära för hälsoinriktad fysisk aktivitet,IHV,IDA,1,0,1,1,0,triangulerad
GIH3D6,Näringslära med inriktning mot idrott och fysisk aktivitet,IHV,IDA,1,0,1,1,0,triangulerad
GIH3F4,Idrottspsykologi med praktisk tillämpning,IHV,IDA,1,0,1,1,0,triangulerad
GIH3F5,Idrottens organisation i samhället,IHV,IDA,1,0,1,1,0,triangulerad
GIH3F6,,,,0,0,0,0,1,enbart_nedlagd
GIH3F7,Idrottspedagogik,IHV,IDA,1,0,1,1,0,triangulerad
GIH3F8,Idrottens funktionella anatomi och biomekanik,IHV,IDA,1,0,1,1,0,triangulerad
GIH3F9,Hållbart idrottsledarskap,IHV,IDA,1,0,1,1,0,triangulerad
GIH3FA,Coachning och idrottsdidaktik,IHV,IDA,1,0,1,1,0,triangulerad
GIH3FB,,,,0,0,0,0,1,enbart_nedlagd
GIH3FC,,,,0,0,0,0,1,enbart_nedlagd
GIH3FD,Träningslära,IHV,IDA,1,0,1,1,0,triangulerad
GIH3FE,,,,0,0,0,0,1,enbart_nedlagd
GIH3FF,Tillämpad Idrottsfysiologi,IHV,IDA,1,0,1,1,0,triangulerad
GIH3G4,Examensarbete för högskoleexamen i idrotts- och hälsovetenskap,IHV,IDA,1,0,1,1,0,triangulerad
GIH3G5,Idrottsvetenskaplig metod,IHV,IDA,1,0,1,1,0,triangulerad
GIH3G6,Idrottsvetenskaplig fördjupning,IHV,IDA,1,0,1,1,0,triangulerad
GIH3G7,Prestationsanalys och träningsplanering,IHV,IDA,1,0,1,1,0,triangulerad
GIH3G8,Coachning och träningsprocesser i praktiken,IHV,IDA,1,0,1,1,0,triangulerad
GIH3G9,Entreprenörskap inom idrott och hälsa,IHV,IDA,1,0,1,1,0,triangulerad
GIH3GA,Examensarbete för kandidatexamen i idrotts- och hälsovetenskap,IHV,IDA,1,0,1,1,0,triangulerad
GIH3GB,Introduktion till vetenskapligt skrivande och forskningsmetodik,IHV,IDA,1,0,1,1,0,triangulerad
GIH3GC,Idrottsnutrition,IHV,IDA,1,0,1,1,0,triangulerad
GIH3GD,Idrottspsykologi med praktisk tillämpning,IHV,IDA,1,0,1,1,0,triangulerad
GIH3GE,Idrottens organisation i samhället,IHV,IDA,1,0,1,1,0,triangulerad
GIH3GF,Medier och kommunikation inom idrott,IHV,IDA,1,0,1,1,0,triangulerad
GIH3GG,Idrottens funktionella anatomi och biomekanik,IHV,IDA,1,0,1,1,0,triangulerad
GIH3GH,Åldersanpassad träning,IHV,IDA,1,0,1,1,0,triangulerad
GIH3GJ,Tillämpad motorisk färdighetsträning,IHV,IDA,1,0,1,1,0,triangulerad
GIH3GK,Idrottsmedicin,IHV,IDA,1,0,1,1,0,triangulerad
GIH3JL,Tillämpad idrottsfysiologi,IHV,IDA,1,0,1,1,0,triangulerad
GIK22B,,,,0,0,0,0,1,enbart_nedlagd
GIK22E,,,,0,0,0,0,1,enbart_nedlagd
GIK22G,,,,0,0,0,0,1,enbart_nedlagd
GIK22T,,,,0,0,0,0,1,enbart_nedlagd
GIK22V,,,,0,0,0,0,1,enbart_nedlagd
GIK22W,,,,0,0,0,0,1,enbart_nedlagd
GIK22X,,,,0,0,0,0,1,enbart_nedlagd
GIK233,,,,0,0,0,0,1,enbart_nedlagd
GIK237,,,,0,0,0,0,1,enbart_nedlagd
GIK238,,,,0,0,0,0,1,enbart_nedlagd
GIK23F,,,,0,0,0,0,1,enbart_nedlagd
GIK23H,,,,0,0,0,0,1,enbart_nedlagd
GIK23M,Introduktion till relationsdatabaser,IIT,IKA,1,0,1,1,0,triangulerad
GIK24G,,,,0,0,0,0,1,enbart_nedlagd
GIK258,,,,0,0,0,0,1,enbart_nedlagd
GIK26B,,,,0,0,0,0,1,enbart_nedlagd
GIK26C,,,,0,0,0,0,1,enbart_nedlagd
GIK26F,,,,0,0,0,0,1,enbart_nedlagd
GIK289,Objektorienterad programmering och problemlösning,IIT,IKA,1,0,1,1,0,triangulerad
GIK28T,Examensarbete för kandidatexamen i Informatik,IIT,IKA,1,0,1,1,0,triangulerad
GIK297,,,,0,0,0,0,1,enbart_nedlagd
GIK298,,,,0,0,0,0,1,enbart_nedlagd
GIK299,Objektorienterad programmering,IIT,IKA,1,0,1,1,0,triangulerad
GIK29B,Python- och R-programmering,IIT,IKA,1,0,1,1,0,triangulerad
GIK29G,,,,0,0,0,0,1,enbart_nedlagd
GIK29K,,,,0,0,0,0,1,enbart_nedlagd
GIK2AL,Databassystem,IIT,IKA,1,0,1,1,0,triangulerad
GIK2AM,,,,0,0,0,0,1,enbart_nedlagd
GIK2BD,IT-projekthantering,IIT,IKA,1,0,1,1,0,triangulerad
GIK2BW,,,,0,0,0,0,1,enbart_nedlagd
GIK2F5,,,,0,0,0,0,1,enbart_nedlagd
GIK2F6,,,,0,0,0,0,1,enbart_nedlagd
GIK2F7,,,,0,0,0,0,1,enbart_nedlagd
GIK2F8,,,,0,0,0,0,1,enbart_nedlagd
GIK2FB,Artificiell Intelligens,IIT,IKA,1,0,1,1,0,triangulerad
GIK2FD,,,,0,0,0,0,1,enbart_nedlagd
GIK2GS,,,,0,0,0,0,1,enbart_nedlagd
GIK2H8,,,,0,0,0,0,1,enbart_nedlagd
GIK2H9,,,,0,0,0,0,1,enbart_nedlagd
GIK2JL,,,,0,0,0,0,1,enbart_nedlagd
GIK2JQ,,,,0,0,0,0,1,enbart_nedlagd
GIK2JW,,,,0,0,0,0,1,enbart_nedlagd
GIK2JX,Webbaserade geografiska informationssystem (GIS),IIT,IKA,1,0,1,1,0,triangulerad
GIK2KM,Data Science och maskininlärning,IIT,IKA,1,0,1,1,0,triangulerad
GIK2KT,,,,0,0,0,0,1,enbart_nedlagd
GIK2LF,Digital bild,IIT,IKA,1,0,1,1,0,triangulerad
GIK2LG,,,,0,0,0,0,1,enbart_nedlagd
GIK2LH,,,,0,0,0,0,1,enbart_nedlagd
GIK2LJ,,,,0,0,0,0,1,enbart_nedlagd
GIK2LK,,,,0,0,0,0,1,enbart_nedlagd
GIK2ND,,,,0,0,0,0,1,enbart_nedlagd
GIK2NE,,,,0,0,0,0,1,enbart_nedlagd
GIK2NV,Data Storage and Management Technologies,IIT,IKA,1,0,1,1,0,triangulerad
GIK2NX,Distributed Computing,IIT,IKA,1,0,1,1,0,triangulerad
GIK2P8,,,,0,0,0,0,1,enbart_nedlagd
GIK2PB,Systemförvaltning och test av IT-system,IIT,IKA,1,0,1,1,0,triangulerad
GIK2PC,,,,0,0,0,0,1,enbart_nedlagd
GIK2PD,Hård infrastruktur,IIT,IKA,1,0,1,1,0,triangulerad
GIK2PE,,,,0,0,0,0,1,enbart_nedlagd
GIK2PF,IT-arkitektur,IIT,IKA,1,0,1,1,0,triangulerad
GIK2PG,Projektbaserad systemutveckling,IIT,IKA,1,0,1,1,0,triangulerad
GIK2Q3,Tillämpad Big Data och Cloud Computing,IIT,IKA,1,0,1,1,0,triangulerad
GIK2QQ,,,,0,0,0,0,1,enbart_nedlagd
GIK2QR,,,,0,0,0,0,1,enbart_nedlagd
GIK2QZ,Visuell identitet,IIT,IKA,1,0,1,1,0,triangulerad
GIK2S6,,,,0,0,0,0,1,enbart_nedlagd
GIK2UK,Data- och informationshantering,IIT,IKA,1,0,1,1,0,triangulerad
GIK2V4,Datasäkerhet och integritet,IIT,IKA,1,0,1,1,0,triangulerad
GIK2XH,,,,0,0,0,0,1,enbart_nedlagd
GIK2XJ,Objektorienterad design och problemlösning,IIT,IKA,1,0,1,1,0,triangulerad
GIK2XK,Design av webbapplikationer,IIT,IKA,1,0,1,1,0,triangulerad
GIK2XL,,,,0,0,0,0,1,enbart_nedlagd
GIK2XZ,System och verksamhetsutveckling,IIT,IKA,1,0,1,1,0,triangulerad
GIK2YK,Relationsdatabaser,IIT,IKA,1,0,1,1,0,triangulerad
GIK2YL,Projekt och agila arbetsmetoder,IIT,IKA,1,0,1,1,0,triangulerad
GIK2YM,,,,0,0,0,0,1,enbart_nedlagd
GIK2YN,Programutvecklingsteknik,IIT,IKA,1,0,1,1,0,triangulerad
GIK2YP,Webbdesign,IIT,IKA,1,0,1,1,0,triangulerad
GIK2YQ,,,,0,0,0,0,1,enbart_nedlagd
GIK2YR,Designprinciper och användargränssnitt,IIT,IKA,1,0,1,1,0,triangulerad
GIK32J,Responsiv webbdesign,IIT,IKA,1,0,1,1,0,triangulerad
GIK32K,Layout och typografi,IIT,IKA,1,0,1,1,0,triangulerad
GIK32L,Grafisk design,IIT,IKA,1,0,1,1,0,triangulerad
GIK32M,Strategisk kommunikation,IIT,IKA,1,0,1,1,0,triangulerad
GIK32N,Grafisk produktion,IIT,IKA,1,0,1,1,0,triangulerad
GIK339,Dynamiska webbapplikationer,IIT,IKA,1,0,1,1,0,triangulerad
GIK346,Data Science programmering och dataanalys,IIT,IKA,1,0,1,1,0,triangulerad
GIK347,Interaktionsdesign,IIT,IKA,1,0,1,1,0,triangulerad
GIK348,Användarcentrerad design,IIT,IKA,1,0,1,1,0,triangulerad
GIK34Y,Forskningsmetodik,IIT,IKA,1,0,1,1,0,triangulerad
GIK36Q,Kollaborativt projekt,IIT,IKA,1,0,1,1,0,triangulerad
GIK36R,Applikationsutveckling och testning,IIT,IKA,1,0,1,1,0,triangulerad
GIK373,Informationsdesign,IIT,IKA,1,0,1,1,0,triangulerad
GIK375,Komponentdriven webbdesign,IIT,IKA,1,0,1,1,0,triangulerad
GIK376,Applikationsutveckling för webben,IIT,IKA,1,0,1,1,0,triangulerad
GIK377,Utveckling av digitala tjänster,IIT,IKA,1,0,1,1,0,triangulerad
GIK38G,Design av digitala tjänster,IIT,IKA,1,0,1,1,0,triangulerad
GIK38H,Introduktion till IT och digitala tjänster,IIT,IKA,1,0,1,1,0,triangulerad
GIK38J,Visualisering,IIT,IKA,1,0,1,1,0,triangulerad
GIK3BV,E-samhället: e-förvaltning och digitala tjänster,IIT,IKA,1,0,1,1,0,triangulerad
GIK3BY,Examensarbete för Högskoleexamen i Informatik,IIT,IKA,1,0,1,1,0,triangulerad
GIT245,,,,0,0,0,0,1,enbart_nedlagd
GIT246,,,,0,0,0,0,1,enbart_nedlagd
GIT247,Italienska: Nybörjarkurs I,ISLL,ITA,1,0,1,1,0,triangulerad
GIT25P,,,,0,0,0,0,1,enbart_nedlagd
GIT26V,Italienska B: Grammatik och skriftlig produktion,ISLL,ITA,1,0,1,1,0,triangulerad
GIT26W,Italienska B: Litteraturhistoria med textanalys,ISLL,ITA,1,0,1,1,0,triangulerad
GIT2A2,,,,0,0,0,0,1,enbart_nedlagd
GIT2A3,Italienska B: Muntlig språkfärdighet och kulturkunskap,ISLL,ITA,1,0,1,1,0,triangulerad
GIT2AE,Italienska B: Italienska förr och nu,ISLL,ITA,1,0,1,1,0,triangulerad
GIT2E9,,,,0,0,0,0,1,enbart_nedlagd
GIT2GV,Italienska C: Äldre litteratur med textanalys,ISLL,ITA,1,0,1,1,0,triangulerad
GIT2GW,Italienska C: Italiensk språkvetenskap,ISLL,ITA,1,0,1,1,0,triangulerad
GIT2GX,,,,0,0,0,0,1,enbart_nedlagd
GIT2KF,,,,0,0,0,0,1,enbart_nedlagd
GIT2KG,,,,0,0,0,0,1,enbart_nedlagd
GIT2T4,,,,0,0,0,0,1,enbart_nedlagd
GIT2T5,,,,0,0,0,0,1,enbart_nedlagd
GIT2T6,Italienska nobelpristagare i litteratur,ISLL,ITA,1,0,1,1,0,triangulerad
GIT2T7,,,,0,0,0,0,1,enbart_nedlagd
GIT2T8,,,,0,0,0,0,1,enbart_nedlagd
GIT2T9,,,,0,0,0,0,1,enbart_nedlagd
GIT2TA,,,,0,0,0,0,1,enbart_nedlagd
GIT2TB,,,,0,0,0,0,1,enbart_nedlagd
GIT2TC,,,,0,0,0,0,1,enbart_nedlagd
GIT2TD,Italienska A: Italiensk affärskommunikation och -kultur,ISLL,ITA,1,0,1,1,0,triangulerad
GIT2TE,Italienska A: Fonetik och muntlig språkfärdighet,ISLL,ITA,1,0,1,1,0,triangulerad
GIT2TF,Italienska A: Grammatik och skriftlig språkfärdighet,ISLL,ITA,1,0,1,1,0,triangulerad
GIT2TG,"Italienska A: Kultur och samhälle, norra Italien",ISLL,ITA,1,0,1,1,0,triangulerad
GIT2TH,"Italienska A: Textanalys, en litterär resa i norra Italien",ISLL,ITA,1,0,1,1,0,triangulerad
GIT2TJ,"Italienska A: Textanalys, en litterär resa på de italienska öarna",ISLL,ITA,1,0,1,1,0,triangulerad
GIT2TK,"Italienska A: Kultur och samhälle, de italienska öarna",ISLL,ITA,1,0,1,1,0,triangulerad
GIT2TL,"Italienska A: Kultur och samhälle, södra Italien",ISLL,ITA,1,0,1,1,0,triangulerad
GIT2TM,"Italienska A: Textanalys, en litterär resa i södra Italien",ISLL,ITA,1,0,1,1,0,triangulerad
GIT2TN,"Italienska A: Textanalys, deckargenren",ISLL,ITA,1,0,1,1,0,triangulerad
GIT2TP,"Italienska A: Kultur och samhälle, mellersta Italien",ISLL,ITA,1,0,1,1,0,triangulerad
GIT2TQ,"Italienska A: Textanalys, en litterär resa i mellersta Italien",ISLL,ITA,1,0,1,1,0,triangulerad
GIT2Y8,Italienska A: Kultur och samhälle,ISLL,ITA,1,0,1,1,0,triangulerad
GIT2Y9,"Italienska A: Textanalys, familjeskildringar",ISLL,ITA,1,0,1,1,0,triangulerad
GIT2YA,"Italienska A: Textanalys, krig och fred",ISLL,ITA,1,0,1,1,0,triangulerad
GIT2YB,"Italienska A: Textanalys, det nya millenniets skönlitteratur",ISLL,ITA,1,0,1,1,0,triangulerad
GIT2YC,"Italienska A: Textanalys, 1900-talets skönlitteratur",ISLL,ITA,1,0,1,1,0,triangulerad
GIT2YD,"Italienska A: Textanalys, kvinnoskildringar",ISLL,ITA,1,0,1,1,0,triangulerad
GIT2YE,"Italienska A: Textanalys, barn- och ungdomsskildringar",ISLL,ITA,1,0,1,1,0,triangulerad
GIT397,Italienska C: Examensarbete för kandidatexamen,ISLL,ITA,1,0,1,1,0,triangulerad
GJP23L,Japanska III: Att läsa manga,ISLL,JAA,1,0,1,1,0,triangulerad
GJP23R,,,,0,0,0,0,1,enbart_nedlagd
GJP23S,Japanska I: Språkfärdighet,ISLL,JAA,1,0,1,1,0,triangulerad
GJP23T,,,,0,0,0,0,1,enbart_nedlagd
GJP23U,,,,0,0,0,0,1,enbart_nedlagd
GJP23V,,,,0,0,0,0,1,enbart_nedlagd
GJP23W,,,,0,0,0,0,1,enbart_nedlagd
GJP23X,,,,0,0,0,0,1,enbart_nedlagd
GJP23Y,,,,0,0,0,0,1,enbart_nedlagd
GJP23Z,,,,0,0,0,0,1,enbart_nedlagd
GJP242,Japanska III: Språkfärdighet,ISLL,JAA,1,0,1,1,0,triangulerad
GJP243,Japanska IV: Språkfärdighet,ISLL,JAA,1,0,1,1,0,triangulerad
GJP2CG,,,,0,0,0,0,1,enbart_nedlagd
GJP2MQ,,,,0,0,0,0,1,enbart_nedlagd
GJP2MZ,Japanska II: Språkfärdighet 1,ISLL,JAA,1,0,1,1,0,triangulerad
GJP2N2,Japanska II: Språkfärdighet 2,ISLL,JAA,1,0,1,1,0,triangulerad
GJP37U,Japanska III: Den moderna novellen,ISLL,JAA,1,0,1,1,0,triangulerad
GJP37V,Japanska: Projektbeskrivning,ISLL,JAA,1,0,1,1,0,triangulerad
GJP37W,Japanska IV: Haiku,ISLL,JAA,1,0,1,1,0,triangulerad
GJP39V,Nutida Japan: Kultur och samhälle,ISLL,JAA,1,0,1,1,0,triangulerad
GJP39W,Japanska IV: Kulturantropologi,ISLL,JAA,1,0,1,1,0,triangulerad
GJP39X,Japanska IV: Introduktion till lingvistik,ISLL,JAA,1,0,1,1,0,triangulerad
GJP3AY,Japansk populärkultur representerad i Anime och Manga,ISLL,JAA,1,0,1,1,0,triangulerad
GJP3AZ,Japanska: Introduktion till akademiskt skrivande,ISLL,JAA,1,0,1,1,0,triangulerad
GJP3B2,Japanska IV: Introduktion till översättning,ISLL,JAA,1,0,1,1,0,triangulerad
GJP3B3,Japanska: Kandidatexamensarbete,ISLL,JAA,1,0,1,1,0,triangulerad
GKG2CS,Marknadsanalyser med hjälp av GIS,IKS,KGA,1,0,1,1,0,triangulerad
GKG3A3,Geografiska Informationssystem (GIS) 1: Introduktion,IKS,KGA,1,0,1,1,0,triangulerad
GKG3AT,Geografiska Informationssystem (GIS) 2: Rumslig analys,IKS,KGA,1,0,1,1,0,triangulerad
GKI23D,,,,0,0,0,0,1,enbart_nedlagd
GKI23E,,,,0,0,0,0,1,enbart_nedlagd
GKI244,,,,0,0,0,0,1,enbart_nedlagd
GKI27G,Kinesiska tecken I,ISLL,KIA,1,0,1,1,0,triangulerad
GKI27H,Kinesiska i tal och skrift II,ISLL,KIA,1,0,1,1,0,triangulerad
GKI27J,,,,0,0,0,0,1,enbart_nedlagd
GKI27M,Kinesiska V: Fördjupningskurs i modern kinesiska,ISLL,KIA,1,0,1,1,0,triangulerad
GKI2HT,Kinesisk lingvistik,ISLL,KIA,1,0,1,1,0,triangulerad
GKI2HU,,,,0,0,0,0,1,enbart_nedlagd
GKI2MX,,,,0,0,0,0,1,enbart_nedlagd
GKI2MY,Kinesiska II med didaktisk inriktning,ISLL,KIA,1,0,1,1,0,triangulerad
GKI2PX,Kinesiska: skriftlig tillämpning,ISLL,KIA,1,0,1,1,0,triangulerad
GKI2PY,Kinesiska i tal och skrift III,ISLL,KIA,1,0,1,1,0,triangulerad
GKI2PZ,Kinesisk översättning,ISLL,KIA,1,0,1,1,0,triangulerad
GKI2Q2,Kinesisk språkstruktur,ISLL,KIA,1,0,1,1,0,triangulerad
GKI2Q9,Kinesiska: Det kinesiska samhället,ISLL,KIA,1,0,1,1,0,triangulerad
GKI2QA,Kinesiska: Kandidatexamensarbete,ISLL,KIA,1,0,1,1,0,triangulerad
GKI2TX,,,,0,0,0,0,1,enbart_nedlagd
GKI2VL,Kinas kultur och samhälle - introduktionskurs,ISLL,KIA,1,0,1,1,0,triangulerad
GKI2VM,Kinesiska: Språkinlärning och språkundervisning,ISLL,KIA,1,0,1,1,0,triangulerad
GKI2VN,,,,0,0,0,0,1,enbart_nedlagd
GKI2W3,Kinesiska I med didaktisk inriktning,ISLL,KIA,1,0,1,1,0,triangulerad
GKI3C8,Kinesiska för affärslivet I,ISLL,KIA,1,0,1,1,0,triangulerad
GKI3C9,Kinesiska för affärslivet II,ISLL,KIA,1,0,1,1,0,triangulerad
GKI3CA,Kinesiska i tal och skrift III,ISLL,KIA,1,0,1,1,0,triangulerad
GKI3CB,Kinesiska i tal och skrift IV,ISLL,KIA,1,0,1,1,0,triangulerad
GKI3CC,Kinesiska: Skriftlig tillämpning,ISLL,KIA,1,0,1,1,0,triangulerad
GKI3CD,Kinesiska: Kandidatexamensarbete,ISLL,KIA,1,0,1,1,0,triangulerad
GKI3CE,Kinesiska III med didaktisk inriktning,ISLL,KIA,1,0,1,1,0,triangulerad
GKI3GQ,Kinesisk modern litteratur,ISLL,KIA,1,0,1,1,0,triangulerad
GLP234,Audiovisuell gestaltning,IKS,LPU,1,0,1,1,0,triangulerad
GLP235,Audiovisuella installationer,IKS,LPU,1,0,1,1,0,triangulerad
GLP236,Audiovisuell performance,IKS,LPU,1,0,1,1,0,triangulerad
GLP239,Introduktion till audiovisuell produktion,IKS,LPU,1,0,1,1,0,triangulerad
GLP23A,Audiovisuell komposition,IKS,LPU,1,0,1,1,0,triangulerad
GLP23B,Audiovisuellt berättande,IKS,LPU,1,0,1,1,0,triangulerad
GLP29R,Audioteknologi 1,IKS,LPU,1,0,1,1,0,triangulerad
GLP29S,Ljudskapande till rörliga bilder,IKS,LPU,1,0,1,1,0,triangulerad
GLP29T,Musikproduktion i praktiken,IKS,LPU,1,0,1,1,0,triangulerad
GLP29U,Inspelning i studio för Musik- och ljuddesign,IKS,LPU,1,0,1,1,0,triangulerad
GLP29V,Musikproduktionsanalys,IKS,LPU,1,0,1,1,0,triangulerad
GLP29W,Möten med skilda musikgenrer för Musik- och ljuddesign,IKS,LPU,1,0,1,1,0,triangulerad
GLP29X,Inspelning i studio,IKS,LPU,1,0,1,1,0,triangulerad
GLP2BQ,Medieproduktion som projektarbete,IKS,LPU,1,0,1,1,0,triangulerad
GLP2CX,Musikskapande,IKS,LPU,1,0,1,1,0,triangulerad
GLP2FH,Introduktion till medieproduktion,IKS,LPU,1,0,1,1,0,triangulerad
GLP2FP,Ljudteori,IKS,LPU,1,0,1,1,0,triangulerad
GLP2FZ,Fördjupningskurs i Ljud- och musikproduktion med kandidatexamensarbete,IKS,LPU,1,0,1,1,0,triangulerad
GLP2JZ,Audioteknologi 1,IKS,LPU,1,0,1,1,0,triangulerad
GLP2KH,Ljudskapande till rörliga bilder,IKS,LPU,1,0,1,1,0,triangulerad
GLP2MS,Kommunikationsteorier,IKS,LPU,1,0,1,1,0,triangulerad
GLP2MU,Möten med skilda musikgenrer för Musik- och ljuddesign,IKS,LPU,1,0,1,1,0,triangulerad
GLP2NK,Konceptutveckling inom medieproduktion för Ljud- och musikproduktion,IKS,LPU,1,0,1,1,0,triangulerad
GLP2NL,Vetenskapsteori och metod i Ljud- och musikproduktion,IKS,LPU,1,0,1,1,0,triangulerad
GLP2NN,Kandidatexamensarbete i Ljud- och musikproduktion,IKS,LPU,1,0,1,1,0,triangulerad
GLP2QC,"Projektarbete inom medieproduktion, fördjupningskurs",IKS,LPU,1,0,1,1,0,triangulerad
GLP2QD,Arbetsplatsförlagd utbildning i medieproduktion,IKS,LPU,1,0,1,1,0,triangulerad
GLP2QU,Inspelning i studio,IKS,LPU,1,0,1,1,0,triangulerad
GLP2QX,Möten med skilda musikgenrer,IKS,LPU,1,0,1,1,0,triangulerad
GLP2RK,Musikproduktionsanalys,IKS,LPU,1,0,1,1,0,triangulerad
GLP2UG,Ljudskapande till rörliga bilder,IKS,LPU,1,0,1,1,0,triangulerad
GLP2VS,Arbetsplatsförlagd utbildning i medieproduktion,IKS,LPU,1,0,1,1,0,triangulerad
GLP2VT,Produktionsprocesser inom musikproduktion,IKS,LPU,1,0,1,1,0,triangulerad
GLP2WB,Liveljud och liveinspelning,IKS,LPU,1,0,1,1,0,triangulerad
GLP2WC,"Projektarbete inom medieproduktion, fördjupningskurs",IKS,LPU,1,0,1,1,0,triangulerad
GLP2WP,"Projektarbete inom medieproduktion, fördjupningskurs",IKS,LPU,1,0,1,1,0,triangulerad
GLP32S,Arbetsplatsförlagd utbildning i medieproduktion,IKS,LPU,1,0,1,1,0,triangulerad
GLP33C,Audiovisuell produktion för pedagogisk verksamhet,IKS,LPU,1,0,1,1,0,triangulerad
GLP359,Dansmusikhistoria och klubbkultur 1: DJ-kulturens utveckling 1970-2000,IKS,LPU,1,0,1,1,0,triangulerad
GLP3AH,"Hårdrock och metal: musikproduktion, kultur och kreativa konventioner",IKS,LPU,1,0,1,1,0,triangulerad
GLP3AR,Ljud- och musikproduktion med Pro Tools,IKS,LPU,1,0,1,1,0,triangulerad
GMA25V,,,,0,0,0,0,1,enbart_nedlagd
GMA28W,Linjär algebra,IIT,MAA,1,0,1,1,0,triangulerad
GMA2EY,Byggmatematik,IIT,MAA,1,0,1,1,0,triangulerad
GMA2ZS,Analys i en variabel,IIT,MAA,1,0,1,1,0,triangulerad
GMA2ZT,Inledande matematik,IIT,MAA,1,0,1,1,0,triangulerad
GMA33Z,Matematik för tekniker,IIT,MAA,1,0,1,1,0,triangulerad
GMC22H,Anatomi och fysiologi II,IHV,MCA,1,0,1,1,0,triangulerad
GMC22Z,,,,0,0,0,0,1,enbart_nedlagd
GMC24W,,,,0,0,0,0,1,enbart_nedlagd
GMC24X,,,,0,0,0,0,1,enbart_nedlagd
GMC27V,,,,0,0,0,0,1,enbart_nedlagd
GMC29A,,,,0,0,0,0,1,enbart_nedlagd
GMC2AG,,,,0,0,0,0,1,enbart_nedlagd
GMC2AH,Medicinsk baskurs - Anatomi och fysiologi,IHV,MCA,1,0,1,1,0,triangulerad
GMC2JR,,,,0,0,0,0,1,enbart_nedlagd
GMC2M2,Anatomi och fysiologi II,IHV,MCA,1,0,1,1,0,triangulerad
GMC2S4,,,,0,0,0,0,1,enbart_nedlagd
GMC2XP,,,,0,0,0,0,1,enbart_nedlagd
GMC2ZF,,,,0,0,0,0,1,enbart_nedlagd
GMC32X,Vård och behandling vid blås- och tarmdysfunktion,IHV,MCA,1,0,1,1,0,triangulerad
GMC37E,Anatomi och fysiologi för sjuksköterskor II,IHV,MCA,1,0,1,1,0,triangulerad
GMC37F,"Farmakologi, mikrobiologi och immunologi",IHV,MCA,1,0,1,1,0,triangulerad
GMC37T,Anatomi och fysiologi för sjuksköterskor I,IHV,MCA,1,0,1,1,0,triangulerad
GMD2AQ,,,,0,0,0,0,1,enbart_nedlagd
GMD2AR,Matematik I med didaktisk inriktning,IIT,MDI,1,0,1,1,0,triangulerad
GMD2BH,Matematikdidaktik I,IIT,MDI,1,0,1,1,0,triangulerad
GMD2EP,,,,0,0,1,0,1,blomma_historik_arkiverad
GMD2EQ,,,,0,0,0,0,1,enbart_nedlagd
GMD2ER,,,,0,0,0,0,1,enbart_nedlagd
GMD2EW,,,,0,0,0,0,1,enbart_nedlagd
GMD2EX,Matematikens historia för lärare,IIT,MDI,1,0,1,1,0,triangulerad
GMD2F9,,,,0,0,1,0,1,blomma_historik_arkiverad
GMD2FA,,,,0,0,1,0,1,blomma_historik_arkiverad
GMD2GE,,,,0,0,1,0,1,blomma_historik_arkiverad
GMD2GF,"Matematik för lärare i åk 1-3, 30 hp (1-30). Ingår i Lärarlyftet.",IIT,MDI,1,0,1,1,0,triangulerad
GMD2GG,"Matematik för lärare i åk 4-6, 30 hp (1-30). Ingår i Lärarlyftet.",IIT,MDI,1,0,1,1,0,triangulerad
GMD2GU,Matematikdidaktik II,IIT,MDI,1,0,1,1,0,triangulerad
GMD2H2,Algebra,IIT,MDI,1,0,1,1,0,triangulerad
GMD2H3,Statistik och sannolikhetslära,IIT,MDI,1,0,1,1,0,triangulerad
GMD2H4,Geometri,IIT,MDI,1,0,1,1,0,triangulerad
GMD2H5,Envariabelanalys,IIT,MDI,1,0,1,1,0,triangulerad
GMD2HE,Matematik 1a för grundlärare F-3,IIT,MDI,1,0,1,1,0,triangulerad
GMD2HF,Matematik 1b för grundlärare F-3,IIT,MDI,1,0,1,1,0,triangulerad
GMD2HG,Matematik 2 för grundlärare F-3,IIT,MDI,1,0,1,1,0,triangulerad
GMD2HH,Matematik 1a för grundlärare 4-6,IIT,MDI,1,0,1,1,0,triangulerad
GMD2HJ,Matematik 1b för grundlärare 4-6,IIT,MDI,1,0,1,1,0,triangulerad
GMD2HK,Matematik 2 för grundlärare 4-6,IIT,MDI,1,0,1,1,0,triangulerad
GMD2K9,,,,0,0,0,0,1,enbart_nedlagd
GMD2MG,,,,0,0,1,0,1,blomma_historik_arkiverad
GMD2MH,Statistik och sannolikhetslära,IIT,MDI,1,0,1,1,0,triangulerad
GMD2MJ,Envariabelanalys,IIT,MDI,1,0,1,1,0,triangulerad
GMD2PA,Matematikinlärning för förskollärare som undervisar i förskoleklass,IIT,MDI,1,0,1,1,0,triangulerad
GMD2SB,,,,0,0,1,0,1,blomma_historik_arkiverad
GMD2TV,Matematik II med didaktisk inriktning,IIT,MDI,1,0,1,1,0,triangulerad
GMD2XQ,"Matematik för lärare i gymnasieskolan, 90 hp (1-90 hp). Ingår i lärarlyftet",IIT,MDI,1,0,1,1,0,triangulerad
GMD33X,Matematik för lärare i åk 7-9,IIT,MDI,1,0,1,1,0,triangulerad
GMD33Y,Matematik för lärare i gymnasieskolan,IIT,MDI,1,0,1,1,0,triangulerad
GMD3FX,Matematikutveckling i förskoleklass och årskurs 1–3 utifrån första- och andraspråksperspektiv,IIT,MDI,1,0,1,1,0,triangulerad
GMD3GZ,Matematikdidaktik I,IIT,MDI,1,0,1,1,0,triangulerad
GMD3K4,Lärande och undervisning på kognitionsvetenskaplig grund,IIT,MDI,0,0,0,1,0,nyare_än_andra
GMI22F,,,,0,0,0,0,1,enbart_nedlagd
GMI23G,Logik och matematik för datavetenskap,IIT,XYZ,1,0,1,1,0,triangulerad
GMI23N,,,,0,0,0,0,1,enbart_nedlagd
GMI24H,Algoritmer och mjukvarudesign,IIT,XYZ,1,0,1,1,0,triangulerad
GMI255,,,,0,0,0,0,1,enbart_nedlagd
GMI26H,Kryptografi,IIT,XYZ,1,0,1,1,0,triangulerad
GMI28V,,,,0,0,0,0,1,enbart_nedlagd
GMI29F,,,,0,0,0,0,1,enbart_nedlagd
GMI2BT,,,,0,0,0,0,1,enbart_nedlagd
GMI2BU,,,,0,0,0,0,1,enbart_nedlagd
GMI2C8,Examensarbete för kandidatexamen i Mikrodataanalys,IIT,XYZ,1,0,1,1,0,triangulerad
GMI2J3,Mjukvarutestning 1,IIT,XYZ,1,0,1,1,0,triangulerad
GMI2MD,Internet of Things,IIT,XYZ,1,0,1,1,0,triangulerad
GMI2NW,Mjukvarutestning 2,IIT,XYZ,1,0,1,1,0,triangulerad
GMI35R,Operativsystem,IIT,XYZ,1,0,1,1,0,triangulerad
GMI35S,Skriptprogrammering,IIT,XYZ,1,0,1,1,0,triangulerad
GMN3DY,Introduktion till medieproduktion,IKS,MPR,1,0,1,1,0,triangulerad
GMN3DZ,Grunder i filmproduktion,IKS,MPR,1,0,1,1,0,triangulerad
GMN3E2,"Dramaturgi, manusskrivande och medieproduktionens villkor",IKS,MPR,1,0,1,1,0,triangulerad
GMN3E3,Konceptutveckling,IKS,MPR,1,0,1,1,0,triangulerad
GMN3E4,Musikproduktion i studio,IKS,MPR,1,0,1,1,0,triangulerad
GMN3E8,,,,0,0,0,0,1,enbart_nedlagd
GMN3E9,Dialog och personregi för manusbundet berättande för olika medieplattformar,IKS,MPR,1,0,1,1,0,triangulerad
GMN3EA,Producentperspektiv,IKS,MPR,1,0,1,1,0,triangulerad
GMN3EB,Audioteknologi och -teori,IKS,MPR,1,0,1,1,0,triangulerad
GMN3EC,Audiovisuella perspektiv,IKS,MPR,1,0,1,1,0,triangulerad
GMN3ED,Uppsats i medieproduktion,IKS,MPR,1,0,1,1,0,triangulerad
GMN3EE,Medier och samhälle,IKS,MPR,1,0,1,1,0,triangulerad
GMN3EF,Filmklippning,IKS,MPR,1,0,1,1,0,triangulerad
GMN3EG,Dokumentärt berättande,IKS,MPR,1,0,1,1,0,triangulerad
GMN3EH,TV-produktion och nyhetsmedier,IKS,MPR,1,0,1,1,0,triangulerad
GMN3EJ,Liveljud,IKS,MPR,1,0,1,1,0,triangulerad
GMN3EK,Dokumentärfilmsproduktion,IKS,MPR,1,0,1,1,0,triangulerad
GMN3EL,Att utveckla och skriva för serier,IKS,MPR,1,0,1,1,0,triangulerad
GMN3EM,Flerkameraproduktion,IKS,MPR,1,0,1,1,0,triangulerad
GMN3EN,Komposition och musikskapande,IKS,MPR,1,0,1,1,0,triangulerad
GMN3EP,Entreprenörskap för medieproducenter,IKS,MPR,1,0,1,1,0,triangulerad
GMN3EQ,Professionella filmproduktionsprocesser,IKS,MPR,1,0,1,1,0,triangulerad
GMN3ER,Konstnärliga skrivmetoder och processer,IKS,MPR,1,0,1,1,0,triangulerad
GMN3ES,Medieproduktion för beställare,IKS,MPR,1,0,1,1,0,triangulerad
GMN3ET,Ljudnarration,IKS,MPR,1,0,1,1,0,triangulerad
GMN3EW,Medieproduktion som projektarbete,IKS,MPR,1,0,1,1,0,triangulerad
GMN3EX,Alternativa gestaltningsformer,IKS,MPR,1,0,1,1,0,triangulerad
GMN3EY,Vetenskapsteori och metod i Medieproduktion,IKS,MPR,1,0,1,1,0,triangulerad
GMN3EZ,Kandidatexamensarbete i Medieproduktion,IKS,MPR,1,0,1,1,0,triangulerad
GMN3F2,Exponeringsprojekt inom Medieproduktion,IKS,MPR,1,0,1,1,0,triangulerad
GMN3F3,Verksamhetsförlagd utbildning inom medieproduktion,IKS,MPR,1,0,1,1,0,triangulerad
GMN3GY,Postproduktion,IKS,MPR,1,0,1,1,0,triangulerad
GMN3JF,"Dramaturgi, manusskrivande och medieproduktionens villkor",IKS,MPR,1,0,1,1,0,triangulerad
GMP29H,,,,0,0,0,0,1,enbart_nedlagd
GMP29J,,,,0,0,0,0,1,enbart_nedlagd
GMP2CH,,,,0,0,0,0,1,enbart_nedlagd
GMP2CJ,,,,0,0,0,0,1,enbart_nedlagd
GMP2LL,,,,0,0,0,0,1,enbart_nedlagd
GMT224,,,,0,0,0,0,1,enbart_nedlagd
GMT228,Produktutvecklingsmetoder,IIT,MTA,1,0,1,1,0,triangulerad
GMT22A,,,,0,0,0,0,1,enbart_nedlagd
GMT22C,,,,0,0,0,0,1,enbart_nedlagd
GMT232,,,,0,0,0,0,1,enbart_nedlagd
GMT259,,,,0,0,0,0,1,enbart_nedlagd
GMT25B,,,,0,0,0,0,1,enbart_nedlagd
GMT25Z,Examensarbete Högskoleingenjör Maskinteknik,IIT,MTA,1,0,1,1,0,triangulerad
GMT268,,,,0,0,0,0,1,enbart_nedlagd
GMT2CU,,,,0,0,0,0,1,enbart_nedlagd
GMT2CV,,,,0,0,0,0,1,enbart_nedlagd
GMT2KD,,,,0,0,0,0,1,enbart_nedlagd
GMT2QF,Finita element metoden i praktiken,IIT,MTA,1,0,1,1,0,triangulerad
GMT2WL,3D-printing översiktskurs,IIT,MTA,1,0,1,1,0,triangulerad
GMT338,3D-CAD – grundkurs,IIT,MTA,1,0,1,1,0,triangulerad
GMT343,Produktionsteknik,IIT,MTA,1,0,1,1,0,triangulerad
GMT344,Materialets roll i produktionskedjan,IIT,MTA,1,0,1,1,0,triangulerad
GMT349,Introduktion till produktionsteknik med mätteknik,IIT,MTA,1,0,1,1,0,triangulerad
GMT34A,Additiv tillverkning (3D printing),IIT,MTA,1,0,1,1,0,triangulerad
GMT34K,Automation - robotik,IIT,MTA,1,0,1,1,0,triangulerad
GMT34L,Automation - styrteknik,IIT,MTA,1,0,1,1,0,triangulerad
GMT34P,CAM/CNC,IIT,MTA,1,0,1,1,0,triangulerad
GMT34Q,Hållbar produktion,IIT,MTA,1,0,1,1,0,triangulerad
GMT34R,Materialprovning och materialanalys,IIT,MTA,1,0,1,1,0,triangulerad
GMT34W,Examensarbete för högskoleexamen i maskinteknik,IIT,MTA,1,0,1,1,0,triangulerad
GMT3BW,Mekanik,IIT,MTA,1,0,1,1,0,triangulerad
GMT3HZ,Assisterande produkter,IIT,MTA,1,0,1,1,0,triangulerad
GMT3J2,Grunderna i fysisk och kognitiv tillgänglighet,IIT,MTA,1,0,1,1,0,triangulerad
GMT3J3,Grundläggande materialteknik med materialval,IIT,MTA,1,0,1,1,0,triangulerad
GMT3J4,Introduktion till assisterande teknik,IIT,MTA,1,0,1,1,0,triangulerad
GMT3JQ,Mekatronik,IIT,MTA,0,0,0,1,0,nyare_än_andra
GMT3JR,Termodynamik,IIT,MTA,0,0,0,1,0,nyare_än_andra
GMT3JT,Tillämpning av regelverk för assisterande produkter,IIT,MTA,0,0,0,1,0,nyare_än_andra
GMT3JU,Smarta hem och e-hälsoteknik,IIT,MTA,0,0,0,1,0,nyare_än_andra
GMT3JV,Assisterande robotik,IIT,MTA,0,0,0,1,0,nyare_än_andra
GMT3JY,Tillverkning,IIT,MTA,0,0,0,1,0,nyare_än_andra
GMT3JZ,Fysik för tekniker,IIT,MTA,0,0,0,1,0,nyare_än_andra
GNA2NT,Finansiella marknader och penningpolitik,IKS,NAA,1,0,1,1,0,triangulerad
GNA2RY,Statistik för ekonomer,IKS,NAA,1,0,1,1,0,triangulerad
GNA3B7,"Mikroekonomi, introduktion",IKS,NAA,1,0,1,1,0,triangulerad
GNA3B8,"Makroekonomi, introduktion",IKS,NAA,1,0,1,1,0,triangulerad
GNA3B9,Internationell ekonomi,IKS,NAA,1,0,1,1,0,triangulerad
GNA3BA,Finansiella marknader och penningpolitik,IKS,NAA,1,0,1,1,0,triangulerad
GNA3D9,Statistik för ekonomer,IKS,NAA,1,0,1,1,0,triangulerad
GNA3DA,Finansiell ekonomi,IKS,NAA,1,0,1,1,0,triangulerad
GNA3FN,"Mikroekonomi, introduktion",IKS,NAA,1,0,1,1,0,triangulerad
GNV25X,,,,0,0,0,0,1,enbart_nedlagd
GNV2KY,Naturvetenskap och teknik i förskolan - med didaktisk inriktning,IHV,NAV,1,0,1,1,0,triangulerad
GNV367,"Naturorienterande ämnen och teknik för grundlärare, åk 4-6",IHV,NAV,1,0,1,1,0,triangulerad
GNV396,Teknik för grundlärare i förskoleklass och årskurs 1-6,IHV,NAV,1,0,1,1,0,triangulerad
GNV3GU,Teknik för lärare i årskurs 4-6. Ingår i lärarlyftet.,IHV,NAV,1,0,1,1,0,triangulerad
GNV3GV,Naturorienterande ämnen och teknik för lärare i årskurs 1-3. Ingår i lärarlyftet.,IHV,NAV,1,0,1,1,0,triangulerad
GPA24L,,,,0,0,0,0,1,enbart_nedlagd
GPA257,,,,0,0,0,0,1,enbart_nedlagd
GPA267,,,,0,0,0,0,1,enbart_nedlagd
GPA269,,,,0,0,0,0,1,enbart_nedlagd
GPA26A,,,,0,0,0,0,1,enbart_nedlagd
GPA295,,,,0,0,0,0,1,enbart_nedlagd
GPA2AK,,,,0,0,0,0,1,enbart_nedlagd
GPA2CM,,,,0,0,0,0,1,enbart_nedlagd
GPA2F2,,,,0,0,0,0,1,enbart_nedlagd
GPA2FL,Samspel i organisationen - gruppen,IKS,PEE,1,0,1,1,0,triangulerad
GPA2FM,,,,0,0,0,0,1,enbart_nedlagd
GPA2FN,,,,0,0,0,0,1,enbart_nedlagd
GPA2FW,Personalekonomi och lön,IKS,PEE,1,0,1,1,0,triangulerad
GPA2FX,,,,0,0,0,0,1,enbart_nedlagd
GPA2G2,,,,0,0,0,0,1,enbart_nedlagd
GPA2G3,,,,0,0,0,0,1,enbart_nedlagd
GPA2J9,,,,0,0,0,0,1,enbart_nedlagd
GPA2JV,,,,0,0,0,0,1,enbart_nedlagd
GPA2JY,,,,0,0,0,0,1,enbart_nedlagd
GPA2K3,Marknadsföring för personalvetare,IKS,PEE,1,0,1,1,0,triangulerad
GPA2K4,,,,0,0,0,0,1,enbart_nedlagd
GPA2K6,,,,0,0,0,0,1,enbart_nedlagd
GPA2K7,,,,0,0,0,0,1,enbart_nedlagd
GPA2KU,Implementering av hållbar strategisk styrning,IKS,PEE,1,0,1,1,0,triangulerad
GPA2LM,Personal och arbetsliv - en introduktion,IKS,PEE,1,0,1,1,0,triangulerad
GPA2LN,Ekonomi- och verksamhetsstyrning för personalvetare,IKS,PEE,1,0,1,1,0,triangulerad
GPA2NU,,,,0,0,0,0,1,enbart_nedlagd
GPA2NY,Strategiskt och internationellt personalarbete,IKS,PEE,1,0,1,1,0,triangulerad
GPA2P5,,,,0,0,0,0,1,enbart_nedlagd
GPA2P7,Samhällsvetenskaplig metod och vetenskapsteori II,IKS,PEE,1,0,1,1,0,triangulerad
GPA2R6,Kompetensförsörjning - avveckling och förändring,IKS,PEE,1,0,1,1,0,triangulerad
GPA2WD,,,,0,0,0,0,1,enbart_nedlagd
GPA2XX,,,,0,0,0,0,1,enbart_nedlagd
GPA32D,Individuella lärprocesser och kompetensutveckling,IKS,PEE,1,0,1,1,0,triangulerad
GPA32E,Kollektiva lärprocesser och lärande organisation,IKS,PEE,1,0,1,1,0,triangulerad
GPA32Q,,,,0,0,0,0,1,enbart_nedlagd
GPA32R,,,,0,0,0,0,1,enbart_nedlagd
GPA353,Ledarskap,IKS,PEE,1,0,1,1,0,triangulerad
GPA354,"Arbetsrätt, avtal och förhandling",IKS,PEE,1,0,1,1,0,triangulerad
GPA355,,,,0,0,0,0,1,enbart_nedlagd
GPA356,,,,0,0,0,0,1,enbart_nedlagd
GPA357,Praktik för personalvetare,IKS,PEE,1,0,1,1,0,triangulerad
GPE2SA,Utbildningssystemet i Sverige,IKS,PEA,1,0,1,1,0,triangulerad
GPE3AJ,Att leda kollegiala lärprocesser i förskola och skola,IKS,PEA,1,0,1,1,0,triangulerad
GPG22J,Att handleda lärarstuderande - kurs för verksamhetsförlagda lärarutbildare,IKS,PGA,1,0,1,1,0,triangulerad
GPG22K,Examensarbete för ämneslärarexamen - KPU,IKS,PGA,1,0,1,1,0,triangulerad
GPG22Y,,,,0,0,0,0,1,enbart_nedlagd
GPG24J,,,,0,0,0,0,1,enbart_nedlagd
GPG24S,,,,0,0,0,0,1,enbart_nedlagd
GPG254,,,,0,0,0,0,1,enbart_nedlagd
GPG25C,,,,0,0,0,0,1,enbart_nedlagd
GPG25U,,,,0,0,0,0,1,enbart_nedlagd
GPG263,,,,0,0,0,0,1,enbart_nedlagd
GPG27X,Lärares ledarskap,IKS,PGA,1,0,1,1,0,triangulerad
GPG28R,,,,0,0,0,0,1,enbart_nedlagd
GPG2A9,,,,0,0,0,0,1,enbart_nedlagd
GPG2AA,,,,0,0,0,0,1,enbart_nedlagd
GPG2DK,,,,0,0,0,0,1,enbart_nedlagd
GPG2DL,,,,0,0,0,0,1,enbart_nedlagd
GPG2DQ,,,,0,0,0,0,1,enbart_nedlagd
GPG2DR,,,,0,0,0,0,1,enbart_nedlagd
GPG2DS,,,,0,0,0,0,1,enbart_nedlagd
GPG2DT,,,,0,0,0,0,1,enbart_nedlagd
GPG2DU,,,,0,0,0,0,1,enbart_nedlagd
GPG2E6,Examensarbete för grundlärarexamen inriktning F-3 del 1,IKS,PGA,1,0,1,1,0,triangulerad
GPG2E7,Examensarbete för grundlärarexamen inriktning 4-6 del 1,IKS,PGA,1,0,1,1,0,triangulerad
GPG2E8,,,,0,0,0,0,1,enbart_nedlagd
GPG2EG,,,,0,0,0,0,1,enbart_nedlagd
GPG2EH,,,,0,0,0,0,1,enbart_nedlagd
GPG2EJ,,,,0,0,0,0,1,enbart_nedlagd
GPG2ES,,,,0,0,0,0,1,enbart_nedlagd
GPG2ET,,,,0,0,0,0,1,enbart_nedlagd
GPG2EU,,,,0,0,0,0,1,enbart_nedlagd
GPG2GQ,,,,0,0,0,0,1,enbart_nedlagd
GPG2LZ,"Sociala relationer, konflikter och makt i grundskolan åk 4-6 (varav 7,5 hp VFU)",IKS,PGA,1,0,1,1,0,triangulerad
GPG2M9,"Sociala relationer, konflikter och makt i förskoleklass och grundskolan åk 1-3 (varav 7,5 hp VFU)",IKS,PGA,1,0,1,1,0,triangulerad
GPG2N6,,,,0,0,0,0,1,enbart_nedlagd
GPG2N7,Skolväsendets historia,IKS,PGA,1,0,1,1,0,triangulerad
GPG2N8,,,,0,0,0,0,1,enbart_nedlagd
GPG2QG,,,,0,0,0,0,1,enbart_nedlagd
GPG2QN,,,,0,0,0,0,1,enbart_nedlagd
GPG2QP,Undervisning och ledarskap (varav 10 hp VFU),IKS,PGA,1,0,1,1,0,triangulerad
GPG2RG,,,,0,0,0,0,1,enbart_nedlagd
GPG2RH,Undervisning och ledarskap - KPU (varav 10 hp VFU),IKS,PGA,1,0,1,1,0,triangulerad
GPG2RJ,,,,0,0,0,0,1,enbart_nedlagd
GPG2RR,"Kunskap, lärande och bedömning",IKS,PGA,1,0,1,1,0,triangulerad
GPG2RS,Ämnesdidaktik och specialpedagogik (varav 10 hp VFU),IKS,PGA,1,0,1,1,0,triangulerad
GPG2S7,"Kunskap, lärande och bedömning - KPU",IKS,PGA,1,0,1,1,0,triangulerad
GPG2S8,Ämnesdidaktik och specialpedagogik - KPU (varav 10 hp VFU),IKS,PGA,1,0,1,1,0,triangulerad
GPG2S9,"Sociala relationer, konflikter och makt i grundskolan åk 7-9 och gymnasieskolan",IKS,PGA,1,0,1,1,0,triangulerad
GPG2SC,"Samhällsorienterande ämnen, årskurs 4-6",IKS,PGA,1,0,1,1,0,triangulerad
GPG2SG,"Omsorg, relationer och etik i förskolläraryrket",IKS,PGA,1,0,1,1,0,triangulerad
GPG2SH,"Lek i förskolan (varav 7,5 hp VFU)",IKS,PGA,1,0,1,1,0,triangulerad
GPG2TS,,,,0,0,0,0,1,enbart_nedlagd
GPG2TT,"Omsorg, relationer och etik i förskolläraryrket",IKS,PGA,1,0,1,1,0,triangulerad
GPG2VA,,,,0,0,0,0,1,enbart_nedlagd
GPG2VW,Professionellt lärarskap och skolutveckling (varav 10 hp VFU),IKS,PGA,1,0,1,1,0,triangulerad
GPG2VX,Självständigt arbete för yrkeslärare,IKS,PGA,1,0,1,1,0,triangulerad
GPG2WR,Examensarbete för ämneslärare (grundnivå),IKS,PGA,1,0,1,1,0,triangulerad
GPG2Y4,,,,0,0,0,0,1,enbart_nedlagd
GPG2Y5,,,,0,0,0,0,1,enbart_nedlagd
GPG2Y7,,,,0,0,0,0,1,enbart_nedlagd
GPG2YG,Kommunikation och berättande i ett flerspråkigt klassrum för grundlärare årskurs F-3,IKS,PGA,1,0,1,1,0,triangulerad
GPG2YH,Verksamhetsförlagd utbildning för lärare (YRK),IKS,PGA,1,0,1,1,0,triangulerad
GPG2Z3,Bedömning och betygssättning - VAL,IKS,PGA,1,0,1,1,0,triangulerad
GPG2Z4,Utveckling och lärande - VAL,IKS,PGA,1,0,1,1,0,triangulerad
GPG2Z5,,,,0,0,0,0,1,enbart_nedlagd
GPG2Z6,Sociala relationer och konflikthantering - VAL,IKS,PGA,1,0,1,1,0,triangulerad
GPG2Z7,Skolans samhällsuppdrag - VAL,IKS,PGA,1,0,1,1,0,triangulerad
GPG2Z8,,,,0,0,0,0,1,enbart_nedlagd
GPG326,"Didaktik och ledarskap för ämneslärare inriktning gymnasieskolan (inkl 7,5 hp VFU)",IKS,PGA,1,0,1,1,0,triangulerad
GPG327,"Didaktik och ledarskap för ämneslärare inriktning årskurs 7-9 (inkl 7,5 hp VFU)",IKS,PGA,1,0,1,1,0,triangulerad
GPG328,"Utveckling och lärande för ämneslärare inriktning åk 7-9 (varav 7,5 hp VFU)",IKS,PGA,1,0,1,1,0,triangulerad
GPG329,"Utveckling och lärande för ämneslärare inriktning gymnasieskolan (varav 7,5 hp VFU)",IKS,PGA,1,0,1,1,0,triangulerad
GPG32A,Skolväsendets historia och samhällsuppdrag - ämneslärare,IKS,PGA,1,0,1,1,0,triangulerad
GPG33D,"Utveckling, lärande och ledarskap - VAL",IKS,PGA,1,0,1,1,0,triangulerad
GPG33E,"Sociala relationer, skolans historiska utveckling och samhällsuppdrag - VAL",IKS,PGA,1,0,1,1,0,triangulerad
GPG33F,Didaktik och bedömning - VAL,IKS,PGA,1,0,1,1,0,triangulerad
GPG33G,,,,0,0,0,0,1,enbart_nedlagd
GPG33H,,,,0,0,0,0,1,enbart_nedlagd
GPG33Q,,,,0,0,0,0,1,enbart_nedlagd
GPG34J,,,,0,0,0,0,1,enbart_nedlagd
GPG368,,,,0,0,0,0,1,enbart_nedlagd
GPG36A,Didaktik och läroplansteori - KPU,IKS,PGA,1,0,1,1,0,triangulerad
GPG36B,Didaktik och läroplansteori,IKS,PGA,1,0,1,1,0,triangulerad
GPG3AB,Introduktion till läraryrket för ämneslärare årskurs 7–9 - AIL,IKS,PGA,1,0,1,1,0,triangulerad
GPG3AC,Didaktik och ledarskap för ämneslärare årskurs 7–9 - AIL,IKS,PGA,1,0,1,1,0,triangulerad
GPG3AD,Verksamhetsförlagd utbildning 1 för ämneslärare årskurs 7–9 - AIL,IKS,PGA,1,0,1,1,0,triangulerad
GPG3AE,Utveckling och lärande för ämneslärare årskurs 7-9 - AIL,IKS,PGA,1,0,1,1,0,triangulerad
GPG3AF,Specialpedagogik och ett läraruppdrag i förändring för ämneslärare årskurs 7–9 - AIL,IKS,PGA,1,0,1,1,0,triangulerad
GPG3AG,Verksamhetsförlagd utbildning 2 för ämneslärare årskurs 7–9 - AIL,IKS,PGA,1,0,1,1,0,triangulerad
GPG3BD,Introduktion till läraryrket,IKS,PGA,1,0,1,1,0,triangulerad
GPG3BE,Didaktik och ledarskap - VAL,IKS,PGA,1,0,1,1,0,triangulerad
GPG3CF,"Utveckling och lärande i förskoleklass och grundskolans åk 1-3 (varav 7,5 hp VFU)",IKS,PGA,1,0,1,1,0,triangulerad
GPG3CG,"Utveckling och lärande i grundskolans åk 4-6 (varav 7,5 hp VFU)",IKS,PGA,1,0,1,1,0,triangulerad
GPG3CH,"Didaktik och ledarskap i förskoleklass och grundskolans årskurs 1-3 (inkl 7,5 hp VFU)",IKS,PGA,1,0,1,1,0,triangulerad
GPG3CJ,"Didaktik och ledarskap i grundskolans årskurs 4-6 (inkl 7,5 hp VFU)",IKS,PGA,1,0,1,1,0,triangulerad
GPG3CK,Skolväsendets historia och samhällsuppdrag - förskoleklass och grundskolan åk 1-6,IKS,PGA,1,0,1,1,0,triangulerad
GPG3CL,"Samhällsorienterande ämnen, årskurs 4-6",IKS,PGA,1,0,1,1,0,triangulerad
GPG3CN,Undervisning och lärande genom rollspel - inriktning pedagogiskt arbete,IKS,PGA,1,0,1,1,0,triangulerad
GPG3EU,Didaktik och läroplansteori,IKS,PGA,1,0,1,1,0,triangulerad
GPG3EV,Professionellt lärarskap och skolutveckling (varav 10 hp VFU),IKS,PGA,1,0,1,1,0,triangulerad
GPG3FR,Introduktion till studier i program - VAL,IKS,PGA,1,0,1,1,0,triangulerad
GPG3FS,Verksamhetsförlagd utbildning 1 - VAL,IKS,PGA,1,0,1,1,0,triangulerad
GPG3FT,Verksamhetsförlagd utbildning 2 - VAL,IKS,PGA,1,0,1,1,0,triangulerad
GPG3FU,Utvärdering och utvecklingsarbete - VAL,IKS,PGA,1,0,1,1,0,triangulerad
GPG3FV,Självständigt arbete - VAL,IKS,PGA,1,0,1,1,0,triangulerad
GPG3JC,Utbildningssystemet i Sverige,IKS,PGA,1,0,1,1,0,triangulerad
GPG3JD,Att leda kollegiala lärprocesser i förskola och skola,IKS,PGA,1,0,1,1,0,triangulerad
GPG3JP,Interkulturell och inkluderande undervisning i globala sammanhang,IKS,PGA,0,0,0,1,0,nyare_än_andra
GPR256,Portugisiska: Kandidatexamensarbete,ISLL,PRA,1,0,1,1,0,triangulerad
GPR276,,,,0,0,0,0,1,enbart_nedlagd
GPR279,Det nutida Brasilien: Litteratur och samhälle,ISLL,PRA,1,0,1,1,0,triangulerad
GPR29Z,,,,0,0,0,0,1,enbart_nedlagd
GPR2VP,Portugisiska: Vetenskaplig specialisering och fördjupning,ISLL,PRA,1,0,1,1,0,triangulerad
GPR2VQ,,,,0,0,0,0,1,enbart_nedlagd
GPR2W2,Portugisiska: Språk i samhället – teoretiska perspektiv,ISLL,PRA,1,0,1,1,0,triangulerad
GPR2X8,Portugisiska: Introduktion till studier av samtida litteratur på portugisiska,ISLL,PRA,1,0,1,1,0,triangulerad
GPR2X9,Det nutida Portugal: Litteratur och samhälle,ISLL,PRA,1,0,1,1,0,triangulerad
GPR2XA,Portugisiska: Transkulturalitet och genus i samtidslitteraturen,ISLL,PRA,1,0,1,1,0,triangulerad
GPR2XR,Portugisiska: Grammatik och skriftlig språkfärdighet I,ISLL,PRA,1,0,1,1,0,triangulerad
GPR2XS,Portugisiska: Fonetik och muntlig språkfärdighet I,ISLL,PRA,1,0,1,1,0,triangulerad
GPR2Z2,"Språk, litteratur och kultur: Vetenskaplig metod och akademiskt skrivande",ISLL,PRA,1,0,1,1,0,triangulerad
GPR3E5,Kommunikation på arbetsplatsen: Interkulturalitet och inkludering,ISLL,PRA,1,0,1,1,0,triangulerad
GPR3GM,Portugisiska: Grundläggande kurs I och II,ISLL,PRA,1,0,1,1,0,triangulerad
GPR3GN,Portugisiska I,ISLL,PRA,1,0,1,1,0,triangulerad
GPR3GP,Portugisiska II,ISLL,PRA,1,0,1,1,0,triangulerad
GPR3GR,Kommunikation på arbetsplatsen: Interkulturalitet och inkludering,ISLL,PRA,1,0,1,1,0,triangulerad
GRK25S,,,,0,0,0,0,1,enbart_nedlagd
GRK278,,,,0,0,0,0,1,enbart_nedlagd
GRK2CD,,,,0,0,0,0,1,enbart_nedlagd
GRK2DM,,,,0,0,0,0,1,enbart_nedlagd
GRK2DN,,,,0,0,0,0,1,enbart_nedlagd
GRK2ED,,,,0,0,0,0,1,enbart_nedlagd
GRK2EF,Västerländsk buddhism,IKS,RKA,1,0,1,1,0,triangulerad
GRK2JE,,,,0,0,0,0,1,enbart_nedlagd
GRK2JF,,,,0,0,0,0,1,enbart_nedlagd
GRK2JJ,"Mänskliga rättigheter: Migranter, barn och minoriteter",IKS,RKA,1,0,1,1,0,triangulerad
GRK2JK,Mänskliga rättigheters framtid: Hållbarhet och nutida sociala utmaningar,IKS,RKA,1,0,1,1,0,triangulerad
GRK2KJ,,,,0,0,0,0,1,enbart_nedlagd
GRK2KK,,,,0,0,0,0,1,enbart_nedlagd
GRK2KL,Mänskliga rättigheter: Examensarbete för kandidatexamen,IKS,RKA,1,0,1,1,0,triangulerad
GRK2L3,,,,0,0,0,0,1,enbart_nedlagd
GRK2L4,,,,0,0,0,0,1,enbart_nedlagd
GRK2NZ,,,,0,0,0,0,1,enbart_nedlagd
GRK2P2,,,,0,0,0,0,1,enbart_nedlagd
GRK2P3,Religionsvetenskap III: Aktuella religionsvetenskapliga teman,IKS,RKA,1,0,1,1,0,triangulerad
GRK2P4,Religionsvetenskap III med didaktisk inriktning för gymnasieskolan,IKS,RKA,1,0,1,1,0,triangulerad
GRK2Q4,Religionsvetenskap I,IKS,RKA,1,0,1,1,0,triangulerad
GRK2Q5,Religionsvetenskap I med didaktisk inriktning,IKS,RKA,1,0,1,1,0,triangulerad
GRK2R7,Religionsvetenskap III: Uppsats,IKS,RKA,1,0,1,1,0,triangulerad
GRK2R8,Religionsvetenskap III: Examensarbete för kandidatexamen,IKS,RKA,1,0,1,1,0,triangulerad
GRK2TW,Introduktion till mänskliga rättigheter i Afrika,IKS,RKA,1,0,1,1,0,triangulerad
GRK2TY,Religionsvetenskap II,IKS,RKA,1,0,1,1,0,triangulerad
GRK2TZ,Religionsvetenskap II med didaktisk inriktning,IKS,RKA,1,0,1,1,0,triangulerad
GRK323,"Jerusalem som religiöst, historiskt och politiskt konfliktfylld plats. Berättelser ur ämnesdidaktiska perspektiv",IKS,RKA,1,0,1,1,0,triangulerad
GRK324,Religionsvetenskap III med didaktisk inriktning för gymnasieskolan,IKS,RKA,1,0,1,1,0,triangulerad
GRK32C,Religionsdidaktik,IKS,RKA,1,0,1,1,0,triangulerad
GRK366,Barn och unga i slutna religiösa miljöer,IKS,RKA,1,0,1,1,0,triangulerad
GRK36J,Från populärkultur till fiktionsbaserad religion,IKS,RKA,1,0,1,1,0,triangulerad
GRK36M,Religionsvetenskap III: Examensarbete för kandidatexamen,IKS,RKA,1,0,1,1,0,triangulerad
GRK36N,Religionsvetenskap III: Uppsats med didaktisk inriktning,IKS,RKA,1,0,1,1,0,triangulerad
GRK3B4,Levd religion: fältstudieresa utifrån ämnesteoretiska och religionsdidaktiska perspektiv,IKS,RKA,1,0,1,1,0,triangulerad
GRK3CQ,Undervisning och lärande genom rollspel – inriktning religionsdidaktik,IKS,RKA,1,0,1,1,0,triangulerad
GRV22R,Dataskyddsjuridik,IKS,RVA,1,0,1,1,0,triangulerad
GRV266,Beskattningsrätt,IKS,RVA,1,0,1,1,0,triangulerad
GRV2CE,Småföretagens regelverk,IKS,RVA,1,0,1,1,0,triangulerad
GRV2FC,Arbetsrätt I,IKS,RVA,1,0,1,1,0,triangulerad
GRV2MK,Småföretagens regelverk I,IKS,RVA,1,0,1,1,0,triangulerad
GRV3BF,IT-rätt,IKS,RVA,1,0,1,1,0,triangulerad
GRY24Q,,,,0,0,0,0,1,enbart_nedlagd
GRY24R,,,,0,0,0,0,1,enbart_nedlagd
GRY284,Det postsovjetiska ryska samhället,ISLL,RYA,1,0,1,1,0,triangulerad
GRY285,Ryska II: Muntlig språkfärdighet,ISLL,RYA,1,0,1,1,0,triangulerad
GRY286,Ryska II: Rysslands kultur- och idéhistoria,ISLL,RYA,1,0,1,1,0,triangulerad
GRY287,Ryska IV: Grammatik och skriftlig språkfärdighet,ISLL,RYA,1,0,1,1,0,triangulerad
GRY28E,,,,0,0,0,0,1,enbart_nedlagd
GRY28F,,,,0,0,0,0,1,enbart_nedlagd
GRY28G,,,,0,0,0,0,1,enbart_nedlagd
GRY28H,Ryska I: Grundläggande kurs 3,ISLL,RYA,1,0,1,1,0,triangulerad
GRY28J,Ryska II: Grammatik och skriftlig språkfärdighet,ISLL,RYA,1,0,1,1,0,triangulerad
GRY28K,Ryska III: Muntlig språkfärdighet,ISLL,RYA,1,0,1,1,0,triangulerad
GRY28L,Ryska III: Grammatik och skriftlig språkfärdighet,ISLL,RYA,1,0,1,1,0,triangulerad
GRY28P,Ryska V: Ryska språkets historia: Från näverbrev till Twitter,ISLL,RYA,1,0,1,1,0,triangulerad
GRY28S,,,,0,0,0,0,1,enbart_nedlagd
GRY28U,Ryska III: Rysk litteratur mellan 1800 och 1917,ISLL,RYA,1,0,1,1,0,triangulerad
GRY2B2,,,,0,0,0,0,1,enbart_nedlagd
GRY2B3,Ryska IV: Muntlig språkfärdighet,ISLL,RYA,1,0,1,1,0,triangulerad
GRY2B4,Ryska IV: Rysk litteratur mellan 1917 och 1991,ISLL,RYA,1,0,1,1,0,triangulerad
GRY2BR,Ryska V: Samtida rysk litteratur och kultur,ISLL,RYA,1,0,1,1,0,triangulerad
GRY2BS,Ryska V: Kandidatexamensarbete,ISLL,RYA,1,0,1,1,0,triangulerad
GRY2FV,,,,0,0,0,0,1,enbart_nedlagd
GRY2G5,,,,0,0,0,0,1,enbart_nedlagd
GRY2HL,Introduktion till rysk opera 1,ISLL,RYA,1,0,1,1,0,triangulerad
GRY2KA,,,,0,0,0,0,1,enbart_nedlagd
GRY2KC,,,,0,0,0,0,1,enbart_nedlagd
GRY2LB,,,,0,0,0,0,1,enbart_nedlagd
GRY2LE,"Rysk folklore: Tro, magi och fruktan genom tiderna",ISLL,RYA,1,0,1,1,0,triangulerad
GRY2YW,Ryska för modersmålslärare: språkdidaktik i ett flerspråkigt perspektiv,ISLL,RYA,1,0,1,1,0,triangulerad
GRY325,Introduktion till rysk opera 2,ISLL,RYA,1,0,1,1,0,triangulerad
GRY36F,Rysk litteratur: från bok till film,ISLL,RYA,1,0,1,1,0,triangulerad
GRY36G,Introduktion till rysk film,ISLL,RYA,1,0,1,1,0,triangulerad
GRY36H,Sovjetisk och postsovjetisk science fiction-film,ISLL,RYA,1,0,1,1,0,triangulerad
GRY37X,Ryska för modersmålslärare: språkets struktur i ett kontrastivt perspektiv,ISLL,RYA,1,0,1,1,0,triangulerad
GRY38R,Ryska I: Grundläggande kurs 1,ISLL,RYA,1,0,1,1,0,triangulerad
GRY38S,Ryska I: Grundläggande kurs 2,ISLL,RYA,1,0,1,1,0,triangulerad
GRY38T,Ryska I: Grundläggande kurs 1 och 2,ISLL,RYA,1,0,1,1,0,triangulerad
GSA24U,Perspektiv på våld,IHV,SAA,1,0,1,1,0,triangulerad
GSA24V,Familjeperspektiv på socialt arbete,IHV,SAA,1,0,1,1,0,triangulerad
GSA24Y,,,,0,0,0,0,1,enbart_nedlagd
GSA27T,,,,0,0,0,0,1,enbart_nedlagd
GSA27U,,,,0,0,0,0,1,enbart_nedlagd
GSA27Y,Psykologiska perspektiv på socialt arbete,IHV,SAA,1,0,1,1,0,triangulerad
GSA27Z,,,,0,0,0,0,1,enbart_nedlagd
GSA2AF,Examensarbete för socionomexamen,IHV,SAA,1,0,1,1,0,triangulerad
GSA2BV,Socialt arbete i praktik och teori,IHV,SAA,1,0,1,1,0,triangulerad
GSA2DW,"Försörjning, rehabilitering och aktivering i socialt arbete",IHV,SAA,1,0,1,1,0,triangulerad
GSA2E3,Forskningsmetoder och vetenskaplighet i socialt arbete,IHV,SAA,1,0,1,1,0,triangulerad
GSA2E4,Arbetsmetoder i socialt arbete,IHV,SAA,1,0,1,1,0,triangulerad
GSA2E5,Utredning i socialt arbete,IHV,SAA,1,0,1,1,0,triangulerad
GSA2GZ,Introduktion till kognitiv beteendeterapi,IHV,SAA,1,0,1,1,0,triangulerad
GSA2NA,Introduktion till vetenskapligt arbete,IHV,SAA,1,0,1,1,0,triangulerad
GSA2NC,"Organisation, grupp och samverkan",IHV,SAA,1,0,1,1,0,triangulerad
GSA2RE,Socialpolitikens betydelse för socialt arbete,IHV,SAA,1,0,1,1,0,triangulerad
GSA2SD,Arbetsmetoder i socialt arbete,IHV,SAA,1,0,1,1,0,triangulerad
GSA2SE,Arbetsmetoder och utvärdering i socialt arbete,IHV,SAA,1,0,1,1,0,triangulerad
GSA2XN,Missbruk och beroende,IHV,SAA,1,0,1,1,0,triangulerad
GSA32Y,"Organisation, grupp och samverkan",IHV,SAA,1,0,1,1,0,triangulerad
GSA352,Internationellt socialt arbete: samtida debatter och praktiker,IHV,SAA,1,0,1,1,0,triangulerad
GSA3AS,Samsjuklighet - skadligt bruk eller beroende och samtidig psykisk ohälsa,IHV,SAA,1,0,1,1,0,triangulerad
GSA3DM,Välfärdsinsatser och brukarperspektiv,IHV,SAA,1,0,1,1,0,triangulerad
GSA3DN,"Försörjning, rehabilitering och aktivering i socialt arbete",IHV,SAA,1,0,1,1,0,triangulerad
GSA3DP,Missbruk och beroende,IHV,SAA,1,0,1,1,0,triangulerad
GSA3DQ,Familjeperspektiv på socialt arbete,IHV,SAA,1,0,1,1,0,triangulerad
GSA3DR,Perspektiv på våld,IHV,SAA,1,0,1,1,0,triangulerad
GSA3DS,"Organisation, grupp och samverkan",IHV,SAA,1,0,1,1,0,triangulerad
GSA3FK,Utredning i socialt arbete,IHV,SAA,1,0,1,1,0,triangulerad
GSA3FL,"Organisation, grupp och samverkan",IHV,SAA,1,0,1,1,0,triangulerad
GSA3HA,"Försörjning, rehabilitering och aktivering i socialt arbete",IHV,SAA,1,0,1,1,0,triangulerad
GSK2C9,Civilsamhälle och demokrati i Sverige,IKS,SKA,1,0,1,1,0,triangulerad
GSK2K2,"Segregationens dimensioner, orsaker och konsekvenser",IKS,SKA,1,0,1,1,0,triangulerad
GSK2PM,Politiska idéer,IKS,SKA,1,0,1,1,0,triangulerad
GSK2PN,Politiskt deltagande,IKS,SKA,1,0,1,1,0,triangulerad
GSK2PP,Politiska system i jämförande perspektiv,IKS,SKA,1,0,1,1,0,triangulerad
GSK2PQ,Politik i Sverige och EU,IKS,SKA,1,0,1,1,0,triangulerad
GSK2PR,Offentlig förvaltning,IKS,SKA,1,0,1,1,0,triangulerad
GSK2PS,Internationella relationer,IKS,SKA,1,0,1,1,0,triangulerad
GSK2PT,Samhällsvetenskapliga metoder I - inriktning statsvetenskap,IKS,SKA,1,0,1,1,0,triangulerad
GSK2PU,Examensarbete för högskoleexamen i statsvetenskap,IKS,SKA,1,0,1,1,0,triangulerad
GSK2PV,Samhällsvetenskapliga metoder II - inriktning statsvetenskap,IKS,SKA,1,0,1,1,0,triangulerad
GSK2PW,Examensarbete för kandidatexamen i statsvetenskap,IKS,SKA,1,0,1,1,0,triangulerad
GSK2QE,Tematisk forskningsintroduktion i statsvetenskap,IKS,SKA,1,0,1,1,0,triangulerad
GSK2UH,Examensarbete för högskoleexamen i statsvetenskap,IKS,SKA,1,0,1,1,0,triangulerad
GSK2UJ,Examensarbete för kandidatexamen i statsvetenskap,IKS,SKA,1,0,1,1,0,triangulerad
GSK38P,Svensk politik och samhälle - kontinuitet och förändring,IKS,SKA,1,0,1,1,0,triangulerad
GSO23Q,,,,0,0,0,0,1,enbart_nedlagd
GSO25D,,,,0,0,0,0,1,enbart_nedlagd
GSO25E,,,,0,0,0,0,1,enbart_nedlagd
GSO26K,,,,0,0,0,0,1,enbart_nedlagd
GSO29C,,,,0,0,0,0,1,enbart_nedlagd
GSO2PL,Sociala exkluderingsprocesser,IKS,SOA,1,0,1,1,0,triangulerad
GSO2UA,Sociologi I,IKS,SOA,1,0,1,1,0,triangulerad
GSO2UC,Kriminologi i ett sociologiskt perspektiv,IKS,SOA,1,0,1,1,0,triangulerad
GSO2XU,Sociologi II,IKS,SOA,1,0,1,1,0,triangulerad
GSO2XV,Sociologi III,IKS,SOA,1,0,1,1,0,triangulerad
GSO33U,Sociologi III,IKS,SOA,1,0,1,1,0,triangulerad
GSO36X,Digitalisering och samhälle,IKS,SOA,1,0,1,1,0,triangulerad
GSO3D8,Introduktion till samhällsvetenskap,IKS,SOA,1,0,1,1,0,triangulerad
GSP28C,Spanska III med didaktisk inriktning för gymnasieskolan,ISLL,SPA,1,0,1,1,0,triangulerad
GSP2A4,,,,0,0,0,0,1,enbart_nedlagd
GSP2AV,,,,0,0,0,0,1,enbart_nedlagd
GSP2AW,,,,0,0,0,0,1,enbart_nedlagd
GSP2AX,,,,0,0,0,0,1,enbart_nedlagd
GSP2CY,,,,0,0,0,0,1,enbart_nedlagd
GSP2FQ,Spanska II med didaktisk inriktning,ISLL,SPA,1,0,1,1,0,triangulerad
GSP2FR,"Spanska, Språkdidaktik II",ISLL,SPA,1,0,1,1,0,triangulerad
GSP2FY,,,,0,0,0,0,1,enbart_nedlagd
GSP2JH,"Spanska för lärare åk 7-9, 45 hp (1-45 hp). Ingår i Lärarlyftet.",ISLL,SPA,1,0,1,1,0,triangulerad
GSP2KS,Spanska III Lingvistisk inriktning: Kandidatexamensarbete,ISLL,SPA,1,0,1,1,0,triangulerad
GSP2SJ,,,,0,0,0,0,1,enbart_nedlagd
GSP2SK,"Spanska I: Den spanskspråkiga världen - historia, kultur och samhälle",ISLL,SPA,1,0,1,1,0,triangulerad
GSP2SL,Spanska I: Fonetik och muntlig språkfärdighet,ISLL,SPA,1,0,1,1,0,triangulerad
GSP2SR,Spanska I: Språkfärdighet och grammatik,ISLL,SPA,1,0,1,1,0,triangulerad
GSP2T2,,,,0,0,0,0,1,enbart_nedlagd
GSP2T3,,,,0,0,0,0,1,enbart_nedlagd
GSP2W6,Spanska: Språkdidaktik I,ISLL,SPA,1,0,1,1,0,triangulerad
GSP2W7,Spanska I: Modern spanskspråkig litteratur,ISLL,SPA,1,0,1,1,0,triangulerad
GSP2W8,Spanska I med didaktisk inriktning,ISLL,SPA,1,0,1,1,0,triangulerad
GSP2YT,Spanska II: Akademiskt skrivande,ISLL,SPA,1,0,1,1,0,triangulerad
GSP39N,Spanska: Förberedande kurs,ISLL,SPA,1,0,1,1,0,triangulerad
GSP3GW,Spanska III Lingvistisk inriktning: Kandidatexamensarbete,ISLL,SPA,1,0,1,1,0,triangulerad
GSQ23J,Befolkning och sociala perspektiv,IIT,SQQ,1,0,1,1,0,triangulerad
GSQ23K,Planeringsprojekt,IIT,SQQ,1,0,1,1,0,triangulerad
GSQ25F,Form och gestaltning,IIT,SQQ,1,0,1,1,0,triangulerad
GSQ25G,,,,0,0,0,0,1,enbart_nedlagd
GSQ25H,,,,0,0,0,0,1,enbart_nedlagd
GSQ25J,Vetenskaplig metod,IIT,SQQ,1,0,1,1,0,triangulerad
GSQ25K,Stadsbyggnad,IIT,SQQ,1,0,1,1,0,triangulerad
GSQ25N,Examensarbete för kandidatexamen i Samhällsbyggnadsteknik,IIT,SQQ,1,0,1,1,0,triangulerad
GSQ25R,,,,0,0,0,0,1,enbart_nedlagd
GSQ2DH,Introduktion till GIS,IIT,SQQ,1,0,1,1,0,triangulerad
GSQ2H7,Gestaltad livsmiljö,IIT,SQQ,1,0,1,1,0,triangulerad
GSQ2J4,Regional och ekonomisk planering,IIT,SQQ,1,0,1,1,0,triangulerad
GSQ2L8,Fysisk planering II - översiktsplanering,IIT,SQQ,1,0,1,1,0,triangulerad
GSQ2L9,Geografiska Informationssystem för samhällsplanering,IIT,SQQ,1,0,1,1,0,triangulerad
GSQ2LA,Samhällsplanering och IT,IIT,SQQ,1,0,1,1,0,triangulerad
GSQ2MC,Trafikplanering,IIT,SQQ,1,0,1,1,0,triangulerad
GSQ2PH,Fysisk planering III - genomförande och juridisk fördjupning,IIT,SQQ,1,0,1,1,0,triangulerad
GSQ2R5,Urban och regional analys,IIT,SQQ,1,0,1,1,0,triangulerad
GSQ2VY,Demografisk och social planering,IIT,SQQ,1,0,1,1,0,triangulerad
GSQ2WM,Introduktion till Geografiska Informationssystem för samhällsplanering,IIT,SQQ,1,0,1,1,0,triangulerad
GSQ2Y2,Vetenskaplig metod,IIT,SQQ,1,0,1,1,0,triangulerad
GSQ33M,Planeringsprojekt,IIT,SQQ,1,0,1,1,0,triangulerad
GSQ33N,Stadsbyggnad,IIT,SQQ,1,0,1,1,0,triangulerad
GSR2A5,Ungdomar och unga vuxnas reproduktiva hälsa och rättigheter I,IHV,SRP,1,0,1,1,0,triangulerad
GSR2KZ,"Människa, hälsa, hållbarhet i ett mångkulturellt samhälle",IHV,SRP,1,0,1,1,0,triangulerad
GSR2ZH,Ungdomar och unga vuxnas sexuella och reproduktiva hälsa och rättigheter I,IHV,SRP,1,0,1,1,0,triangulerad
GSR38B,Sexuell och reproduktiv hälsa samt rättigheter för ungdomar och unga vuxna i Ukraina,IHV,SRP,1,0,1,1,0,triangulerad
GSR3BZ,Global sexuell och reproduktiv hälsa samt rättigheter för ungdomar och unga vuxna,IHV,SRP,1,0,1,1,0,triangulerad
GSS22M,Studiehandledning på modersmål,ISLL,SSA,1,0,1,1,0,triangulerad
GSS22N,,,,0,0,0,0,1,enbart_nedlagd
GSS22P,Den globala skolan - förskola och grundskola,ISLL,SSA,1,0,1,1,0,triangulerad
GSS23P,,,,0,0,0,0,1,enbart_nedlagd
GSS24B,,,,0,0,0,0,1,enbart_nedlagd
GSS27L,,,,0,0,0,0,1,enbart_nedlagd
GSS28D,,,,0,0,0,0,1,enbart_nedlagd
GSS2BL,,,,0,0,0,0,1,enbart_nedlagd
GSS2BM,,,,0,0,0,0,1,enbart_nedlagd
GSS2BX,,,,0,0,0,0,1,enbart_nedlagd
GSS2BY,Svenska språkets struktur i ett andraspråksperspektiv,ISLL,SSA,1,0,1,1,0,triangulerad
GSS2BZ,Skriftspråksutveckling i ett flerspråkigt perspektiv,ISLL,SSA,1,0,1,1,0,triangulerad
GSS2C2,,,,0,0,0,0,1,enbart_nedlagd
GSS2C3,,,,0,0,0,0,1,enbart_nedlagd
GSS2C4,Bedömning och respons i ett andraspråksperspektiv,ISLL,SSA,1,0,1,1,0,triangulerad
GSS2C5,Fonetik och uttal i ett andraspråksperspektiv,ISLL,SSA,1,0,1,1,0,triangulerad
GSS2C6,Fiktionsberättande  och elevtext i ett flerspråkigt perspektiv,ISLL,SSA,1,0,1,1,0,triangulerad
GSS2C7,,,,0,0,0,0,1,enbart_nedlagd
GSS2EA,,,,0,0,0,0,1,enbart_nedlagd
GSS2FJ,Flerspråkighet och andraspråksutveckling,ISLL,SSA,1,0,1,1,0,triangulerad
GSS2FK,Svenska som andraspråk I med didaktisk inriktning,ISLL,SSA,1,0,1,1,0,triangulerad
GSS2FS,,,,0,0,0,0,1,enbart_nedlagd
GSS2FT,,,,0,0,0,0,1,enbart_nedlagd
GSS2G8,"Svenska som andraspråk för lärare i åk 4-6, 30 hp (1-30 hp). Ingår i Lärarlyftet.",ISLL,SSA,1,0,1,1,0,triangulerad
GSS2GP,Modersmål: Arabiska III med didaktisk inriktning,ISLL,SSA,1,0,1,1,0,triangulerad
GSS2J5,"Svenska i vardags-, samhälls- och arbetsliv för internationella studenter",ISLL,SSA,1,0,1,1,0,triangulerad
GSS2JA,"Svenska som andraspråk för lärare i gymnasieskolan, 90 hp (1-90 hp). Ingår i Lärarlyftet.",ISLL,SSA,1,0,1,1,0,triangulerad
GSS2KE,,,,0,0,0,0,1,enbart_nedlagd
GSS2L2,Modersmål: Arabiska I med didaktisk inriktning,ISLL,SSA,1,0,1,1,0,triangulerad
GSS2MN,Svenska som andraspråk II med didaktisk inriktning,ISLL,SSA,1,0,1,1,0,triangulerad
GSS2MP,,,,0,0,0,0,1,enbart_nedlagd
GSS2QV,Svenska som andraspråk III med didaktisk inriktning för gymnasieskolan,ISLL,SSA,1,0,1,1,0,triangulerad
GSS2X7,,,,0,0,0,0,1,enbart_nedlagd
GSS2XE,"Svenska som andraspråk för lärare i gymnasieskolan, 90 hp (1-90 hp). Ingår i Lärarlyftet.",ISLL,SSA,1,0,1,1,0,triangulerad
GSS2YV,,,,0,0,0,0,1,enbart_nedlagd
GSS35H,Modersmål: Arabiska II med didaktisk inriktning,ISLL,SSA,1,0,1,1,0,triangulerad
GSS36C,Sociolingvistik i ett flerspråkigt perspektiv,ISLL,SSA,1,0,1,1,0,triangulerad
GSS39P,Svenska som andraspråk III - Andraspråksforskning: en forskningsöversikt,ISLL,SSA,1,0,1,1,0,triangulerad
GSS39Q,Svenska som andraspråk III - Andraspråksforskning: tematisk fördjupning,ISLL,SSA,1,0,1,1,0,triangulerad
GSS39R,Svenska som andraspråk III med didaktisk inriktning för gymnasieskolan,ISLL,SSA,1,0,1,1,0,triangulerad
GSS39S,Den globala skolan - undervisning inom grundskolan,ISLL,SSA,1,0,1,1,0,triangulerad
GSS39T,Den globala skolan - undervisning inom gymnasieskolan,ISLL,SSA,1,0,1,1,0,triangulerad
GSS39U,Den globala skolan - undervisning inom vuxenutbildningen,ISLL,SSA,1,0,1,1,0,triangulerad
GSS3BG,Grundläggande svenska som andraspråk I (nivå CEFR A1-A2.1),ISLL,SSA,1,0,1,1,0,triangulerad
GSS3BH,Grundläggande svenska som andraspråk  II (nivå CEFR A2.2),ISLL,SSA,1,0,1,1,0,triangulerad
GSS3BJ,Grundläggande svenska som andraspråk III (nivå CEFR B1.1),ISLL,SSA,1,0,1,1,0,triangulerad
GSS3BK,Grundläggande svenska som andraspråk IV (nivå CEFR B1.2),ISLL,SSA,1,0,1,1,0,triangulerad
GSS3BL,Grundläggande svenska som andraspråk V (nivå CEFR B2),ISLL,SSA,1,0,1,1,0,triangulerad
GSS3BM,"Språk, undervisning och lärande i ett andraspråksperspektiv",ISLL,SSA,1,0,1,1,0,triangulerad
GSS3BN,Svenska som andraspråk II med didaktisk inriktning,ISLL,SSA,1,0,1,1,0,triangulerad
GSS3BP,Bedömning av avancerade språkfärdigheter hos inlärare av svenska som andraspråk,ISLL,SSA,1,0,1,1,0,triangulerad
GSS3C6,Lärande genom fiktionstext i gymnasieskolan,ISLL,SSA,1,0,1,1,0,triangulerad
GSS3C7,Svenska som andraspråk III med didaktisk inriktning för gymnasieskolan,ISLL,SSA,1,0,1,1,0,triangulerad
GSS3H8,Svenska som andraspråk II,ISLL,SSA,1,0,1,1,0,triangulerad
GSS3H9,Ämnesspecifikt språk,ISLL,SSA,1,0,1,1,0,triangulerad
GSS3HB,Modersmål med didaktisk inriktning,ISLL,SSA,1,0,1,1,0,triangulerad
GSS3HC,Introduktion till modersmålsundervisning och studiehandledning på modersmålet,ISLL,SSA,1,0,1,1,0,triangulerad
GSS3HD,Språkdidaktik med fokus på modersmål och flerspråkighet,ISLL,SSA,1,0,1,1,0,triangulerad
GSS3HE,Sociolingvistiska perspektiv på modersmålsundervisning,ISLL,SSA,1,0,1,1,0,triangulerad
GSS3HF,Flerspråkiga perspektiv på skriftspråksutveckling,ISLL,SSA,1,0,1,1,0,triangulerad
GSS3HG,Svenska som andraspråk III med didaktisk inriktning för gymnasieskolan,ISLL,SSA,1,0,1,1,0,triangulerad
GSS3HH,Lärande genom fiktionstext i gymnasieskolan,ISLL,SSA,1,0,1,1,0,triangulerad
GSS3HJ,Svenska som andraspråk II med didaktisk inriktning,ISLL,SSA,1,0,1,1,0,triangulerad
GSS3K2,Litteraturdidaktik för ämneslärare i svenska som andraspråk på gymnasial nivå,ISLL,SSA,0,0,0,1,0,nyare_än_andra
GST2CL,Statistisk analys,IIT,STA,1,0,1,1,0,triangulerad
GSV22L,,,,0,0,0,0,1,enbart_nedlagd
GSV26X,,,,0,0,0,0,1,enbart_nedlagd
GSV26Y,,,,0,0,0,0,1,enbart_nedlagd
GSV26Z,,,,0,0,0,0,1,enbart_nedlagd
GSV27W,,,,0,0,0,0,1,enbart_nedlagd
GSV28M,,,,0,0,0,0,1,enbart_nedlagd
GSV28N,,,,0,0,0,0,1,enbart_nedlagd
GSV2BN,Svenska: Text och tal,ISLL,SVE,1,0,1,1,0,triangulerad
GSV2BP,Svenska: Barn- och ungdomslitteratur i samhällsdialog,ISLL,SVE,1,0,1,1,0,triangulerad
GSV2CZ,,,,0,0,0,0,1,enbart_nedlagd
GSV2D2,,,,0,0,0,0,1,enbart_nedlagd
GSV2D3,,,,0,0,0,0,1,enbart_nedlagd
GSV2DF,,,,0,0,0,0,1,enbart_nedlagd
GSV2P9,Läs- och skrivinlärning för förskollärare i förskoleklass,ISLL,SVE,1,0,1,1,0,triangulerad
GSV2ZU,Svenska 1 för grundlärare 4-6,ISLL,SVE,1,0,1,1,0,triangulerad
GSV2ZV,Svenska 1 för grundlärare F-3,ISLL,SVE,1,0,1,1,0,triangulerad
GSV2ZW,Svenska 2 för grundlärare F-3,ISLL,SVE,1,0,1,1,0,triangulerad
GSV2ZX,Svenska 2 för grundlärare 4-6,ISLL,SVE,1,0,1,1,0,triangulerad
GSV3DD,Svenska med didaktisk inriktning I,ISLL,SVE,1,0,1,1,0,triangulerad
GSV3DE,Svenska med didaktisk inriktning II,ISLL,SVE,1,0,1,1,0,triangulerad
GSV3DF,Svenska med didaktisk inriktning III för gymnasieskolan,ISLL,SVE,1,0,1,1,0,triangulerad
GSV3FP,"Språk-, läs- och skrivutveckling i förskoleklass och årskurs 1–3 utifrån första- och andraspråksperspektiv",ISLL,SVE,1,0,1,1,0,triangulerad
GSV3JE,"Språk-, läs- och skrivutveckling i åldrarna 5–9 år",ISLL,SVE,1,0,1,1,0,triangulerad
GT1001,,,,0,0,0,0,1,enbart_nedlagd
GT1002,,,,0,0,0,0,1,enbart_nedlagd
GT1003,,,,0,0,0,0,1,enbart_nedlagd
GT1004,,,,0,0,0,0,1,enbart_nedlagd
GT1005,,,,0,0,0,0,1,enbart_nedlagd
GT1006,,,,0,0,0,0,1,enbart_nedlagd
GT1007,,,,0,0,0,0,1,enbart_nedlagd
GT1008,,,,0,0,0,0,1,enbart_nedlagd
GT1009,,,,0,0,0,0,1,enbart_nedlagd
GT1010,,,,0,0,0,0,1,enbart_nedlagd
GT1011,,,,0,0,0,0,1,enbart_nedlagd
GT1012,,,,0,0,0,0,1,enbart_nedlagd
GT1013,,,,0,0,0,0,1,enbart_nedlagd
GT1014,,,,0,0,0,0,1,enbart_nedlagd
GT1015,,,,0,0,0,0,1,enbart_nedlagd
GT1016,,,,0,0,0,0,1,enbart_nedlagd
GT1017,,,,0,0,0,0,1,enbart_nedlagd
GT1018,,,,0,0,0,0,1,enbart_nedlagd
GT1019,,,,0,0,0,0,1,enbart_nedlagd
GT1020,,,,0,0,0,0,1,enbart_nedlagd
GT1021,,,,0,0,0,0,1,enbart_nedlagd
GT1022,,,,0,0,0,0,1,enbart_nedlagd
GT1023,,,,0,0,0,0,1,enbart_nedlagd
GT1024,,,,0,0,0,0,1,enbart_nedlagd
GT1025,,,,0,0,0,0,1,enbart_nedlagd
GT1026,,,,0,0,0,0,1,enbart_nedlagd
GT1027,,,,0,0,0,0,1,enbart_nedlagd
GT1028,,,,0,0,0,0,1,enbart_nedlagd
GT1029,,,,0,0,0,0,1,enbart_nedlagd
GT1030,,,,0,0,0,0,1,enbart_nedlagd
GT1031,,,,0,0,0,0,1,enbart_nedlagd
GT1032,,,,0,0,0,0,1,enbart_nedlagd
GT1033,,,,0,0,0,0,1,enbart_nedlagd
GT1034,,,,0,0,0,0,1,enbart_nedlagd
GT1035,,,,0,0,0,0,1,enbart_nedlagd
GT1036,,,,0,0,0,0,1,enbart_nedlagd
GT1037,,,,0,0,0,0,1,enbart_nedlagd
GT1038,,,,0,0,0,0,1,enbart_nedlagd
GT1039,,,,0,0,0,0,1,enbart_nedlagd
GT1040,,,,0,0,1,0,1,blomma_historik_arkiverad
GT1041,,,,0,0,1,0,1,blomma_historik_arkiverad
GT1042,,,,0,0,0,0,1,enbart_nedlagd
GT1043,,,,0,0,0,0,1,enbart_nedlagd
GT1044,,,,0,0,1,0,1,blomma_historik_arkiverad
GT1045,,,,0,0,1,0,1,blomma_historik_arkiverad
GT1046,,,,0,0,0,0,1,enbart_nedlagd
GT1047,,,,0,0,0,0,1,enbart_nedlagd
GT1048,,,,0,0,0,0,1,enbart_nedlagd
GT1049,,,,0,0,0,0,1,enbart_nedlagd
GT1050,,,,0,0,0,0,1,enbart_nedlagd
GT1051,,,,0,0,0,0,1,enbart_nedlagd
GT2001,,,,0,0,0,0,1,enbart_nedlagd
GT2002,,,,0,0,0,0,1,enbart_nedlagd
GT2003,,,,0,0,0,0,1,enbart_nedlagd
GT2004,,,,0,0,0,0,1,enbart_nedlagd
GT2005,,,,0,0,0,0,1,enbart_nedlagd
GT2006,,,,0,0,0,0,1,enbart_nedlagd
GT2007,,,,0,0,0,0,1,enbart_nedlagd
GT2008,,,,0,0,0,0,1,enbart_nedlagd
GT2009,,,,0,0,0,0,1,enbart_nedlagd
GT2010,,,,0,0,0,0,1,enbart_nedlagd
GT2011,,,,0,0,0,0,1,enbart_nedlagd
GT2012,,,,0,0,0,0,1,enbart_nedlagd
GT2013,,,,0,0,0,0,1,enbart_nedlagd
GT2014,,,,0,0,0,0,1,enbart_nedlagd
GT2015,,,,0,0,0,0,1,enbart_nedlagd
GT2016,,,,0,0,0,0,1,enbart_nedlagd
GT2017,,,,0,0,0,0,1,enbart_nedlagd
GT2018,,,,0,0,0,0,1,enbart_nedlagd
GT2019,,,,0,0,0,0,1,enbart_nedlagd
GT2020,,,,0,0,0,0,1,enbart_nedlagd
GT2021,,,,0,0,0,0,1,enbart_nedlagd
GT2022,,,,0,0,0,0,1,enbart_nedlagd
GT2023,,,,0,0,0,0,1,enbart_nedlagd
GT2024,,,,0,0,0,0,1,enbart_nedlagd
GT2025,,,,0,0,0,0,1,enbart_nedlagd
GT2026,,,,0,0,0,0,1,enbart_nedlagd
GT2027,,,,0,0,0,0,1,enbart_nedlagd
GT2028,,,,0,0,0,0,1,enbart_nedlagd
GT2029,,,,0,0,0,0,1,enbart_nedlagd
GT2030,,,,0,0,0,0,1,enbart_nedlagd
GT2031,,,,0,0,0,0,1,enbart_nedlagd
GT2032,,,,0,0,0,0,1,enbart_nedlagd
GT2033,,,,0,0,0,0,1,enbart_nedlagd
GT2034,,,,0,0,0,0,1,enbart_nedlagd
GT2035,,,,0,0,0,0,1,enbart_nedlagd
GT2036,,,,0,0,0,0,1,enbart_nedlagd
GT2037,,,,0,0,0,0,1,enbart_nedlagd
GT2038,,,,0,0,0,0,1,enbart_nedlagd
GT2039,,,,0,0,0,0,1,enbart_nedlagd
GT2040,,,,0,0,0,0,1,enbart_nedlagd
GT2042,,,,0,0,0,0,1,enbart_nedlagd
GT2043,,,,0,0,0,0,1,enbart_nedlagd
GT2044,,,,0,0,0,0,1,enbart_nedlagd
GT2045,,,,0,0,0,0,1,enbart_nedlagd
GT2046,,,,0,0,0,0,1,enbart_nedlagd
GT2047,,,,0,0,1,0,1,blomma_historik_arkiverad
GT2048,,,,0,0,0,0,1,enbart_nedlagd
GTA003,,,,0,0,0,0,1,enbart_nedlagd
GTA009,,,,0,0,0,0,1,enbart_nedlagd
GTA010,,,,0,0,0,0,1,enbart_nedlagd
GTA011,,,,0,0,0,0,1,enbart_nedlagd
GTA012,,,,0,0,0,0,1,enbart_nedlagd
GTA013,,,,0,0,0,0,1,enbart_nedlagd
GTA014,,,,0,0,0,0,1,enbart_nedlagd
GTA015,,,,0,0,0,0,1,enbart_nedlagd
GTA016,,,,0,0,0,0,1,enbart_nedlagd
GTA017,,,,0,0,0,0,1,enbart_nedlagd
GTA018,,,,0,0,0,0,1,enbart_nedlagd
GTA019,,,,0,0,0,0,1,enbart_nedlagd
GTA020,,,,0,0,0,0,1,enbart_nedlagd
GTA021,,,,0,0,0,0,1,enbart_nedlagd
GTA022,,,,0,0,0,0,1,enbart_nedlagd
GTA023,,,,0,0,0,0,1,enbart_nedlagd
GTB013,,,,0,0,0,0,1,enbart_nedlagd
GTB014,,,,0,0,0,0,1,enbart_nedlagd
GTB019,,,,0,0,0,0,1,enbart_nedlagd
GTB020,,,,0,0,0,0,1,enbart_nedlagd
GTB021,,,,0,0,0,0,1,enbart_nedlagd
GTB022,,,,0,0,0,0,1,enbart_nedlagd
GTB023,,,,0,0,0,0,1,enbart_nedlagd
GTB024,,,,0,0,0,0,1,enbart_nedlagd
GTB025,,,,0,0,0,0,1,enbart_nedlagd
GTB026,,,,0,0,0,0,1,enbart_nedlagd
GTB027,,,,0,0,0,0,1,enbart_nedlagd
GTB028,,,,0,0,0,0,1,enbart_nedlagd
GTC002,,,,0,0,0,0,1,enbart_nedlagd
GTC018,,,,0,0,0,0,1,enbart_nedlagd
GTC019,,,,0,0,0,0,1,enbart_nedlagd
GTC022,,,,0,0,0,0,1,enbart_nedlagd
GTC023,,,,0,0,0,0,1,enbart_nedlagd
GTC024,,,,0,0,0,0,1,enbart_nedlagd
GTC025,,,,0,0,0,0,1,enbart_nedlagd
GTC026,,,,0,0,0,0,1,enbart_nedlagd
GTC027,,,,0,0,0,0,1,enbart_nedlagd
GTC028,,,,0,0,0,0,1,enbart_nedlagd
GTC029,,,,0,0,0,0,1,enbart_nedlagd
GTC030,,,,0,0,0,0,1,enbart_nedlagd
GTC031,,,,0,0,0,0,1,enbart_nedlagd
GTC032,,,,0,0,0,0,1,enbart_nedlagd
GTD003,,,,0,0,0,0,1,enbart_nedlagd
GTD004,,,,0,0,0,0,1,enbart_nedlagd
GTD005,,,,0,0,0,0,1,enbart_nedlagd
GTD006,,,,0,0,0,0,1,enbart_nedlagd
GTR22D,Samhällsvetenskaplig forskningsmetod,IKS,TRU,1,0,1,1,0,triangulerad
GTR265,Resurser och produkter för turism,IKS,TRU,1,0,1,1,0,triangulerad
GTR26E,Internationella evenemang och festivaler,IKS,TRU,1,0,1,1,0,triangulerad
GTR296,Management och marknadsföring av upplevelser,IKS,TRU,1,0,1,1,0,triangulerad
GTR29Q,Hållbar destinationsplanering och utveckling,IKS,TRU,1,0,1,1,0,triangulerad
GTR2CT,Introduktion till turism,IKS,TRU,1,0,1,1,0,triangulerad
GTR2DG,Kvantitativ metod,IKS,TRU,1,0,1,1,0,triangulerad
GTR2DP,Kvalitativ metod,IKS,TRU,1,0,1,1,0,triangulerad
GTR2G6,Fokusområden inom turism,IKS,TRU,1,0,1,1,0,triangulerad
GTR2HA,Verksamhetsförlagt projekt i Turismvetenskap,IKS,TRU,1,0,1,1,0,triangulerad
GTR2K8,Eventstudier,IKS,TRU,1,0,1,1,0,triangulerad
GTR2UM,Naturbaserad turism,IKS,TRU,1,0,1,1,0,triangulerad
GTR2UP,Turismens principer och praktiker,IKS,TRU,1,0,1,1,0,triangulerad
GTR3A4,Kvantitativ metod,IKS,TRU,1,0,1,1,0,triangulerad
GTR3AU,Turismmarknadsföring,IKS,TRU,1,0,1,1,0,triangulerad
GTR3B6,Sälenfjällen - Platsen och besöksnäringen,IKS,TRU,1,0,1,1,0,triangulerad
GTR3D7,Kungliga Djurgården – Platsen och besöksnäringen,IKS,TRU,1,0,1,1,0,triangulerad
GTY23C,Tyskspråkig barn- och ungdomslitteratur,ISLL,TYA,1,0,1,1,0,triangulerad
GTY2CF,,,,0,0,0,0,1,enbart_nedlagd
GTY2GK,,,,0,0,0,0,1,enbart_nedlagd
GTY2GL,,,,0,0,0,0,1,enbart_nedlagd
GTY2GM,,,,0,0,0,0,1,enbart_nedlagd
GTY2GN,,,,0,0,0,0,1,enbart_nedlagd
GTY2GY,,,,0,0,0,0,1,enbart_nedlagd
GTY2N3,Tyska: Språk och nya medier,ISLL,TYA,1,0,1,1,0,triangulerad
GTY2N4,Tyskspråkig nutidslitteratur och litteraturkritik,ISLL,TYA,1,0,1,1,0,triangulerad
GTY2N5,Tyska III med didaktisk inriktning,ISLL,TYA,1,0,1,1,0,triangulerad
GTY2SS,,,,0,0,0,0,1,enbart_nedlagd
GTY2ST,Tyska: Tysk grammatik med textkommentar,ISLL,TYA,1,0,1,1,0,triangulerad
GTY2SU,Tyska: Tysk grammatik,ISLL,TYA,1,0,1,1,0,triangulerad
GTY2SV,Tyska: Tyskspråkig litteratur och litteraturdidaktik i teori och praktik,ISLL,TYA,1,0,1,1,0,triangulerad
GTY2SW,Tyska: Modern tyskspråkig litteratur,ISLL,TYA,1,0,1,1,0,triangulerad
GTY2SX,,,,0,0,0,0,1,enbart_nedlagd
GTY2SY,Tyska: Processkrivning,ISLL,TYA,1,0,1,1,0,triangulerad
GTY2SZ,Tyska: Muntlig språkfärdighet med kulturkunskap I,ISLL,TYA,1,0,1,1,0,triangulerad
GTY2W4,,,,0,0,0,0,1,enbart_nedlagd
GTY2W5,Tyska: Skriftlig språkfärdighet I,ISLL,TYA,1,0,1,1,0,triangulerad
GTY32H,Tyska: Språkdidaktik II,ISLL,TYA,1,0,1,1,0,triangulerad
GTY369,Tyska: Muntlig språkfärdighet med fonetik och kulturkunskap I,ISLL,TYA,1,0,1,1,0,triangulerad
GTY3CT,Tyska I med didaktisk inriktning,ISLL,TYA,1,0,1,1,0,triangulerad
GTY3CU,Tyska II med didaktisk inriktning,ISLL,TYA,1,0,1,1,0,triangulerad
GTY3J5,Tyska II: Grammatik och vetenskapligt skrivande,ISLL,TYA,1,0,1,1,0,triangulerad
GTY3J6,Tyska II: Språk- och litteraturhistoria,ISLL,TYA,1,0,1,1,0,triangulerad
GTY3J7,Tyska II: Muntlig språkfärdighet och kulturkunskap,ISLL,TYA,1,0,1,1,0,triangulerad
GTY3J8,Tyska II: Tyskspråkig barn- och ungdomslitteratur,ISLL,TYA,1,0,1,1,0,triangulerad
GTY3J9,Tyska II med didaktisk inriktning,ISLL,TYA,1,0,1,1,0,triangulerad
GTY3JA,Tyska III: Introduktion till tysk språkvetenskap,ISLL,TYA,1,0,1,1,0,triangulerad
GTY3JB,Tyska III med didaktisk inriktning,ISLL,TYA,1,0,1,1,0,triangulerad
GVV3JJ,Människokroppen och funktionsnedsättningar,IHV,VÅE,1,0,1,1,0,triangulerad
GVV3JK,Mätmetoder för tillämpningar inom assisterande teknik,IHV,VÅE,1,0,1,1,0,triangulerad
GVÅ25T,Metoder och teorier vid symtom och tecken på hälsa/ohälsa II,IHV,OMV,1,0,1,1,0,triangulerad
GVÅ25W,,,,0,0,0,0,1,enbart_nedlagd
GVÅ26Q,,,,0,0,0,0,1,enbart_nedlagd
GVÅ2AP,"Människa, hälsa och samhälle",IHV,OMV,1,0,1,1,0,triangulerad
GVÅ2GT,Personcentrerad vård med fördjupning inom omvårdnad,IHV,OMV,1,0,1,1,0,triangulerad
GVÅ2H6,Personcentrerad vård inom olika vårdsammanhang,IHV,OMV,1,0,1,1,0,triangulerad
GVÅ2HM,Personcentrerad vård inom psykiatrisk vård,IHV,OMV,1,0,1,1,0,triangulerad
GVÅ2N9,Metoder för evidensbaserad vård I,IHV,OMV,1,0,1,1,0,triangulerad
GVÅ2R2,Personcentrerad vård för personer med demens,IHV,OMV,1,0,1,1,0,triangulerad
GVÅ2RA,Människans grundläggande omvårdnadsbehov,IHV,OMV,1,0,1,1,0,triangulerad
GVÅ2RT,Vård och omsorg för personer med demens,IHV,OMV,1,0,1,1,0,triangulerad
GVÅ2RU,Aktivitet och ätande vid demenssjukdom,IHV,OMV,1,0,1,1,0,triangulerad
GVÅ2RV,"Demenssjukdomar, diagnostik och behandling ur ett omvårdnadsperspektiv",IHV,OMV,1,0,1,1,0,triangulerad
GVÅ2S3,Ledarskap och teamarbete,IHV,OMV,1,0,1,1,0,triangulerad
GVÅ2VG,,,,0,0,0,0,1,enbart_nedlagd
GVÅ2VH,,,,0,0,0,0,1,enbart_nedlagd
GVÅ2VZ,Palliativ och evidensbaserad omvårdnad för personer med demens,IHV,OMV,1,0,1,1,0,triangulerad
GVÅ2WS,Global hälsa,IHV,OMV,1,0,1,1,0,triangulerad
GVÅ2ZG,Personcentrerad vård med fördjupning inom omvårdnad,IHV,OMV,1,0,1,1,0,triangulerad
GVÅ2ZY,Metoder för evidensbaserad vård II,IHV,OMV,1,0,1,1,0,triangulerad
GVÅ35Q,Personcentrerad vård inom olika vårdsammanhang,IHV,OMV,1,0,1,1,0,triangulerad
GVÅ36W,Examensarbete i omvårdnad,IHV,OMV,1,0,1,1,0,triangulerad
GVÅ37G,Sjuksköterskans profession och yrkesansvar,IHV,OMV,1,0,1,1,0,triangulerad
GVÅ37H,Personcentrerad vård inom psykiatrisk vård,IHV,OMV,1,0,1,1,0,triangulerad
GVÅ37J,Omvårdnadsprocessen och kliniska färdigheter,IHV,OMV,1,0,1,1,0,triangulerad
GVÅ37K,Personcentrerad omvårdnad inom äldreomsorg,IHV,OMV,1,0,1,1,0,triangulerad
GVÅ37L,Leda och samverka i personcentrerad vård,IHV,OMV,1,0,1,1,0,triangulerad
GVÅ37Y,Metoder och teorier vid symtom och tecken på hälsa/ohälsa II,IHV,OMV,1,0,1,1,0,triangulerad
GVÅ382,Personcentrerad vård inom olika vårdsammanhang,IHV,OMV,1,0,1,1,0,triangulerad
GVÅ383,Personcentrerad vård inom olika vårdsammanhang,IHV,OMV,1,0,1,1,0,triangulerad
GVÅ384,Personcentrerad vård inom somatisk vård,IHV,OMV,1,0,1,1,0,triangulerad
GVÅ385,Personcentrerad vård inom somatisk vård,IHV,OMV,1,0,1,1,0,triangulerad
GVÅ386,Personcentrerad vård inom psykiatrisk vård,IHV,OMV,1,0,1,1,0,triangulerad
GVÅ387,Metoder för evidensbaserad vård II,IHV,OMV,1,0,1,1,0,triangulerad
GVÅ388,Personcentrerad vård med fördjupning inom omvårdnad,IHV,OMV,1,0,1,1,0,triangulerad
GVÅ389,Metoder och teorier vid symtom och tecken på hälsa/ohälsa I,IHV,OMV,1,0,1,1,0,triangulerad
GVÅ38A,Examensarbete i omvårdnad,IHV,OMV,1,0,1,1,0,triangulerad
HI1001,,,,0,0,0,0,1,enbart_nedlagd
HI1002,,,,0,0,0,0,1,enbart_nedlagd
HI1003,,,,0,0,0,0,1,enbart_nedlagd
HI1004,Introduktion till svensk kultur och samhälle,IKS,HIA,1,0,1,1,0,triangulerad
HI1005,,,,0,0,0,0,1,enbart_nedlagd
HI1006,Globala rörelser för social rättvisa,IKS,HIA,1,0,1,1,0,triangulerad
HI1007,,,,0,0,0,0,1,enbart_nedlagd
HI1008,Historiedidaktik I,IKS,HIA,1,0,1,1,0,triangulerad
HI1009,"Historia för lärare åk 7-9, 15 hp (31-45). Ingår i Lärarlyftet.",IKS,HIA,1,0,1,1,0,triangulerad
HI1010,,,,0,0,0,0,1,enbart_nedlagd
HI1011,"Historia för lärare åk 7-9, 30 hp (16-45). Ingår i Lärarlyftet",IKS,HIA,1,0,1,1,0,triangulerad
HI1012,,,,0,0,0,0,1,enbart_nedlagd
HI1013,Historia II med didaktisk inriktning (15 hp),IKS,HIA,1,0,1,1,0,triangulerad
HI1014,Historia II,IKS,HIA,1,0,1,1,0,triangulerad
HI1015,Historia II med didaktisk inriktning,IKS,HIA,1,0,1,1,0,triangulerad
HI1016,,,,0,0,0,0,1,enbart_nedlagd
HI1017,,,,0,0,0,0,1,enbart_nedlagd
HI1018,Historia I med didaktisk inriktning,IKS,HIA,1,0,1,1,0,triangulerad
HI1019,Historia I,IKS,HIA,1,0,1,1,0,triangulerad
HI2001,,,,0,0,0,0,1,enbart_nedlagd
HI2002,,,,0,0,0,0,1,enbart_nedlagd
HI2003,,,,0,0,0,0,1,enbart_nedlagd
HI2004,,,,0,0,0,0,1,enbart_nedlagd
HI2005,,,,0,0,0,0,1,enbart_nedlagd
HI2006,,,,0,0,0,0,1,enbart_nedlagd
HI2007,,,,0,0,0,0,1,enbart_nedlagd
HI2008,,,,0,0,0,0,1,enbart_nedlagd
HI2009,,,,0,0,0,0,1,enbart_nedlagd
HI2010,,,,0,0,0,0,1,enbart_nedlagd
HI2011,Historia III med didaktisk inriktning,IKS,HIA,1,0,1,1,0,triangulerad
HI2012,Historia III,IKS,HIA,1,0,1,1,0,triangulerad
HI2013,"Historia III, inklusive examensarbete för kandidatexamen",IKS,HIA,1,0,1,1,0,triangulerad
HI2014,"Historia III, inklusive examensarbete 1 för ämneslärarexamen, gy",IKS,HIA,1,0,1,1,0,triangulerad
HI2015,"Historia III, examensarbete 1 för ämneslärarexamen, åk 7-9",IKS,HIA,1,0,1,1,0,triangulerad
HI2016,Historia III,IKS,HIA,1,0,1,1,0,triangulerad
HI2017,"Historia III, inklusive examensarbete för kandidatexamen",IKS,HIA,1,0,1,1,0,triangulerad
HI3001,,,,0,0,0,0,1,enbart_nedlagd
HI3002,,,,0,0,0,0,1,enbart_nedlagd
HI3003,,,,0,0,0,0,1,enbart_nedlagd
HI3004,,,,0,0,0,0,1,enbart_nedlagd
HI3005,,,,0,0,0,0,1,enbart_nedlagd
HI3006,,,,0,0,0,0,1,enbart_nedlagd
HI3007,,,,0,0,0,0,1,enbart_nedlagd
HI3008,,,,0,0,0,0,1,enbart_nedlagd
HI3009,,,,0,0,0,0,1,enbart_nedlagd
HI3010,,,,0,0,0,0,1,enbart_nedlagd
HI3011,,,,0,0,0,0,1,enbart_nedlagd
HI3012,,,,0,0,0,0,1,enbart_nedlagd
HI3013,,,,0,0,0,0,1,enbart_nedlagd
HI3014,,,,0,0,0,0,1,enbart_nedlagd
HI3015,,,,0,0,0,0,1,enbart_nedlagd
HI3016,,,,0,0,0,0,1,enbart_nedlagd
HI3017,,,,0,0,0,0,1,enbart_nedlagd
HI3018,,,,0,0,0,0,1,enbart_nedlagd
HI3019,"Historia IV, examensarbete 2 för ämneslärarexamen, åk 7-9",IKS,HIA,1,0,1,1,0,triangulerad
HI3020,"Historia IV, inklusive examensarbete 2 för ämneslärarexamen, gy",IKS,HIA,1,0,1,1,0,triangulerad
HIA002,,,,0,0,0,0,1,enbart_nedlagd
HIA017,,,,0,0,0,0,1,enbart_nedlagd
HIA018,,,,0,0,0,0,1,enbart_nedlagd
HIA022,,,,0,0,0,0,1,enbart_nedlagd
HIA024,,,,0,0,0,0,1,enbart_nedlagd
HIA026,,,,0,0,0,0,1,enbart_nedlagd
HIA027,,,,0,0,0,0,1,enbart_nedlagd
HIA046,,,,0,0,0,0,1,enbart_nedlagd
HIA047,,,,0,0,0,0,1,enbart_nedlagd
HIA048,,,,0,0,0,0,1,enbart_nedlagd
HIA049,,,,0,0,0,0,1,enbart_nedlagd
HIA050,,,,0,0,0,0,1,enbart_nedlagd
HIA051,,,,0,0,0,0,1,enbart_nedlagd
HIB009,,,,0,0,0,0,1,enbart_nedlagd
HIB011,,,,0,0,0,0,1,enbart_nedlagd
HIC003,,,,0,0,0,0,1,enbart_nedlagd
HIC005,,,,0,0,0,0,1,enbart_nedlagd
HIC006,,,,0,0,0,0,1,enbart_nedlagd
HIC007,,,,0,0,0,0,1,enbart_nedlagd
HID002,,,,0,0,0,0,1,enbart_nedlagd
HID004,,,,0,0,0,0,1,enbart_nedlagd
HID005,,,,0,0,0,0,1,enbart_nedlagd
ID1001,,,,0,0,0,0,1,enbart_nedlagd
ID1002,,,,0,0,0,0,1,enbart_nedlagd
ID1003,,,,0,0,0,0,1,enbart_nedlagd
ID1004,,,,0,0,0,0,1,enbart_nedlagd
ID1005,,,,0,0,0,0,1,enbart_nedlagd
ID1006,,,,0,0,0,0,1,enbart_nedlagd
ID1007,,,,0,0,0,0,1,enbart_nedlagd
ID1008,,,,0,0,0,0,1,enbart_nedlagd
ID1009,,,,0,0,0,0,1,enbart_nedlagd
ID1010,,,,0,0,0,0,1,enbart_nedlagd
ID1011,,,,0,0,0,0,1,enbart_nedlagd
ID1012,,,,0,0,0,0,1,enbart_nedlagd
ID1013,,,,0,0,0,0,1,enbart_nedlagd
ID1014,,,,0,0,0,0,1,enbart_nedlagd
ID1015,,,,0,0,0,0,1,enbart_nedlagd
ID1016,,,,0,0,0,0,1,enbart_nedlagd
ID1017,,,,0,0,0,0,1,enbart_nedlagd
ID1018,,,,0,0,0,0,1,enbart_nedlagd
ID1019,,,,0,0,0,0,1,enbart_nedlagd
ID1020,,,,0,0,0,0,1,enbart_nedlagd
ID1021,,,,0,0,0,0,1,enbart_nedlagd
ID1022,,,,0,0,0,0,1,enbart_nedlagd
ID2001,,,,0,0,0,0,1,enbart_nedlagd
ID2002,,,,0,0,0,0,1,enbart_nedlagd
ID2003,,,,0,0,0,0,1,enbart_nedlagd
ID2004,,,,0,0,0,0,1,enbart_nedlagd
ID2005,,,,0,0,0,0,1,enbart_nedlagd
ID2006,,,,0,0,0,0,1,enbart_nedlagd
IDA012,,,,0,0,0,0,1,enbart_nedlagd
IDA018,,,,0,0,0,0,1,enbart_nedlagd
IDA022,,,,0,0,0,0,1,enbart_nedlagd
IDA029,,,,0,0,0,0,1,enbart_nedlagd
IDA031,,,,0,0,0,0,1,enbart_nedlagd
IDA033,,,,0,0,0,0,1,enbart_nedlagd
IDA034,,,,0,0,0,0,1,enbart_nedlagd
IDA035,,,,0,0,0,0,1,enbart_nedlagd
IDA036,,,,0,0,0,0,1,enbart_nedlagd
IDA037,,,,0,0,0,0,1,enbart_nedlagd
IDA038,,,,0,0,0,0,1,enbart_nedlagd
IDA039,,,,0,0,0,0,1,enbart_nedlagd
IDA040,,,,0,0,0,0,1,enbart_nedlagd
IDA041,,,,0,0,0,0,1,enbart_nedlagd
IDB008,,,,0,0,0,0,1,enbart_nedlagd
IDB009,,,,0,0,0,0,1,enbart_nedlagd
IDB010,,,,0,0,0,0,1,enbart_nedlagd
IDB011,,,,0,0,0,0,1,enbart_nedlagd
IDC003,,,,0,0,0,0,1,enbart_nedlagd
IDC005,,,,0,0,0,0,1,enbart_nedlagd
IDC006,,,,0,0,0,0,1,enbart_nedlagd
IE1001,,,,0,0,0,0,1,enbart_nedlagd
IE1002,,,,0,0,0,0,1,enbart_nedlagd
IE1003,,,,0,0,0,0,1,enbart_nedlagd
IE1004,,,,0,0,0,0,1,enbart_nedlagd
IE1005,,,,0,0,0,0,1,enbart_nedlagd
IE1006,,,,0,0,1,0,1,blomma_historik_arkiverad
IE1007,,,,0,0,0,0,1,enbart_nedlagd
IE1008,,,,0,0,0,0,1,enbart_nedlagd
IE1009,,,,0,0,0,0,1,enbart_nedlagd
IE1010,,,,0,0,0,0,1,enbart_nedlagd
IE1011,,,,0,0,0,0,1,enbart_nedlagd
IE1012,,,,0,0,0,0,1,enbart_nedlagd
IE1013,,,,0,0,0,0,1,enbart_nedlagd
IE1014,,,,0,0,0,0,1,enbart_nedlagd
IE1015,,,,0,0,0,0,1,enbart_nedlagd
IE1016,,,,0,0,0,0,1,enbart_nedlagd
IE1017,,,,0,0,0,0,1,enbart_nedlagd
IE1018,,,,0,0,0,0,1,enbart_nedlagd
IE1019,,,,0,0,0,0,1,enbart_nedlagd
IE1020,,,,0,0,0,0,1,enbart_nedlagd
IE1021,,,,0,0,0,0,1,enbart_nedlagd
IE1022,,,,0,0,0,0,1,enbart_nedlagd
IE1023,,,,0,0,0,0,1,enbart_nedlagd
IE1024,,,,0,0,0,0,1,enbart_nedlagd
IE1025,,,,0,0,0,0,1,enbart_nedlagd
IE1026,,,,0,0,0,0,1,enbart_nedlagd
IE1027,,,,0,0,0,0,1,enbart_nedlagd
IE1028,,,,0,0,0,0,1,enbart_nedlagd
IE1030,,,,0,0,0,0,1,enbart_nedlagd
IE1031,,,,0,0,0,0,1,enbart_nedlagd
IE1032,,,,0,0,0,0,1,enbart_nedlagd
IE1033,,,,0,0,0,0,1,enbart_nedlagd
IE1034,,,,0,0,1,0,1,blomma_historik_arkiverad
IE1035,,,,0,0,1,0,1,blomma_historik_arkiverad
IE1036,,,,0,0,0,0,1,enbart_nedlagd
IE1037,,,,0,0,0,0,1,enbart_nedlagd
IE1038,,,,0,0,0,0,1,enbart_nedlagd
IE1039,,,,0,0,0,0,1,enbart_nedlagd
IE1040,,,,0,0,0,0,1,enbart_nedlagd
IE1041,,,,0,0,0,0,1,enbart_nedlagd
IE1042,,,,0,0,1,0,1,blomma_historik_arkiverad
IE1043,,,,0,0,0,0,1,enbart_nedlagd
IE1044,,,,0,0,0,0,1,enbart_nedlagd
IE1045,,,,0,0,0,0,1,enbart_nedlagd
IE1046,,,,0,0,0,0,1,enbart_nedlagd
IE1047,,,,0,0,0,0,1,enbart_nedlagd
IE1048,,,,0,0,0,0,1,enbart_nedlagd
IE1049,,,,0,0,0,0,1,enbart_nedlagd
IE1050,,,,0,0,0,0,1,enbart_nedlagd
IE1051,,,,0,0,0,0,1,enbart_nedlagd
IE1052,,,,0,0,0,0,1,enbart_nedlagd
IE1053,,,,0,0,0,0,1,enbart_nedlagd
IE1054,,,,0,0,0,0,1,enbart_nedlagd
IE1055,,,,0,0,0,0,1,enbart_nedlagd
IE1056,,,,0,0,0,0,1,enbart_nedlagd
IE1057,,,,0,0,0,0,1,enbart_nedlagd
IE1058,,,,0,0,0,0,1,enbart_nedlagd
IE1059,,,,0,0,0,0,1,enbart_nedlagd
IE1060,,,,0,0,0,0,1,enbart_nedlagd
IE1061,,,,0,0,0,0,1,enbart_nedlagd
IE1062,,,,0,0,0,0,1,enbart_nedlagd
IE1063,,,,0,0,0,0,1,enbart_nedlagd
IE1064,,,,0,0,0,0,1,enbart_nedlagd
IE1065,,,,0,0,0,0,1,enbart_nedlagd
IE1066,,,,0,0,0,0,1,enbart_nedlagd
IE1067,,,,0,0,0,0,1,enbart_nedlagd
IE1068,Vetenskaplig metod,IIT,IEA,1,0,1,1,0,triangulerad
IE1069,Produktionslogistik,IIT,IEA,1,0,1,1,0,triangulerad
IE1070,,,,0,0,0,0,1,enbart_nedlagd
IE1071,,,,0,0,0,0,1,enbart_nedlagd
IE1072,,,,0,0,0,0,1,enbart_nedlagd
IE1073,,,,0,0,0,0,1,enbart_nedlagd
IE1074,,,,0,0,0,0,1,enbart_nedlagd
IE1075,,,,0,0,0,0,1,enbart_nedlagd
IE1076,Industriell ekonomi,IIT,IEA,1,0,1,1,0,triangulerad
IE2001,,,,0,0,0,0,1,enbart_nedlagd
IE2002,,,,0,0,0,0,1,enbart_nedlagd
IE2003,Examensarbete för kandidatexamen i Industriell ekonomi,IIT,IEA,1,0,1,1,0,triangulerad
IE2004,,,,0,0,0,0,1,enbart_nedlagd
IE2005,,,,0,0,1,0,1,blomma_historik_arkiverad
IE2006,,,,0,0,0,0,1,enbart_nedlagd
IE2007,,,,0,0,0,0,1,enbart_nedlagd
IE2008,,,,0,0,0,0,1,enbart_nedlagd
IE2009,,,,0,0,0,0,1,enbart_nedlagd
IE3001,,,,0,0,0,0,1,enbart_nedlagd
IE3002,,,,0,0,0,0,1,enbart_nedlagd
IEA009,,,,0,0,0,0,1,enbart_nedlagd
IEA013,,,,0,0,0,0,1,enbart_nedlagd
IEA014,,,,0,0,0,0,1,enbart_nedlagd
IEA023,,,,0,0,0,0,1,enbart_nedlagd
IEA027,,,,0,0,0,0,1,enbart_nedlagd
IEA028,,,,0,0,0,0,1,enbart_nedlagd
IEA029,,,,0,0,0,0,1,enbart_nedlagd
IEA030,,,,0,0,0,0,1,enbart_nedlagd
IEA031,,,,0,0,0,0,1,enbart_nedlagd
IEA032,,,,0,0,0,0,1,enbart_nedlagd
IEA033,,,,0,0,0,0,1,enbart_nedlagd
IEA034,,,,0,0,0,0,1,enbart_nedlagd
IEA035,,,,0,0,0,0,1,enbart_nedlagd
IEA036,,,,0,0,0,0,1,enbart_nedlagd
IEA037,,,,0,0,0,0,1,enbart_nedlagd
IEA038,,,,0,0,0,0,1,enbart_nedlagd
IEA039,,,,0,0,0,0,1,enbart_nedlagd
IEA040,,,,0,0,0,0,1,enbart_nedlagd
IEA041,,,,0,0,0,0,1,enbart_nedlagd
IEA042,,,,0,0,0,0,1,enbart_nedlagd
IEA043,,,,0,0,0,0,1,enbart_nedlagd
IEA044,,,,0,0,0,0,1,enbart_nedlagd
IEA045,,,,0,0,0,0,1,enbart_nedlagd
IEB002,,,,0,0,0,0,1,enbart_nedlagd
IEB009,,,,0,0,0,0,1,enbart_nedlagd
IEB011,,,,0,0,0,0,1,enbart_nedlagd
IEB018,,,,0,0,0,0,1,enbart_nedlagd
IEB019,,,,0,0,0,0,1,enbart_nedlagd
IEB020,,,,0,0,0,0,1,enbart_nedlagd
IEB021,,,,0,0,0,0,1,enbart_nedlagd
IEB022,,,,0,0,0,0,1,enbart_nedlagd
IEB023,,,,0,0,0,0,1,enbart_nedlagd
IEB024,,,,0,0,0,0,1,enbart_nedlagd
IEB025,,,,0,0,0,0,1,enbart_nedlagd
IEB026,,,,0,0,0,0,1,enbart_nedlagd
IEB028,,,,0,0,0,0,1,enbart_nedlagd
IEB029,,,,0,0,0,0,1,enbart_nedlagd
IEB030,,,,0,0,0,0,1,enbart_nedlagd
IEB031,,,,0,0,0,0,1,enbart_nedlagd
IEB032,,,,0,0,0,0,1,enbart_nedlagd
IEB033,,,,0,0,0,0,1,enbart_nedlagd
IEB034,,,,0,0,0,0,1,enbart_nedlagd
IEB035,,,,0,0,0,0,1,enbart_nedlagd
IEC001,,,,0,0,0,0,1,enbart_nedlagd
IEC004,,,,0,0,0,0,1,enbart_nedlagd
IEC013,,,,0,0,0,0,1,enbart_nedlagd
IEC020,,,,0,0,0,0,1,enbart_nedlagd
IEC021,,,,0,0,0,0,1,enbart_nedlagd
IEC022,,,,0,0,0,0,1,enbart_nedlagd
IH1001,Idrott I,IHV,IDA,1,0,1,1,0,triangulerad
IH1002,Idrott II,IHV,IDA,1,0,1,1,0,triangulerad
IH1003,"Rörelse, hälsa och lärande",IHV,IDA,1,0,1,1,0,triangulerad
IH1004,"Rörelse, hälsa och lärande",IHV,IDA,1,0,1,1,0,triangulerad
IH1005,Rörelse och rytm i skolan,IHV,IDA,1,0,1,1,0,triangulerad
IH1006,Lust till rörelse,IHV,IDA,1,0,1,1,0,triangulerad
IH1007,Dansen i skolan,IHV,IDA,1,0,1,1,0,triangulerad
IH1008,Mätmetoder för idrottare - inriktning mentala processer,IHV,IDA,1,0,1,1,0,triangulerad
IH1009,Fysisk aktivitet på olika villkor,IHV,IDA,1,0,1,1,0,triangulerad
IH1010,Friluftsledarskap,IHV,IDA,1,0,1,1,0,triangulerad
IH1011,"Natur, äventyr och rörelse som pedagogisk metod",IHV,IDA,1,0,1,1,0,triangulerad
IH1012,Idrott och friluftsliv i Norden,IHV,IDA,1,0,1,1,0,triangulerad
IH1013,,,,0,0,0,0,1,enbart_nedlagd
IH1014,,,,0,0,0,0,1,enbart_nedlagd
IH1015,Ledarskap och coaching,IHV,IDA,1,0,1,1,0,triangulerad
IH1016,,,,0,0,0,0,1,enbart_nedlagd
IH1017,,,,0,0,0,0,1,enbart_nedlagd
IH1018,,,,0,0,0,0,1,enbart_nedlagd
IH1019,,,,0,0,0,0,1,enbart_nedlagd
IH1020,Humanbiologiska och sociopsykologiska grunder för hälsoinriktad träning och livsstil,IHV,IDA,1,0,1,1,0,triangulerad
IH1021,,,,0,0,0,0,1,enbart_nedlagd
IH1022,,,,0,0,0,0,1,enbart_nedlagd
IH1023,"Mätmetoder för idrottare - inriktning styrka, snabbhet, rörlighet och rörelse",IHV,IDA,1,0,1,1,0,triangulerad
IH1024,Mätmetoder för idrottare - inriktning nutrition och kroppssammansättning,IHV,IDA,1,0,1,1,0,triangulerad
IH1025,Mätmetoder för hälsofrämjande arbete,IHV,IDA,1,0,1,1,0,triangulerad
IH1026,Idrottsmedicin för idrottare,IHV,IDA,1,0,1,1,0,triangulerad
IH1027,,,,0,0,0,0,1,enbart_nedlagd
IH1028,,,,0,0,0,0,1,enbart_nedlagd
IH1029,Idrott och hälsa på 2000-talet,IHV,IDA,1,0,1,1,0,triangulerad
IH1030,,,,0,0,0,0,1,enbart_nedlagd
IH1031,,,,0,0,0,0,1,enbart_nedlagd
IH1032,,,,0,0,0,0,1,enbart_nedlagd
IH1033,,,,0,0,0,0,1,enbart_nedlagd
IH1034,,,,0,0,0,0,1,enbart_nedlagd
IH1035,,,,0,0,0,0,1,enbart_nedlagd
IH1036,,,,0,0,0,0,1,enbart_nedlagd
IH1037,,,,0,0,1,0,1,blomma_historik_arkiverad
IH1038,,,,0,0,0,0,1,enbart_nedlagd
IH1039,,,,0,0,0,0,1,enbart_nedlagd
IH1040,,,,0,0,0,0,1,enbart_nedlagd
IH1041,,,,0,0,0,0,1,enbart_nedlagd
IH1042,,,,0,0,0,0,1,enbart_nedlagd
IH1043,,,,0,0,0,0,1,enbart_nedlagd
IH1044,,,,0,0,0,0,1,enbart_nedlagd
IH1045,,,,0,0,0,0,1,enbart_nedlagd
IH1046,,,,0,0,0,0,1,enbart_nedlagd
IH1047,,,,0,0,0,0,1,enbart_nedlagd
IH1048,,,,0,0,0,0,1,enbart_nedlagd
IH1049,,,,0,0,0,0,1,enbart_nedlagd
IH1050,,,,0,0,0,0,1,enbart_nedlagd
IH1051,,,,0,0,0,0,1,enbart_nedlagd
IH1052,,,,0,0,0,0,1,enbart_nedlagd
IH1053,,,,0,0,0,0,1,enbart_nedlagd
IH1054,,,,0,0,0,0,1,enbart_nedlagd
IH1055,,,,0,0,0,0,1,enbart_nedlagd
IH1056,,,,0,0,0,0,1,enbart_nedlagd
IH1057,,,,0,0,0,0,1,enbart_nedlagd
IH1058,,,,0,0,0,0,1,enbart_nedlagd
IH1059,,,,0,0,0,0,1,enbart_nedlagd
IH1060,,,,0,0,1,0,1,blomma_historik_arkiverad
IH1061,,,,0,0,0,0,1,enbart_nedlagd
IH1062,Fysisk aktivitet och hälsobefrämjande personlig träning II,IHV,IDA,1,0,1,1,0,triangulerad
IH1063,,,,0,0,0,0,1,enbart_nedlagd
IH1064,,,,0,0,0,0,1,enbart_nedlagd
IH1065,,,,0,0,0,0,1,enbart_nedlagd
IH1066,,,,0,0,0,0,1,enbart_nedlagd
IH1067,,,,0,0,0,0,1,enbart_nedlagd
IH1068,,,,0,0,0,0,1,enbart_nedlagd
IH1069,,,,0,0,0,0,1,enbart_nedlagd
IH1070,,,,0,0,0,0,1,enbart_nedlagd
IH1071,,,,0,0,0,0,1,enbart_nedlagd
IH1072,,,,0,0,0,0,1,enbart_nedlagd
IH1073,,,,0,0,0,0,1,enbart_nedlagd
IH1074,,,,0,0,0,0,1,enbart_nedlagd
IH1075,,,,0,0,0,0,1,enbart_nedlagd
IH1076,,,,0,0,0,0,1,enbart_nedlagd
IH1077,,,,0,0,0,0,1,enbart_nedlagd
IH1078,,,,0,0,0,0,1,enbart_nedlagd
IH1079,,,,0,0,0,0,1,enbart_nedlagd
IH1080,,,,0,0,0,0,1,enbart_nedlagd
IH1081,,,,0,0,0,0,1,enbart_nedlagd
IH1082,Journalistik och skriftlig PR inom idrottsområdet,IHV,IDA,1,0,1,1,0,triangulerad
IH1083,,,,0,0,0,0,1,enbart_nedlagd
IH1084,,,,0,0,1,0,1,blomma_historik_arkiverad
IH1085,,,,0,0,0,0,1,enbart_nedlagd
IH1086,,,,0,0,0,0,1,enbart_nedlagd
IH1087,,,,0,0,0,0,1,enbart_nedlagd
IH1088,,,,0,0,0,0,1,enbart_nedlagd
IH1089,,,,0,0,0,0,1,enbart_nedlagd
IH1090,,,,0,0,1,0,1,blomma_historik_arkiverad
IH1091,,,,0,0,0,0,1,enbart_nedlagd
IH1092,,,,0,0,0,0,1,enbart_nedlagd
IH1093,,,,0,0,0,0,1,enbart_nedlagd
IH1094,,,,0,0,0,0,1,enbart_nedlagd
IH1095,Innovation och entreprenörskap inom idrott och hälsa - idé- och konceptvärdering,IHV,IDA,1,0,1,1,0,triangulerad
IH1096,Innovation och entreprenörskap inom idrott och hälsa - affärsmodell,IHV,IDA,1,0,1,1,0,triangulerad
IH1097,Innovation och entreprenörskap inom idrott och hälsa - nätverk och partnerskap,IHV,IDA,1,0,1,1,0,triangulerad
IH1098,Innovation och entreprenörskap inom idrott och hälsa - marknadsföring,IHV,IDA,1,0,1,1,0,triangulerad
IH1099,Innovation och entreprenörskap inom idrott och hälsa - ekonomi och finansiering,IHV,IDA,1,0,1,1,0,triangulerad
IH1100,Innovation och entreprenörskap inom idrott och hälsa - affärsetik,IHV,IDA,1,0,1,1,0,triangulerad
IH1101,Innovation och entreprenörskap inom idrott och hälsa - att organisera för innovation,IHV,IDA,1,0,1,1,0,triangulerad
IH1102,Innovation och entreprenörskap inom idrott och hälsa - innovativ produktutveckling,IHV,IDA,1,0,1,1,0,triangulerad
IH1103,,,,0,0,0,0,1,enbart_nedlagd
IH1104,,,,0,0,0,0,1,enbart_nedlagd
IH1105,,,,0,0,0,0,1,enbart_nedlagd
IH1106,,,,0,0,0,0,1,enbart_nedlagd
IH1107,,,,0,0,0,0,1,enbart_nedlagd
IH1108,,,,0,0,0,0,1,enbart_nedlagd
IH1109,,,,0,0,0,0,1,enbart_nedlagd
IH1110,,,,0,0,0,0,1,enbart_nedlagd
IH1111,Journalistik och skriftlig PR inom idrottsområdet,IHV,IDA,1,0,1,1,0,triangulerad
IH1112,,,,0,0,0,0,1,enbart_nedlagd
IH1113,Åldersanpassad träning för tennis,IHV,IDA,1,0,1,1,0,triangulerad
IH1114,Nutrition och fysiologisk återhämtning för tennis,IHV,IDA,1,0,1,1,0,triangulerad
IH1115,,,,0,0,0,0,1,enbart_nedlagd
IH1116,,,,0,0,0,0,1,enbart_nedlagd
IH1117,,,,0,0,0,0,1,enbart_nedlagd
IH1118,,,,0,0,0,0,1,enbart_nedlagd
IH1119,,,,0,0,0,0,1,enbart_nedlagd
IH1120,,,,0,0,0,0,1,enbart_nedlagd
IH1121,,,,0,0,0,0,1,enbart_nedlagd
IH1122,Sportmedia och idrottshistoria,IHV,IDA,1,0,1,1,0,triangulerad
IH1123,,,,0,0,0,0,1,enbart_nedlagd
IH1124,,,,0,0,0,0,1,enbart_nedlagd
IH1125,,,,0,0,1,0,1,blomma_historik_arkiverad
IH1126,,,,0,0,0,0,1,enbart_nedlagd
IH1127,,,,0,0,0,0,1,enbart_nedlagd
IH1128,,,,0,0,0,0,1,enbart_nedlagd
IH1129,,,,0,0,0,0,1,enbart_nedlagd
IH1130,Träningsvetenskap 1 - Grundläggande tillämpad anatomi och idrottsfysiologi,IHV,IDA,1,0,1,1,0,triangulerad
IH1131,,,,0,0,0,0,1,enbart_nedlagd
IH1132,,,,0,0,0,0,1,enbart_nedlagd
IH1133,,,,0,0,1,0,1,blomma_historik_arkiverad
IH1134,,,,0,0,0,0,1,enbart_nedlagd
IH1135,,,,0,0,0,0,1,enbart_nedlagd
IH1136,,,,0,0,0,0,1,enbart_nedlagd
IH1137,,,,0,0,0,0,1,enbart_nedlagd
IH1138,,,,0,0,0,0,1,enbart_nedlagd
IH1139,,,,0,0,0,0,1,enbart_nedlagd
IH1140,,,,0,0,0,0,1,enbart_nedlagd
IH1141,,,,0,0,0,0,1,enbart_nedlagd
IH1142,,,,0,0,0,0,1,enbart_nedlagd
IH1143,,,,0,0,0,0,1,enbart_nedlagd
IH2001,Idrott III,IHV,IDA,1,0,1,1,0,triangulerad
IH2002,Idrott IV,IHV,IDA,1,0,1,1,0,triangulerad
IH2003,Friluftsliv vinter,IHV,IDA,1,0,1,1,0,triangulerad
IH2004,Hälsopedagogik inriktning idrott,IHV,IDA,1,0,1,1,0,triangulerad
IH2005,"Rörelse, rytm och dans",IHV,IDA,1,0,1,1,0,triangulerad
IH2006,Träningslära,IHV,IDA,1,0,1,1,0,triangulerad
IH2007,,,,0,0,0,0,1,enbart_nedlagd
IH2008,,,,0,0,0,0,1,enbart_nedlagd
IH2009,,,,0,0,0,0,1,enbart_nedlagd
IH2010,,,,0,0,0,0,1,enbart_nedlagd
IH2011,,,,0,0,0,0,1,enbart_nedlagd
IH2012,,,,0,0,0,0,1,enbart_nedlagd
IH2013,,,,0,0,0,0,1,enbart_nedlagd
IH2014,,,,0,0,0,0,1,enbart_nedlagd
IH2015,,,,0,0,0,0,1,enbart_nedlagd
IH2016,,,,0,0,0,0,1,enbart_nedlagd
IH2017,,,,0,0,0,0,1,enbart_nedlagd
IH2018,,,,0,0,0,0,1,enbart_nedlagd
IH2019,,,,0,0,0,0,1,enbart_nedlagd
IH2020,,,,0,0,0,0,1,enbart_nedlagd
IH2021,,,,0,0,0,0,1,enbart_nedlagd
IH2022,,,,0,0,0,0,1,enbart_nedlagd
IH2023,,,,0,0,0,0,1,enbart_nedlagd
IH2024,,,,0,0,0,0,1,enbart_nedlagd
IH3001,,,,0,0,0,0,1,enbart_nedlagd
IH3002,,,,0,0,0,0,1,enbart_nedlagd
IH3003,,,,0,0,0,0,1,enbart_nedlagd
IH3004,,,,0,0,0,0,1,enbart_nedlagd
IH3005,,,,0,0,0,0,1,enbart_nedlagd
IH3006,,,,0,0,1,0,1,blomma_historik_arkiverad
IH3007,Humanbiologi med idrottsinriktning V,IHV,IDA,1,0,1,1,0,triangulerad
IK1001,,,,0,0,0,0,1,enbart_nedlagd
IK1002,,,,0,0,0,0,1,enbart_nedlagd
IK1003,,,,0,0,0,0,1,enbart_nedlagd
IK1004,,,,0,0,0,0,1,enbart_nedlagd
IK1005,,,,0,0,0,0,1,enbart_nedlagd
IK1006,,,,0,0,0,0,1,enbart_nedlagd
IK1007,,,,0,0,0,0,1,enbart_nedlagd
IK1008,,,,0,0,0,0,1,enbart_nedlagd
IK1009,,,,0,0,0,0,1,enbart_nedlagd
IK1010,,,,0,0,0,0,1,enbart_nedlagd
IK1011,,,,0,0,1,0,1,blomma_historik_arkiverad
IK1012,,,,0,0,0,0,1,enbart_nedlagd
IK1013,,,,0,0,0,0,1,enbart_nedlagd
IK1014,,,,0,0,0,0,1,enbart_nedlagd
IK1015,,,,0,0,0,0,1,enbart_nedlagd
IK1016,,,,0,0,0,0,1,enbart_nedlagd
IK1017,,,,0,0,0,0,1,enbart_nedlagd
IK1018,,,,0,0,0,0,1,enbart_nedlagd
IK1019,,,,0,0,0,0,1,enbart_nedlagd
IK1020,,,,0,0,0,0,1,enbart_nedlagd
IK1021,,,,0,0,0,0,1,enbart_nedlagd
IK1022,,,,0,0,0,0,1,enbart_nedlagd
IK1023,,,,0,0,0,0,1,enbart_nedlagd
IK1024,,,,0,0,0,0,1,enbart_nedlagd
IK1025,,,,0,0,0,0,1,enbart_nedlagd
IK1026,,,,0,0,0,0,1,enbart_nedlagd
IK1027,,,,0,0,0,0,1,enbart_nedlagd
IK1028,,,,0,0,0,0,1,enbart_nedlagd
IK1029,,,,0,0,0,0,1,enbart_nedlagd
IK1030,,,,0,0,0,0,1,enbart_nedlagd
IK1031,,,,0,0,0,0,1,enbart_nedlagd
IK1032,Examensarbete för högskoleexamen i Informatik,IIT,IKA,1,0,1,1,0,triangulerad
IK1033,,,,0,0,0,0,1,enbart_nedlagd
IK1034,,,,0,0,0,0,1,enbart_nedlagd
IK1035,,,,0,0,0,0,1,enbart_nedlagd
IK1036,,,,0,0,0,0,1,enbart_nedlagd
IK1037,,,,0,0,0,0,1,enbart_nedlagd
IK1038,,,,0,0,0,0,1,enbart_nedlagd
IK1039,,,,0,0,0,0,1,enbart_nedlagd
IK1040,,,,0,0,0,0,1,enbart_nedlagd
IK1041,,,,0,0,0,0,1,enbart_nedlagd
IK1042,,,,0,0,0,0,1,enbart_nedlagd
IK1043,,,,0,0,0,0,1,enbart_nedlagd
IK1044,,,,0,0,1,0,1,blomma_historik_arkiverad
IK1045,,,,0,0,0,0,1,enbart_nedlagd
IK1046,,,,0,0,0,0,1,enbart_nedlagd
IK1047,,,,0,0,0,0,1,enbart_nedlagd
IK1048,,,,0,0,0,0,1,enbart_nedlagd
IK1049,,,,0,0,0,0,1,enbart_nedlagd
IK1050,,,,0,0,0,0,1,enbart_nedlagd
IK1051,,,,0,0,0,0,1,enbart_nedlagd
IK1052,,,,0,0,0,0,1,enbart_nedlagd
IK1053,,,,0,0,0,0,1,enbart_nedlagd
IK1054,,,,0,0,0,0,1,enbart_nedlagd
IK1055,,,,0,0,0,0,1,enbart_nedlagd
IK1056,,,,0,0,0,0,1,enbart_nedlagd
IK1057,,,,0,0,0,0,1,enbart_nedlagd
IK1058,,,,0,0,0,0,1,enbart_nedlagd
IK1059,,,,0,0,0,0,1,enbart_nedlagd
IK1060,,,,0,0,0,0,1,enbart_nedlagd
IK1061,,,,0,0,0,0,1,enbart_nedlagd
IK1062,,,,0,0,0,0,1,enbart_nedlagd
IK1063,,,,0,0,0,0,1,enbart_nedlagd
IK1064,Datahantering och Problemlösning,IIT,IKA,1,0,1,1,0,triangulerad
IK1065,,,,0,0,0,0,1,enbart_nedlagd
IK1066,Förändringsanalys,IIT,IKA,1,0,1,1,0,triangulerad
IK1067,,,,0,0,0,0,1,enbart_nedlagd
IK1068,,,,0,0,0,0,1,enbart_nedlagd
IK1069,,,,0,0,0,0,1,enbart_nedlagd
IK1070,,,,0,0,0,0,1,enbart_nedlagd
IK1071,,,,0,0,0,0,1,enbart_nedlagd
IK1072,,,,0,0,0,0,1,enbart_nedlagd
IK1073,,,,0,0,0,0,1,enbart_nedlagd
IK1074,,,,0,0,0,0,1,enbart_nedlagd
IK1075,,,,0,0,0,0,1,enbart_nedlagd
IK1076,,,,0,0,0,0,1,enbart_nedlagd
IK1077,,,,0,0,0,0,1,enbart_nedlagd
IK1078,,,,0,0,0,0,1,enbart_nedlagd
IK1079,,,,0,0,0,0,1,enbart_nedlagd
IK1080,,,,0,0,0,0,1,enbart_nedlagd
IK1081,,,,0,0,0,0,1,enbart_nedlagd
IK1082,,,,0,0,0,0,1,enbart_nedlagd
IK1083,,,,0,0,0,0,1,enbart_nedlagd
IK1084,,,,0,0,0,0,1,enbart_nedlagd
IK1085,,,,0,0,0,0,1,enbart_nedlagd
IK1086,,,,0,0,0,0,1,enbart_nedlagd
IK1087,,,,0,0,0,0,1,enbart_nedlagd
IK1088,,,,0,0,0,0,1,enbart_nedlagd
IK1089,,,,0,0,0,0,1,enbart_nedlagd
IK1090,,,,0,0,0,0,1,enbart_nedlagd
IK1091,,,,0,0,0,0,1,enbart_nedlagd
IK1092,,,,0,0,0,0,1,enbart_nedlagd
IK1093,,,,0,0,0,0,1,enbart_nedlagd
IK1094,,,,0,0,0,0,1,enbart_nedlagd
IK1095,,,,0,0,0,0,1,enbart_nedlagd
IK1096,,,,0,0,0,0,1,enbart_nedlagd
IK1097,,,,0,0,0,0,1,enbart_nedlagd
IK1098,,,,0,0,0,0,1,enbart_nedlagd
IK1099,,,,0,0,0,0,1,enbart_nedlagd
IK1100,,,,0,0,0,0,1,enbart_nedlagd
IK1101,,,,0,0,0,0,1,enbart_nedlagd
IK2001,,,,0,0,0,0,1,enbart_nedlagd
IK2002,,,,0,0,0,0,1,enbart_nedlagd
IK2003,,,,0,0,0,0,1,enbart_nedlagd
IK2004,,,,0,0,0,0,1,enbart_nedlagd
IK2005,,,,0,0,0,0,1,enbart_nedlagd
IK2006,,,,0,0,0,0,1,enbart_nedlagd
IK2007,,,,0,0,0,0,1,enbart_nedlagd
IK2008,,,,0,0,0,0,1,enbart_nedlagd
IK2009,,,,0,0,0,0,1,enbart_nedlagd
IK2010,,,,0,0,0,0,1,enbart_nedlagd
IK2011,,,,0,0,0,0,1,enbart_nedlagd
IK2012,,,,0,0,0,0,1,enbart_nedlagd
IK2013,,,,0,0,0,0,1,enbart_nedlagd
IK2014,,,,0,0,0,0,1,enbart_nedlagd
IK2015,,,,0,0,0,0,1,enbart_nedlagd
IK2016,,,,0,0,0,0,1,enbart_nedlagd
IK2017,,,,0,0,0,0,1,enbart_nedlagd
IK2018,,,,0,0,0,0,1,enbart_nedlagd
IK2019,,,,0,0,0,0,1,enbart_nedlagd
IK2020,,,,0,0,0,0,1,enbart_nedlagd
IK3001,,,,0,0,0,0,1,enbart_nedlagd
IK3002,,,,0,0,0,0,1,enbart_nedlagd
IK3003,,,,0,0,0,0,1,enbart_nedlagd
IKA022,,,,0,0,0,0,1,enbart_nedlagd
IKA029,,,,0,0,0,0,1,enbart_nedlagd
IKA033,,,,0,0,0,0,1,enbart_nedlagd
IKA035,,,,0,0,0,0,1,enbart_nedlagd
IKA036,,,,0,0,0,0,1,enbart_nedlagd
IKA039,,,,0,0,0,0,1,enbart_nedlagd
IKA041,,,,0,0,0,0,1,enbart_nedlagd
IKA042,,,,0,0,0,0,1,enbart_nedlagd
IKA045,,,,0,0,0,0,1,enbart_nedlagd
IKA047,,,,0,0,0,0,1,enbart_nedlagd
IKA048,,,,0,0,0,0,1,enbart_nedlagd
IKA049,,,,0,0,0,0,1,enbart_nedlagd
IKA050,,,,0,0,0,0,1,enbart_nedlagd
IKA051,,,,0,0,0,0,1,enbart_nedlagd
IKA052,,,,0,0,0,0,1,enbart_nedlagd
IKA053,,,,0,0,0,0,1,enbart_nedlagd
IKA054,,,,0,0,0,0,1,enbart_nedlagd
IKA055,,,,0,0,0,0,1,enbart_nedlagd
IKA056,,,,0,0,0,0,1,enbart_nedlagd
IKA057,,,,0,0,0,0,1,enbart_nedlagd
IKA058,,,,0,0,0,0,1,enbart_nedlagd
IKA059,,,,0,0,0,0,1,enbart_nedlagd
IKA060,,,,0,0,0,0,1,enbart_nedlagd
IKA061,,,,0,0,0,0,1,enbart_nedlagd
IKA062,,,,0,0,0,0,1,enbart_nedlagd
IKA063,,,,0,0,0,0,1,enbart_nedlagd
IKA064,,,,0,0,0,0,1,enbart_nedlagd
IKA065,,,,0,0,0,0,1,enbart_nedlagd
IKA066,,,,0,0,0,0,1,enbart_nedlagd
IKA067,,,,0,0,0,0,1,enbart_nedlagd
IKA068,,,,0,0,0,0,1,enbart_nedlagd
IKA069,,,,0,0,0,0,1,enbart_nedlagd
IKB008,,,,0,0,0,0,1,enbart_nedlagd
IKB015,,,,0,0,0,0,1,enbart_nedlagd
IKB018,,,,0,0,0,0,1,enbart_nedlagd
IKB019,,,,0,0,0,0,1,enbart_nedlagd
IKB020,,,,0,0,0,0,1,enbart_nedlagd
IKB021,,,,0,0,0,0,1,enbart_nedlagd
IKB022,,,,0,0,0,0,1,enbart_nedlagd
IKB023,,,,0,0,0,0,1,enbart_nedlagd
IKB024,,,,0,0,0,0,1,enbart_nedlagd
IKB025,,,,0,0,0,0,1,enbart_nedlagd
IKB026,,,,0,0,0,0,1,enbart_nedlagd
IKB027,,,,0,0,0,0,1,enbart_nedlagd
IKB028,,,,0,0,0,0,1,enbart_nedlagd
IKB029,,,,0,0,0,0,1,enbart_nedlagd
IKC008,,,,0,0,0,0,1,enbart_nedlagd
IKC009,,,,0,0,0,0,1,enbart_nedlagd
IKC011,,,,0,0,0,0,1,enbart_nedlagd
IKC012,,,,0,0,0,0,1,enbart_nedlagd
IKC013,,,,0,0,0,0,1,enbart_nedlagd
IKC014,,,,0,0,0,0,1,enbart_nedlagd
IKC015,,,,0,0,0,0,1,enbart_nedlagd
IKC016,,,,0,0,0,0,1,enbart_nedlagd
IKC017,,,,0,0,0,0,1,enbart_nedlagd
IKC018,,,,0,0,0,0,1,enbart_nedlagd
IKC019,,,,0,0,0,0,1,enbart_nedlagd
IKD003,,,,0,0,0,0,1,enbart_nedlagd
IKD004,,,,0,0,0,0,1,enbart_nedlagd
IKD005,,,,0,0,0,0,1,enbart_nedlagd
IKD006,,,,0,0,0,0,1,enbart_nedlagd
IT0001,,,,0,0,0,0,1,enbart_nedlagd
IT0002,,,,0,0,0,0,1,enbart_nedlagd
IT0003,,,,0,0,0,0,1,enbart_nedlagd
IT0004,,,,0,0,0,0,1,enbart_nedlagd
IT0005,,,,0,0,0,0,1,enbart_nedlagd
IT0006,,,,0,0,0,0,1,enbart_nedlagd
IT1001,,,,0,0,0,0,1,enbart_nedlagd
IT1002,,,,0,0,0,0,1,enbart_nedlagd
IT1003,,,,0,0,0,0,1,enbart_nedlagd
IT1004,,,,0,0,0,0,1,enbart_nedlagd
IT1005,,,,0,0,0,0,1,enbart_nedlagd
IT1006,,,,0,0,0,0,1,enbart_nedlagd
IT1007,,,,0,0,0,0,1,enbart_nedlagd
IT1008,,,,0,0,0,0,1,enbart_nedlagd
IT1009,,,,0,0,0,0,1,enbart_nedlagd
IT1010,,,,0,0,0,0,1,enbart_nedlagd
IT1011,,,,0,0,0,0,1,enbart_nedlagd
IT1012,,,,0,0,0,0,1,enbart_nedlagd
IT1013,,,,0,0,0,0,1,enbart_nedlagd
IT1014,,,,0,0,0,0,1,enbart_nedlagd
IT1015,,,,0,0,0,0,1,enbart_nedlagd
IT1016,,,,0,0,0,0,1,enbart_nedlagd
IT1017,,,,0,0,0,0,1,enbart_nedlagd
IT1018,,,,0,0,0,0,1,enbart_nedlagd
IT1019,,,,0,0,0,0,1,enbart_nedlagd
IT1020,,,,0,0,0,0,1,enbart_nedlagd
IT1021,,,,0,0,0,0,1,enbart_nedlagd
IT1022,,,,0,0,0,0,1,enbart_nedlagd
IT1023,,,,0,0,0,0,1,enbart_nedlagd
IT1024,,,,0,0,0,0,1,enbart_nedlagd
IT1025,,,,0,0,0,0,1,enbart_nedlagd
IT1026,,,,0,0,0,0,1,enbart_nedlagd
IT1027,,,,0,0,0,0,1,enbart_nedlagd
IT1028,,,,0,0,0,0,1,enbart_nedlagd
IT1029,,,,0,0,0,0,1,enbart_nedlagd
IT1030,,,,0,0,0,0,1,enbart_nedlagd
IT1031,,,,0,0,0,0,1,enbart_nedlagd
IT1032,,,,0,0,0,0,1,enbart_nedlagd
IT1033,,,,0,0,0,0,1,enbart_nedlagd
IT1034,Italienska: Nybörjarkurs II,ISLL,ITA,1,0,1,1,0,triangulerad
IT2001,,,,0,0,0,0,1,enbart_nedlagd
IT2002,,,,0,0,0,0,1,enbart_nedlagd
IT2003,,,,0,0,0,0,1,enbart_nedlagd
IT2004,,,,0,0,0,0,1,enbart_nedlagd
IT2005,,,,0,0,0,0,1,enbart_nedlagd
IT2006,,,,0,0,0,0,1,enbart_nedlagd
IT2007,,,,0,0,0,0,1,enbart_nedlagd
IT2008,,,,0,0,0,0,1,enbart_nedlagd
ITA005,,,,0,0,0,0,1,enbart_nedlagd
ITA010,,,,0,0,0,0,1,enbart_nedlagd
ITA012,,,,0,0,0,0,1,enbart_nedlagd
ITA013,,,,0,0,0,0,1,enbart_nedlagd
ITA014,,,,0,0,0,0,1,enbart_nedlagd
ITA015,,,,0,0,0,0,1,enbart_nedlagd
ITA016,,,,0,0,0,0,1,enbart_nedlagd
ITA017,,,,0,0,0,0,1,enbart_nedlagd
ITA018,,,,0,0,0,0,1,enbart_nedlagd
ITB001,,,,0,0,0,0,1,enbart_nedlagd
ITC002,,,,0,0,0,0,1,enbart_nedlagd
ITD001,,,,0,0,0,0,1,enbart_nedlagd
ITX003,,,,0,0,0,0,1,enbart_nedlagd
ITX004,,,,0,0,0,0,1,enbart_nedlagd
IXA013,,,,0,0,0,0,1,enbart_nedlagd
IXB009,,,,0,0,0,0,1,enbart_nedlagd
IXB011,,,,0,0,0,0,1,enbart_nedlagd
IXB016,,,,0,0,0,0,1,enbart_nedlagd
IXC006,,,,0,0,0,0,1,enbart_nedlagd
IXC011,,,,0,0,0,0,1,enbart_nedlagd
IXC013,,,,0,0,0,0,1,enbart_nedlagd
IXC014,,,,0,0,0,0,1,enbart_nedlagd
JP0001,,,,0,0,0,0,1,enbart_nedlagd
JP0002,,,,0,0,0,0,1,enbart_nedlagd
JP0003,,,,0,0,0,0,1,enbart_nedlagd
JP1001,,,,0,0,0,0,1,enbart_nedlagd
JP1002,,,,0,0,0,0,1,enbart_nedlagd
JP1003,,,,0,0,0,0,1,enbart_nedlagd
JP1004,,,,0,0,0,0,1,enbart_nedlagd
JP1005,,,,0,0,0,0,1,enbart_nedlagd
JP1006,,,,0,0,0,0,1,enbart_nedlagd
JP1007,,,,0,0,0,0,1,enbart_nedlagd
JP1008,,,,0,0,0,0,1,enbart_nedlagd
JP1009,,,,0,0,0,0,1,enbart_nedlagd
JP1010,,,,0,0,0,0,1,enbart_nedlagd
JP1011,,,,0,0,0,0,1,enbart_nedlagd
JP1012,,,,0,0,0,0,1,enbart_nedlagd
JP1013,,,,0,0,0,0,1,enbart_nedlagd
JP1014,,,,0,0,0,0,1,enbart_nedlagd
JP1015,,,,0,0,0,0,1,enbart_nedlagd
JP1016,,,,0,0,0,0,1,enbart_nedlagd
JP1017,,,,0,0,0,0,1,enbart_nedlagd
JP1019,,,,0,0,0,0,1,enbart_nedlagd
JP1020,,,,0,0,0,0,1,enbart_nedlagd
JP1021,,,,0,0,0,0,1,enbart_nedlagd
JP1022,,,,0,0,0,0,1,enbart_nedlagd
JP1023,,,,0,0,0,0,1,enbart_nedlagd
JP1024,,,,0,0,0,0,1,enbart_nedlagd
JP1025,,,,0,0,0,0,1,enbart_nedlagd
JP1026,,,,0,0,0,0,1,enbart_nedlagd
JP1027,,,,0,0,0,0,1,enbart_nedlagd
JP1028,,,,0,0,0,0,1,enbart_nedlagd
JP1029,,,,0,0,0,0,1,enbart_nedlagd
JP1030,,,,0,0,0,0,1,enbart_nedlagd
JP1031,,,,0,0,0,0,1,enbart_nedlagd
JP1032,,,,0,0,0,0,1,enbart_nedlagd
JP1033,,,,0,0,0,0,1,enbart_nedlagd
JP1034,,,,0,0,1,0,1,blomma_historik_arkiverad
JP1035,,,,0,0,1,0,1,blomma_historik_arkiverad
JP1036,,,,0,0,1,0,1,blomma_historik_arkiverad
JP1037,,,,0,0,1,0,1,blomma_historik_arkiverad
JP1038,,,,0,0,0,0,1,enbart_nedlagd
JP1039,,,,0,0,0,0,1,enbart_nedlagd
JP1040,,,,0,0,0,0,1,enbart_nedlagd
JP1041,,,,0,0,1,0,1,blomma_historik_arkiverad
JP1042,,,,0,0,0,0,1,enbart_nedlagd
JP1043,,,,0,0,1,0,1,blomma_historik_arkiverad
JP1044,,,,0,0,0,0,1,enbart_nedlagd
JP1045,Att kommunicera på japanskt vis,ISLL,JAA,1,0,1,1,0,triangulerad
JP1046,Att göra affärer i Japan,ISLL,JAA,1,0,1,1,0,triangulerad
JP1047,,,,0,0,0,0,1,enbart_nedlagd
JP1048,,,,0,0,0,0,1,enbart_nedlagd
JP1049,,,,0,0,0,0,1,enbart_nedlagd
JP1050,Japanska I: Grundläggande språkfärdighet,ISLL,JAA,1,0,1,1,0,triangulerad
JP1051,,,,0,0,0,0,1,enbart_nedlagd
JP2001,,,,0,0,0,0,1,enbart_nedlagd
JP2002,,,,0,0,0,0,1,enbart_nedlagd
JP2003,,,,0,0,0,0,1,enbart_nedlagd
JP2004,,,,0,0,1,0,1,blomma_historik_arkiverad
JP2005,,,,0,0,0,0,1,enbart_nedlagd
JP2006,,,,0,0,1,0,1,blomma_historik_arkiverad
JP2007,,,,0,0,1,0,1,blomma_historik_arkiverad
JP2008,,,,0,0,0,0,1,enbart_nedlagd
JP2009,,,,0,0,1,0,1,blomma_historik_arkiverad
JP2010,,,,0,0,0,0,1,enbart_nedlagd
JP2011,,,,0,0,0,0,1,enbart_nedlagd
JP2012,,,,0,0,0,0,1,enbart_nedlagd
JP2013,Japanska: Modern och nutida litteratur,ISLL,JAA,1,0,1,1,0,triangulerad
JP2014,,,,0,0,0,0,1,enbart_nedlagd
KDA002,,,,0,0,0,0,1,enbart_nedlagd
KE0001,,,,0,0,0,0,1,enbart_nedlagd
KE0002,,,,0,0,0,0,1,enbart_nedlagd
KE0003,,,,0,0,0,0,1,enbart_nedlagd
KE0004,,,,0,0,0,0,1,enbart_nedlagd
KE0005,,,,0,0,0,0,1,enbart_nedlagd
KE1001,,,,0,0,0,0,1,enbart_nedlagd
KE1002,,,,0,0,0,0,1,enbart_nedlagd
KE1003,,,,0,0,0,0,1,enbart_nedlagd
KE1004,,,,0,0,0,0,1,enbart_nedlagd
KE1005,,,,0,0,0,0,1,enbart_nedlagd
KE1006,,,,0,0,0,0,1,enbart_nedlagd
KE1007,,,,0,0,0,0,1,enbart_nedlagd
KE1008,,,,0,0,0,0,1,enbart_nedlagd
KE1009,,,,0,0,0,0,1,enbart_nedlagd
KE1010,,,,0,0,0,0,1,enbart_nedlagd
KE1011,,,,0,0,0,0,1,enbart_nedlagd
KE2001,,,,0,0,0,0,1,enbart_nedlagd
KE2002,,,,0,0,0,0,1,enbart_nedlagd
KE2003,,,,0,0,0,0,1,enbart_nedlagd
KE2004,,,,0,0,0,0,1,enbart_nedlagd
KEA001,,,,0,0,0,0,1,enbart_nedlagd
KEA004,,,,0,0,0,0,1,enbart_nedlagd
KEA005,,,,0,0,0,0,1,enbart_nedlagd
KEA008,,,,0,0,0,0,1,enbart_nedlagd
KEA015,,,,0,0,0,0,1,enbart_nedlagd
KEA022,,,,0,0,0,0,1,enbart_nedlagd
KEA023,,,,0,0,0,0,1,enbart_nedlagd
KEA024,,,,0,0,0,0,1,enbart_nedlagd
KEA025,,,,0,0,0,0,1,enbart_nedlagd
KEA026,,,,0,0,0,0,1,enbart_nedlagd
KEA027,,,,0,0,0,0,1,enbart_nedlagd
KEA028,,,,0,0,0,0,1,enbart_nedlagd
KEA029,,,,0,0,0,0,1,enbart_nedlagd
KEA030,,,,0,0,0,0,1,enbart_nedlagd
KEA031,,,,0,0,0,0,1,enbart_nedlagd
KEA032,,,,0,0,0,0,1,enbart_nedlagd
KEA033,,,,0,0,0,0,1,enbart_nedlagd
KEA034,,,,0,0,0,0,1,enbart_nedlagd
KEA035,,,,0,0,0,0,1,enbart_nedlagd
KEA036,,,,0,0,0,0,1,enbart_nedlagd
KEA037,,,,0,0,0,0,1,enbart_nedlagd
KEB001,,,,0,0,0,0,1,enbart_nedlagd
KEB002,,,,0,0,0,0,1,enbart_nedlagd
KEC001,,,,0,0,0,0,1,enbart_nedlagd
KEX004,,,,0,0,0,0,1,enbart_nedlagd
KEX006,,,,0,0,0,0,1,enbart_nedlagd
KEX007,,,,0,0,0,0,1,enbart_nedlagd
KEX008,,,,0,0,0,0,1,enbart_nedlagd
KEX009,,,,0,0,0,0,1,enbart_nedlagd
KG1001,,,,0,0,0,0,1,enbart_nedlagd
KG1002,,,,0,0,0,0,1,enbart_nedlagd
KG1003,,,,0,0,0,0,1,enbart_nedlagd
KG1004,,,,0,0,0,0,1,enbart_nedlagd
KG1005,Fysisk och lokal planering,IKS,KGA,1,0,1,1,0,triangulerad
KG1006,,,,0,0,0,0,1,enbart_nedlagd
KG1007,,,,0,0,0,0,1,enbart_nedlagd
KG1008,,,,0,0,0,0,1,enbart_nedlagd
KG1009,,,,0,0,0,0,1,enbart_nedlagd
KG1010,Introduktion till Geografiska Informations System (GIS),IKS,KGA,1,0,1,1,0,triangulerad
KG1011,,,,0,0,0,0,1,enbart_nedlagd
KG1012,,,,0,0,0,0,1,enbart_nedlagd
KG1013,,,,0,0,0,0,1,enbart_nedlagd
KG1014,,,,0,0,0,0,1,enbart_nedlagd
KG1015,,,,0,0,0,0,1,enbart_nedlagd
KG1016,Mobility and Travel Behaviour,IKS,KGA,1,0,1,1,0,triangulerad
KG1017,,,,0,0,0,0,1,enbart_nedlagd
KG1018,,,,0,0,0,0,1,enbart_nedlagd
KG1019,,,,0,0,0,0,1,enbart_nedlagd
KG1020,GIS som analysverktyg,IKS,KGA,1,0,1,1,0,triangulerad
KG1021,Mobilitet och resvanor,IKS,KGA,1,0,1,1,0,triangulerad
KG1022,Lokaliseringsanalys och destinationsutveckling,IKS,KGA,1,0,1,1,0,triangulerad
KG1023,,,,0,0,0,0,1,enbart_nedlagd
KG1024,Befolkningsgeografi och marknader för turism,IKS,KGA,1,0,1,1,0,triangulerad
KG1025,Turismen i den globala ekonomin,IKS,KGA,1,0,1,1,0,triangulerad
KG1026,,,,0,0,0,0,1,enbart_nedlagd
KG1027,Introduktion till Geografiska Informations System (GIS),IKS,KGA,1,0,1,1,0,triangulerad
KG1028,,,,0,0,0,0,1,enbart_nedlagd
KG1029,,,,0,0,0,0,1,enbart_nedlagd
KG2001,Kulturgeografisk teori och metod,IKS,KGA,1,0,1,1,0,triangulerad
KG2002,,,,0,0,0,0,1,enbart_nedlagd
KG2003,Examensarbete för kandidatexamen i kulturgeografi,IKS,KGA,1,0,1,1,0,triangulerad
KG2004,,,,0,0,0,0,1,enbart_nedlagd
KG2005,Kulturgeografisk teori och metod,IKS,KGA,1,0,1,1,0,triangulerad
KG3001,,,,0,0,0,0,1,enbart_nedlagd
KG3002,,,,0,0,0,0,1,enbart_nedlagd
KG3003,,,,0,0,0,0,1,enbart_nedlagd
KG3004,,,,0,0,0,0,1,enbart_nedlagd
KG3006,,,,0,0,0,0,1,enbart_nedlagd
KG3007,,,,0,0,0,0,1,enbart_nedlagd
KG3008,,,,0,0,0,0,1,enbart_nedlagd
KG3009,,,,0,0,0,0,1,enbart_nedlagd
KG3010,Geografiska perspektiv på kulturarvet i upplevelseindustrin,IKS,KGA,1,0,1,1,0,triangulerad
KG3011,Rumsliga data och GIS,IKS,KGA,1,0,1,1,0,triangulerad
KG3012,,,,0,0,0,0,1,enbart_nedlagd
KG3013,,,,0,0,0,0,1,enbart_nedlagd
KG3014,Examensarbete för Magisterexamen i kulturgeografi,IKS,KGA,1,0,1,1,0,triangulerad
KG3015,Examensarbete för Magisterexamen i kulturgeografi,IKS,KGA,1,0,1,1,0,triangulerad
KG3016,Teori och forskningsmetoder,IKS,KGA,1,0,1,1,0,triangulerad
KG3017,,,,0,0,0,0,1,enbart_nedlagd
KG3018,Management och tolkning av kulturarv,IKS,KGA,1,0,1,1,0,triangulerad
KG3019,Hållbar destinationsutveckling,IKS,KGA,1,0,1,1,0,triangulerad
KGA021,,,,0,0,0,0,1,enbart_nedlagd
KGA023,,,,0,0,0,0,1,enbart_nedlagd
KGA028,,,,0,0,0,0,1,enbart_nedlagd
KGA029,,,,0,0,0,0,1,enbart_nedlagd
KGA030,,,,0,0,0,0,1,enbart_nedlagd
KGA031,,,,0,0,0,0,1,enbart_nedlagd
KGA032,,,,0,0,0,0,1,enbart_nedlagd
KGA033,,,,0,0,0,0,1,enbart_nedlagd
KGA034,,,,0,0,0,0,1,enbart_nedlagd
KGA035,,,,0,0,0,0,1,enbart_nedlagd
KGB019,,,,0,0,0,0,1,enbart_nedlagd
KGB023,,,,0,0,0,0,1,enbart_nedlagd
KGB024,,,,0,0,0,0,1,enbart_nedlagd
KGB025,,,,0,0,0,0,1,enbart_nedlagd
KGB026,,,,0,0,0,0,1,enbart_nedlagd
KGC005,,,,0,0,0,0,1,enbart_nedlagd
KGC006,,,,0,0,0,0,1,enbart_nedlagd
KGC007,,,,0,0,0,0,1,enbart_nedlagd
KGD003,,,,0,0,0,0,1,enbart_nedlagd
KGD004,,,,0,0,0,0,1,enbart_nedlagd
KGD005,,,,0,0,0,0,1,enbart_nedlagd
KI0001,,,,0,0,0,0,1,enbart_nedlagd
KI1001,,,,0,0,0,0,1,enbart_nedlagd
KI1002,,,,0,0,0,0,1,enbart_nedlagd
KI1003,,,,0,0,0,0,1,enbart_nedlagd
KI1004,,,,0,0,0,0,1,enbart_nedlagd
KI1005,,,,0,0,0,0,1,enbart_nedlagd
KI1006,,,,0,0,0,0,1,enbart_nedlagd
KI1007,,,,0,0,0,0,1,enbart_nedlagd
KI1008,,,,0,0,0,0,1,enbart_nedlagd
KI1009,,,,0,0,0,0,1,enbart_nedlagd
KI1010,,,,0,0,0,0,1,enbart_nedlagd
KI1011,,,,0,0,0,0,1,enbart_nedlagd
KI1012,,,,0,0,0,0,1,enbart_nedlagd
KI1013,,,,0,0,0,0,1,enbart_nedlagd
KI1014,,,,0,0,0,0,1,enbart_nedlagd
KI1015,,,,0,0,0,0,1,enbart_nedlagd
KI1016,,,,0,0,0,0,1,enbart_nedlagd
KI1017,,,,0,0,0,0,1,enbart_nedlagd
KI1018,,,,0,0,0,0,1,enbart_nedlagd
KI1019,,,,0,0,0,0,1,enbart_nedlagd
KI1020,,,,0,0,0,0,1,enbart_nedlagd
KI1021,,,,0,0,0,0,1,enbart_nedlagd
KI1022,,,,0,0,0,0,1,enbart_nedlagd
KI1023,,,,0,0,0,0,1,enbart_nedlagd
KI1024,,,,0,0,0,0,1,enbart_nedlagd
KI1025,,,,0,0,0,0,1,enbart_nedlagd
KI1026,,,,0,0,0,0,1,enbart_nedlagd
KI1027,,,,0,0,0,0,1,enbart_nedlagd
KI1028,,,,0,0,0,0,1,enbart_nedlagd
KI1029,,,,0,0,0,0,1,enbart_nedlagd
KI1030,Kinesiska i tal och skrift IV,ISLL,KIA,1,0,1,1,0,triangulerad
KI1031,Kinesiska i tal och konversation,ISLL,KIA,1,0,1,1,0,triangulerad
KI1032,,,,0,0,0,0,1,enbart_nedlagd
KI1033,,,,0,0,0,0,1,enbart_nedlagd
KI1034,Kinesisk muntlig språkfärdighet II,ISLL,KIA,1,0,1,1,0,triangulerad
KI1035,,,,0,0,0,0,1,enbart_nedlagd
KI1036,,,,0,0,0,0,1,enbart_nedlagd
KI1037,,,,0,0,0,0,1,enbart_nedlagd
KI1038,,,,0,0,0,0,1,enbart_nedlagd
KI1039,,,,0,0,0,0,1,enbart_nedlagd
KI1040,,,,0,0,0,0,1,enbart_nedlagd
KI1041,,,,0,0,0,0,1,enbart_nedlagd
KI1042,,,,0,0,0,0,1,enbart_nedlagd
KI1043,Kinesisk textläsning på medelnivå,ISLL,KIA,1,0,1,1,0,triangulerad
KI1044,,,,0,0,0,0,1,enbart_nedlagd
KI1045,Kinesiska tecken II,ISLL,KIA,1,0,1,1,0,triangulerad
KI1046,Kinesiska i tal och skrift I,ISLL,KIA,1,0,1,1,0,triangulerad
KI1047,Kinesisk muntlig språkfärdighet I,ISLL,KIA,1,0,1,1,0,triangulerad
KI1048,,,,0,0,0,0,1,enbart_nedlagd
KI1049,,,,0,0,0,0,1,enbart_nedlagd
KI1050,,,,0,0,0,0,1,enbart_nedlagd
KI1051,Kinesiska: grundläggande språkfärdighet,ISLL,KIA,1,0,1,1,0,triangulerad
KI2001,Kinesisk modern litteratur I,ISLL,KIA,1,0,1,1,0,triangulerad
KI2002,,,,0,0,0,0,1,enbart_nedlagd
KI2003,,,,0,0,0,0,1,enbart_nedlagd
KI2004,,,,0,0,0,0,1,enbart_nedlagd
KI2005,,,,0,0,0,0,1,enbart_nedlagd
KI2006,,,,0,0,0,0,1,enbart_nedlagd
KI2007,,,,0,0,0,0,1,enbart_nedlagd
KI2008,,,,0,0,0,0,1,enbart_nedlagd
KI2009,,,,0,0,0,0,1,enbart_nedlagd
KI2010,,,,0,0,0,0,1,enbart_nedlagd
KI2011,,,,0,0,0,0,1,enbart_nedlagd
KI2012,Kinesiska: Forskningsmetodik,ISLL,KIA,1,0,1,1,0,triangulerad
KL1001,,,,0,0,0,0,1,enbart_nedlagd
KL1002,,,,0,0,0,0,1,enbart_nedlagd
KL1003,,,,0,0,0,0,1,enbart_nedlagd
KL1004,,,,0,0,0,0,1,enbart_nedlagd
KL1005,,,,0,0,0,0,1,enbart_nedlagd
KL2001,,,,0,0,0,0,1,enbart_nedlagd
KL2002,,,,0,0,0,0,1,enbart_nedlagd
KLA001,,,,0,0,0,0,1,enbart_nedlagd
KLA002,,,,0,0,0,0,1,enbart_nedlagd
KLA003,,,,0,0,0,0,1,enbart_nedlagd
KLA004,,,,0,0,0,0,1,enbart_nedlagd
KLA005,,,,0,0,0,0,1,enbart_nedlagd
KLA006,,,,0,0,0,0,1,enbart_nedlagd
KLA007,,,,0,0,0,0,1,enbart_nedlagd
KLB002,,,,0,0,0,0,1,enbart_nedlagd
KT0001,,,,0,0,0,0,1,enbart_nedlagd
KT1001,,,,0,0,0,0,1,enbart_nedlagd
KT1002,,,,0,0,0,0,1,enbart_nedlagd
KT1003,,,,0,0,0,0,1,enbart_nedlagd
KT1004,,,,0,0,0,0,1,enbart_nedlagd
KT1005,,,,0,0,0,0,1,enbart_nedlagd
KT1006,,,,0,0,0,0,1,enbart_nedlagd
KT1007,,,,0,0,0,0,1,enbart_nedlagd
KT1008,,,,0,0,0,0,1,enbart_nedlagd
KT1009,,,,0,0,0,0,1,enbart_nedlagd
KT1010,,,,0,0,0,0,1,enbart_nedlagd
KTA004,,,,0,0,0,0,1,enbart_nedlagd
KTA005,,,,0,0,0,0,1,enbart_nedlagd
KTA006,,,,0,0,0,0,1,enbart_nedlagd
KTA007,,,,0,0,0,0,1,enbart_nedlagd
KTA008,,,,0,0,0,0,1,enbart_nedlagd
KTA009,,,,0,0,0,0,1,enbart_nedlagd
KTA010,,,,0,0,0,0,1,enbart_nedlagd
KTA011,,,,0,0,0,0,1,enbart_nedlagd
KTA012,,,,0,0,0,0,1,enbart_nedlagd
KTA013,,,,0,0,0,0,1,enbart_nedlagd
KTA014,,,,0,0,0,0,1,enbart_nedlagd
KTB009,,,,0,0,0,0,1,enbart_nedlagd
KTB011,,,,0,0,0,0,1,enbart_nedlagd
KTB013,,,,0,0,0,0,1,enbart_nedlagd
KTB021,,,,0,0,0,0,1,enbart_nedlagd
KTB022,,,,0,0,0,0,1,enbart_nedlagd
KTB023,,,,0,0,0,0,1,enbart_nedlagd
KTB024,,,,0,0,0,0,1,enbart_nedlagd
KTB025,,,,0,0,0,0,1,enbart_nedlagd
KTB027,,,,0,0,0,0,1,enbart_nedlagd
KTB028,,,,0,0,0,0,1,enbart_nedlagd
KTB029,,,,0,0,0,0,1,enbart_nedlagd
KTB030,,,,0,0,0,0,1,enbart_nedlagd
KTC003,,,,0,0,0,0,1,enbart_nedlagd
KTC012,,,,0,0,0,0,1,enbart_nedlagd
KTC013,,,,0,0,0,0,1,enbart_nedlagd
KTC014,,,,0,0,0,0,1,enbart_nedlagd
KTD002,,,,0,0,0,0,1,enbart_nedlagd
KTD003,,,,0,0,0,0,1,enbart_nedlagd
KTD004,,,,0,0,0,0,1,enbart_nedlagd
KTD005,,,,0,0,0,0,1,enbart_nedlagd
KTD006,,,,0,0,0,0,1,enbart_nedlagd
KV1001,,,,0,0,0,0,1,enbart_nedlagd
KV1002,,,,0,0,0,0,1,enbart_nedlagd
KV1003,,,,0,0,0,0,1,enbart_nedlagd
KV1004,,,,0,0,0,0,1,enbart_nedlagd
KV1005,,,,0,0,0,0,1,enbart_nedlagd
KV1006,,,,0,0,0,0,1,enbart_nedlagd
KV1007,,,,0,0,0,0,1,enbart_nedlagd
KV1008,,,,0,0,0,0,1,enbart_nedlagd
KV1009,,,,0,0,0,0,1,enbart_nedlagd
KV2001,,,,0,0,0,0,1,enbart_nedlagd
KV2002,,,,0,0,0,0,1,enbart_nedlagd
KVA002,,,,0,0,0,0,1,enbart_nedlagd
KVA003,,,,0,0,0,0,1,enbart_nedlagd
KVA004,,,,0,0,0,0,1,enbart_nedlagd
KVA005,,,,0,0,0,0,1,enbart_nedlagd
KVA006,,,,0,0,0,0,1,enbart_nedlagd
KVA007,,,,0,0,0,0,1,enbart_nedlagd
KVB001,,,,0,0,0,0,1,enbart_nedlagd
KVB002,,,,0,0,0,0,1,enbart_nedlagd
KVB003,,,,0,0,0,0,1,enbart_nedlagd
KVB004,,,,0,0,0,0,1,enbart_nedlagd
KVB005,,,,0,0,0,0,1,enbart_nedlagd
KVB006,,,,0,0,0,0,1,enbart_nedlagd
KVB007,,,,0,0,0,0,1,enbart_nedlagd
KVB008,,,,0,0,0,0,1,enbart_nedlagd
KVB009,,,,0,0,0,0,1,enbart_nedlagd
KVB010,,,,0,0,0,0,1,enbart_nedlagd
KVC001,,,,0,0,0,0,1,enbart_nedlagd
KVD001,,,,0,0,0,0,1,enbart_nedlagd
LI1001,,,,0,0,0,0,1,enbart_nedlagd
LI1002,,,,0,0,0,0,1,enbart_nedlagd
LI1003,,,,0,0,0,0,1,enbart_nedlagd
LI1004,,,,0,0,0,0,1,enbart_nedlagd
LI1005,,,,0,0,0,0,1,enbart_nedlagd
LI1006,,,,0,0,0,0,1,enbart_nedlagd
LI1007,,,,0,0,0,0,1,enbart_nedlagd
LI1008,,,,0,0,0,0,1,enbart_nedlagd
LI1009,,,,0,0,0,0,1,enbart_nedlagd
LI1010,,,,0,0,0,0,1,enbart_nedlagd
LI1011,,,,0,0,0,0,1,enbart_nedlagd
LI1012,,,,0,0,0,0,1,enbart_nedlagd
LI1013,,,,0,0,0,0,1,enbart_nedlagd
LI1014,,,,0,0,0,0,1,enbart_nedlagd
LI1015,,,,0,0,0,0,1,enbart_nedlagd
LI1016,,,,0,0,0,0,1,enbart_nedlagd
LI1017,,,,0,0,0,0,1,enbart_nedlagd
LI1018,,,,0,0,0,0,1,enbart_nedlagd
LI1019,,,,0,0,0,0,1,enbart_nedlagd
LI1020,,,,0,0,0,0,1,enbart_nedlagd
LI1021,,,,0,0,0,0,1,enbart_nedlagd
LI1022,,,,0,0,0,0,1,enbart_nedlagd
LI1023,,,,0,0,0,0,1,enbart_nedlagd
LI1024,,,,0,0,0,0,1,enbart_nedlagd
LI1025,,,,0,0,0,0,1,enbart_nedlagd
LI1026,,,,0,0,0,0,1,enbart_nedlagd
LI1027,,,,0,0,0,0,1,enbart_nedlagd
LI1028,,,,0,0,0,0,1,enbart_nedlagd
LI1029,,,,0,0,0,0,1,enbart_nedlagd
LI1031,,,,0,0,0,0,1,enbart_nedlagd
LI1032,,,,0,0,0,0,1,enbart_nedlagd
LI1033,,,,0,0,0,0,1,enbart_nedlagd
LI1034,,,,0,0,0,0,1,enbart_nedlagd
LI1035,,,,0,0,0,0,1,enbart_nedlagd
LI1036,,,,0,0,0,0,1,enbart_nedlagd
LI1037,,,,0,0,0,0,1,enbart_nedlagd
LI1038,,,,0,0,0,0,1,enbart_nedlagd
LI1039,,,,0,0,0,0,1,enbart_nedlagd
LI1040,,,,0,0,0,0,1,enbart_nedlagd
LI1041,,,,0,0,0,0,1,enbart_nedlagd
LI1042,,,,0,0,0,0,1,enbart_nedlagd
LI1043,,,,0,0,0,0,1,enbart_nedlagd
LI1044,,,,0,0,0,0,1,enbart_nedlagd
LI1045,,,,0,0,0,0,1,enbart_nedlagd
LI1046,,,,0,0,0,0,1,enbart_nedlagd
LI1047,,,,0,0,0,0,1,enbart_nedlagd
LI2001,,,,0,0,0,0,1,enbart_nedlagd
LI2002,,,,0,0,0,0,1,enbart_nedlagd
LI2003,,,,0,0,0,0,1,enbart_nedlagd
LI2004,,,,0,0,0,0,1,enbart_nedlagd
LI2005,,,,0,0,0,0,1,enbart_nedlagd
LI2006,,,,0,0,0,0,1,enbart_nedlagd
LI2007,,,,0,0,0,0,1,enbart_nedlagd
LI2008,,,,0,0,0,0,1,enbart_nedlagd
LI2009,,,,0,0,0,0,1,enbart_nedlagd
LI2010,,,,0,0,0,0,1,enbart_nedlagd
LI2011,,,,0,0,0,0,1,enbart_nedlagd
LI2012,,,,0,0,0,0,1,enbart_nedlagd
LI2013,,,,0,0,0,0,1,enbart_nedlagd
LI2014,,,,0,0,0,0,1,enbart_nedlagd
LI2015,,,,0,0,0,0,1,enbart_nedlagd
LI2016,,,,0,0,0,0,1,enbart_nedlagd
LI2017,,,,0,0,0,0,1,enbart_nedlagd
LI2018,,,,0,0,0,0,1,enbart_nedlagd
LI2019,,,,0,0,0,0,1,enbart_nedlagd
LI2020,,,,0,0,0,0,1,enbart_nedlagd
LI3001,,,,0,0,0,0,1,enbart_nedlagd
LI3002,,,,0,0,0,0,1,enbart_nedlagd
LI3003,,,,0,0,0,0,1,enbart_nedlagd
LI3004,,,,0,0,0,0,1,enbart_nedlagd
LI3005,,,,0,0,0,0,1,enbart_nedlagd
LI3006,,,,0,0,0,0,1,enbart_nedlagd
LI3007,,,,0,0,0,0,1,enbart_nedlagd
LI3008,,,,0,0,0,0,1,enbart_nedlagd
LI3009,,,,0,0,0,0,1,enbart_nedlagd
LI3010,,,,0,0,0,0,1,enbart_nedlagd
LI3011,,,,0,0,0,0,1,enbart_nedlagd
LI3012,,,,0,0,0,0,1,enbart_nedlagd
LI3013,,,,0,0,0,0,1,enbart_nedlagd
LIA011,,,,0,0,0,0,1,enbart_nedlagd
LIA021,,,,0,0,0,0,1,enbart_nedlagd
LIA022,,,,0,0,0,0,1,enbart_nedlagd
LIA023,,,,0,0,0,0,1,enbart_nedlagd
LIA024,,,,0,0,0,0,1,enbart_nedlagd
LIA025,,,,0,0,0,0,1,enbart_nedlagd
LIB008,,,,0,0,0,0,1,enbart_nedlagd
LIB009,,,,0,0,0,0,1,enbart_nedlagd
LIB010,,,,0,0,0,0,1,enbart_nedlagd
LIB011,,,,0,0,0,0,1,enbart_nedlagd
LIB012,,,,0,0,0,0,1,enbart_nedlagd
LIB013,,,,0,0,0,0,1,enbart_nedlagd
LIB014,,,,0,0,0,0,1,enbart_nedlagd
LIC005,,,,0,0,0,0,1,enbart_nedlagd
LIC007,,,,0,0,0,0,1,enbart_nedlagd
LIC008,,,,0,0,0,0,1,enbart_nedlagd
LIC009,,,,0,0,0,0,1,enbart_nedlagd
LIC010,,,,0,0,0,0,1,enbart_nedlagd
LIC011,,,,0,0,0,0,1,enbart_nedlagd
LIC012,,,,0,0,0,0,1,enbart_nedlagd
LIC013,,,,0,0,0,0,1,enbart_nedlagd
LID002,,,,0,0,0,0,1,enbart_nedlagd
LID003,,,,0,0,0,0,1,enbart_nedlagd
LID004,,,,0,0,0,0,1,enbart_nedlagd
LID005,,,,0,0,0,0,1,enbart_nedlagd
LID006,,,,0,0,0,0,1,enbart_nedlagd
LID007,,,,0,0,0,0,1,enbart_nedlagd
LID008,,,,0,0,0,0,1,enbart_nedlagd
LID009,,,,0,0,0,0,1,enbart_nedlagd
LP1001,,,,0,0,0,0,1,enbart_nedlagd
LP1002,,,,0,0,1,0,1,blomma_historik_arkiverad
LP1003,,,,0,0,0,0,1,enbart_nedlagd
LP1004,,,,0,0,0,0,1,enbart_nedlagd
LP1005,,,,0,0,0,0,1,enbart_nedlagd
LP1006,,,,0,0,0,0,1,enbart_nedlagd
LP1007,,,,0,0,0,0,1,enbart_nedlagd
LP1008,,,,0,0,0,0,1,enbart_nedlagd
LP1009,,,,0,0,0,0,1,enbart_nedlagd
LP1011,,,,0,0,0,0,1,enbart_nedlagd
LP1012,,,,0,0,0,0,1,enbart_nedlagd
LP1013,,,,0,0,0,0,1,enbart_nedlagd
LP1014,,,,0,0,0,0,1,enbart_nedlagd
LP1015,,,,0,0,0,0,1,enbart_nedlagd
LP1016,,,,0,0,0,0,1,enbart_nedlagd
LP1017,,,,0,0,0,0,1,enbart_nedlagd
LP1018,,,,0,0,0,0,1,enbart_nedlagd
LP1019,,,,0,0,0,0,1,enbart_nedlagd
LP1020,,,,0,0,0,0,1,enbart_nedlagd
LP1021,,,,0,0,0,0,1,enbart_nedlagd
LP1022,,,,0,0,0,0,1,enbart_nedlagd
LP1023,,,,0,0,0,0,1,enbart_nedlagd
LP1024,,,,0,0,0,0,1,enbart_nedlagd
LP1025,,,,0,0,0,0,1,enbart_nedlagd
LP1026,,,,0,0,0,0,1,enbart_nedlagd
LP1027,,,,0,0,0,0,1,enbart_nedlagd
LP1028,,,,0,0,0,0,1,enbart_nedlagd
LP1029,,,,0,0,0,0,1,enbart_nedlagd
LP1030,,,,0,0,0,0,1,enbart_nedlagd
LP1031,,,,0,0,0,0,1,enbart_nedlagd
LP1032,Examensarbete för högskoleexamen i musik- och ljuddesign,IKS,LPU,1,0,1,1,0,triangulerad
LP1033,,,,0,0,0,0,1,enbart_nedlagd
LP1034,,,,0,0,0,0,1,enbart_nedlagd
LP1035,,,,0,0,0,0,1,enbart_nedlagd
LP1036,,,,0,0,0,0,1,enbart_nedlagd
LP1037,,,,0,0,0,0,1,enbart_nedlagd
LP1038,,,,0,0,0,0,1,enbart_nedlagd
LP1039,,,,0,0,0,0,1,enbart_nedlagd
LP1040,,,,0,0,0,0,1,enbart_nedlagd
LP1041,,,,0,0,0,0,1,enbart_nedlagd
LP1042,,,,0,0,0,0,1,enbart_nedlagd
LP1043,,,,0,0,0,0,1,enbart_nedlagd
LP1044,,,,0,0,0,0,1,enbart_nedlagd
LP1045,,,,0,0,0,0,1,enbart_nedlagd
LP1046,,,,0,0,0,0,1,enbart_nedlagd
LP1047,,,,0,0,0,0,1,enbart_nedlagd
LP1048,,,,0,0,0,0,1,enbart_nedlagd
LP1049,,,,0,0,0,0,1,enbart_nedlagd
LP1050,,,,0,0,0,0,1,enbart_nedlagd
LP1051,,,,0,0,0,0,1,enbart_nedlagd
LP1052,Ljudläggning till rörliga bilder,IKS,LPU,1,0,1,1,0,triangulerad
LP1053,Entreprenörskap för medieproducenter,IKS,LPU,1,0,1,1,0,triangulerad
LP1054,Kommunikationsteorier,IKS,LPU,1,0,1,1,0,triangulerad
LP1055,,,,0,0,0,0,1,enbart_nedlagd
LP1056,,,,0,0,0,0,1,enbart_nedlagd
LP1057,,,,0,0,0,0,1,enbart_nedlagd
LP1058,,,,0,0,0,0,1,enbart_nedlagd
LP1059,,,,0,0,0,0,1,enbart_nedlagd
LP1060,,,,0,0,0,0,1,enbart_nedlagd
LP1061,,,,0,0,0,0,1,enbart_nedlagd
LP1062,,,,0,0,0,0,1,enbart_nedlagd
LP1063,,,,0,0,0,0,1,enbart_nedlagd
LP1064,Liveljud och liveinspelning,IKS,LPU,1,0,1,1,0,triangulerad
LP1065,Vetenskaplig uppsats i Ljud- och musikproduktion,IKS,LPU,1,0,1,1,0,triangulerad
LP1066,,,,0,0,0,0,1,enbart_nedlagd
LP1067,,,,0,0,0,0,1,enbart_nedlagd
LP1068,,,,0,0,0,0,1,enbart_nedlagd
LP1069,,,,0,0,0,0,1,enbart_nedlagd
LP1070,,,,0,0,0,0,1,enbart_nedlagd
LP1071,Från idé till master,IKS,LPU,1,0,1,1,0,triangulerad
LP1072,Produktionsprocesser och - villkor inom musikproduktion,IKS,LPU,1,0,1,1,0,triangulerad
LP1073,,,,0,0,0,0,1,enbart_nedlagd
LP1074,Analys av musikproduktioner,IKS,LPU,1,0,1,1,0,triangulerad
LP1075,Möten med skilda musikgenrer,IKS,LPU,1,0,1,1,0,triangulerad
LP1076,Ljud- och musikproduktion som projektarbete,IKS,LPU,1,0,1,1,0,triangulerad
LP1077,,,,0,0,0,0,1,enbart_nedlagd
LP1078,,,,0,0,0,0,1,enbart_nedlagd
LP1079,,,,0,0,0,0,1,enbart_nedlagd
LP1080,Audioteknologi 2,IKS,LPU,1,0,1,1,0,triangulerad
LP1081,,,,0,0,0,0,1,enbart_nedlagd
LP1082,,,,0,0,0,0,1,enbart_nedlagd
LP1083,,,,0,0,0,0,1,enbart_nedlagd
LP1084,,,,0,0,0,0,1,enbart_nedlagd
LP2001,,,,0,0,0,0,1,enbart_nedlagd
LP2002,,,,0,0,0,0,1,enbart_nedlagd
LP2003,,,,0,0,0,0,1,enbart_nedlagd
LP2004,,,,0,0,0,0,1,enbart_nedlagd
LP2005,,,,0,0,0,0,1,enbart_nedlagd
LP2006,,,,0,0,0,0,1,enbart_nedlagd
LP2007,,,,0,0,0,0,1,enbart_nedlagd
LP2008,,,,0,0,0,0,1,enbart_nedlagd
LP2009,"Ljudproduktion, fördjupningskurs",IKS,LPU,1,0,1,1,0,triangulerad
LP2010,"Audiovisuell produktion, fördjupningskurs",IKS,LPU,1,0,1,1,0,triangulerad
LP2011,,,,0,0,0,0,1,enbart_nedlagd
LP2012,"Musikproduktion, fördjupningskurs",IKS,LPU,1,0,1,1,0,triangulerad
LP2013,Audiovisuell produktionspraktik,IKS,LPU,1,0,1,1,0,triangulerad
LPA002,,,,0,0,0,0,1,enbart_nedlagd
LPA003,,,,0,0,0,0,1,enbart_nedlagd
LPA006,,,,0,0,0,0,1,enbart_nedlagd
LPB001,,,,0,0,0,0,1,enbart_nedlagd
LPB003,,,,0,0,0,0,1,enbart_nedlagd
LPC001,,,,0,0,0,0,1,enbart_nedlagd
LPD001,,,,0,0,0,0,1,enbart_nedlagd
MA0001,,,,0,0,0,0,1,enbart_nedlagd
MA0002,,,,0,0,0,0,1,enbart_nedlagd
MA0003,,,,0,0,0,0,1,enbart_nedlagd
MA0004,,,,0,0,0,0,1,enbart_nedlagd
MA0005,,,,0,0,0,0,1,enbart_nedlagd
MA0006,,,,0,0,0,0,1,enbart_nedlagd
MA0007,,,,0,0,0,0,1,enbart_nedlagd
MA0008,,,,0,0,0,0,1,enbart_nedlagd
MA0009,,,,0,0,0,0,1,enbart_nedlagd
MA0010,,,,0,0,0,0,1,enbart_nedlagd
MA0011,Matematik 3c,IIT,MAA,1,0,1,1,0,triangulerad
MA0012,,,,0,0,0,0,1,enbart_nedlagd
MA0013,Matematik 4,IIT,MAA,1,0,1,1,0,triangulerad
MA0014,,,,0,0,0,0,1,enbart_nedlagd
MA1001,,,,0,0,0,0,1,enbart_nedlagd
MA1002,,,,0,0,0,0,1,enbart_nedlagd
MA1003,,,,0,0,0,0,1,enbart_nedlagd
MA1004,,,,0,0,0,0,1,enbart_nedlagd
MA1005,,,,0,0,0,0,1,enbart_nedlagd
MA1006,,,,0,0,0,0,1,enbart_nedlagd
MA1007,,,,0,0,0,0,1,enbart_nedlagd
MA1008,,,,0,0,0,0,1,enbart_nedlagd
MA1009,,,,0,0,0,0,1,enbart_nedlagd
MA1010,,,,0,0,0,0,1,enbart_nedlagd
MA1011,,,,0,0,0,0,1,enbart_nedlagd
MA1012,,,,0,0,0,0,1,enbart_nedlagd
MA1013,,,,0,0,0,0,1,enbart_nedlagd
MA1014,,,,0,0,0,0,1,enbart_nedlagd
MA1015,,,,0,0,0,0,1,enbart_nedlagd
MA1016,,,,0,0,0,0,1,enbart_nedlagd
MA1017,,,,0,0,0,0,1,enbart_nedlagd
MA1018,,,,0,0,0,0,1,enbart_nedlagd
MA1019,,,,0,0,0,0,1,enbart_nedlagd
MA1020,,,,0,0,0,0,1,enbart_nedlagd
MA1021,,,,0,0,0,0,1,enbart_nedlagd
MA1022,,,,0,0,0,0,1,enbart_nedlagd
MA1023,,,,0,0,0,0,1,enbart_nedlagd
MA1024,,,,0,0,0,0,1,enbart_nedlagd
MA1025,,,,0,0,0,0,1,enbart_nedlagd
MA1026,,,,0,0,0,0,1,enbart_nedlagd
MA1027,,,,0,0,0,0,1,enbart_nedlagd
MA1028,,,,0,0,0,0,1,enbart_nedlagd
MA1029,,,,0,0,0,0,1,enbart_nedlagd
MA1030,,,,0,0,0,0,1,enbart_nedlagd
MA1031,,,,0,0,0,0,1,enbart_nedlagd
MA1032,,,,0,0,0,0,1,enbart_nedlagd
MA1033,,,,0,0,0,0,1,enbart_nedlagd
MA1034,,,,0,0,0,0,1,enbart_nedlagd
MA1035,,,,0,0,0,0,1,enbart_nedlagd
MA1036,,,,0,0,0,0,1,enbart_nedlagd
MA1037,,,,0,0,0,0,1,enbart_nedlagd
MA1038,,,,0,0,0,0,1,enbart_nedlagd
MA1039,,,,0,0,0,0,1,enbart_nedlagd
MA1040,Matematik för tekniker,IIT,MAA,1,0,1,1,0,triangulerad
MA1041,,,,0,0,0,0,1,enbart_nedlagd
MA1042,Flervariabelanalys,IIT,MAA,1,0,1,1,0,triangulerad
MA1043,,,,0,0,0,0,1,enbart_nedlagd
MAA008,,,,0,0,0,0,1,enbart_nedlagd
MAA019,,,,0,0,0,0,1,enbart_nedlagd
MAA020,,,,0,0,0,0,1,enbart_nedlagd
MAA022,,,,0,0,0,0,1,enbart_nedlagd
MAA023,,,,0,0,0,0,1,enbart_nedlagd
MAA025,,,,0,0,0,0,1,enbart_nedlagd
MAA027,,,,0,0,0,0,1,enbart_nedlagd
MAA031,,,,0,0,0,0,1,enbart_nedlagd
MAA034,,,,0,0,0,0,1,enbart_nedlagd
MAA035,,,,0,0,0,0,1,enbart_nedlagd
MAA038,,,,0,0,0,0,1,enbart_nedlagd
MAA039,,,,0,0,0,0,1,enbart_nedlagd
MAA042,,,,0,0,0,0,1,enbart_nedlagd
MAA046,,,,0,0,0,0,1,enbart_nedlagd
MAA047,,,,0,0,0,0,1,enbart_nedlagd
MAA048,,,,0,0,0,0,1,enbart_nedlagd
MAA050,,,,0,0,0,0,1,enbart_nedlagd
MAA053,,,,0,0,0,0,1,enbart_nedlagd
MAA054,,,,0,0,0,0,1,enbart_nedlagd
MAA055,,,,0,0,0,0,1,enbart_nedlagd
MAA056,,,,0,0,0,0,1,enbart_nedlagd
MAA057,,,,0,0,0,0,1,enbart_nedlagd
MAA058,,,,0,0,0,0,1,enbart_nedlagd
MAA059,,,,0,0,0,0,1,enbart_nedlagd
MAB003,,,,0,0,0,0,1,enbart_nedlagd
MAB012,,,,0,0,0,0,1,enbart_nedlagd
MAB014,,,,0,0,0,0,1,enbart_nedlagd
MAB015,,,,0,0,0,0,1,enbart_nedlagd
MAB017,,,,0,0,0,0,1,enbart_nedlagd
MAB018,,,,0,0,0,0,1,enbart_nedlagd
MAB019,,,,0,0,0,0,1,enbart_nedlagd
MAB020,,,,0,0,0,0,1,enbart_nedlagd
MAC001,,,,0,0,0,0,1,enbart_nedlagd
MAX003,,,,0,0,0,0,1,enbart_nedlagd
MAX007,,,,0,0,0,0,1,enbart_nedlagd
MAX009,,,,0,0,0,0,1,enbart_nedlagd
MAX011,,,,0,0,0,0,1,enbart_nedlagd
MAX012,,,,0,0,0,0,1,enbart_nedlagd
MAX013,,,,0,0,0,0,1,enbart_nedlagd
MAX014,,,,0,0,0,0,1,enbart_nedlagd
MAX015,,,,0,0,0,0,1,enbart_nedlagd
MAX016,,,,0,0,0,0,1,enbart_nedlagd
MAX017,,,,0,0,0,0,1,enbart_nedlagd
MC1001,,,,0,0,0,0,1,enbart_nedlagd
MC1002,,,,0,0,0,0,1,enbart_nedlagd
MC1003,,,,0,0,0,0,1,enbart_nedlagd
MC1004,,,,0,0,0,0,1,enbart_nedlagd
MC1005,,,,0,0,0,0,1,enbart_nedlagd
MC1006,,,,0,0,0,0,1,enbart_nedlagd
MC1007,,,,0,0,0,0,1,enbart_nedlagd
MC1008,,,,0,0,0,0,1,enbart_nedlagd
MC1009,,,,0,0,0,0,1,enbart_nedlagd
MC1010,,,,0,0,0,0,1,enbart_nedlagd
MC1011,,,,0,0,0,0,1,enbart_nedlagd
MC1012,,,,0,0,0,0,1,enbart_nedlagd
MC1013,,,,0,0,0,0,1,enbart_nedlagd
MC1014,,,,0,0,0,0,1,enbart_nedlagd
MC1015,,,,0,0,0,0,1,enbart_nedlagd
MC1016,,,,0,0,0,0,1,enbart_nedlagd
MC1017,,,,0,0,0,0,1,enbart_nedlagd
MC1018,,,,0,0,0,0,1,enbart_nedlagd
MC1019,,,,0,0,0,0,1,enbart_nedlagd
MC1021,,,,0,0,0,0,1,enbart_nedlagd
MC1022,,,,0,0,0,0,1,enbart_nedlagd
MC1023,,,,0,0,0,0,1,enbart_nedlagd
MC1024,,,,0,0,0,0,1,enbart_nedlagd
MC1025,,,,0,0,0,0,1,enbart_nedlagd
MC1026,,,,0,0,0,0,1,enbart_nedlagd
MC1027,,,,0,0,0,0,1,enbart_nedlagd
MC1028,,,,0,0,0,0,1,enbart_nedlagd
MC1029,,,,0,0,0,0,1,enbart_nedlagd
MC1030,,,,0,0,0,0,1,enbart_nedlagd
MC1031,,,,0,0,0,0,1,enbart_nedlagd
MC1032,,,,0,0,0,0,1,enbart_nedlagd
MC1033,,,,0,0,0,0,1,enbart_nedlagd
MC1034,,,,0,0,0,0,1,enbart_nedlagd
MC1035,,,,0,0,0,0,1,enbart_nedlagd
MC1036,,,,0,0,0,0,1,enbart_nedlagd
MC1037,,,,0,0,0,0,1,enbart_nedlagd
MC1038,,,,0,0,0,0,1,enbart_nedlagd
MC1039,,,,0,0,0,0,1,enbart_nedlagd
MC1040,,,,0,0,0,0,1,enbart_nedlagd
MC1041,,,,0,0,0,0,1,enbart_nedlagd
MC1042,,,,0,0,0,0,1,enbart_nedlagd
MC1043,,,,0,0,0,0,1,enbart_nedlagd
MC1044,,,,0,0,0,0,1,enbart_nedlagd
MC1045,,,,0,0,0,0,1,enbart_nedlagd
MC1046,,,,0,0,0,0,1,enbart_nedlagd
MC1047,,,,0,0,0,0,1,enbart_nedlagd
MC1048,,,,0,0,0,0,1,enbart_nedlagd
MC1049,,,,0,0,0,0,1,enbart_nedlagd
MC1050,,,,0,0,0,0,1,enbart_nedlagd
MC1051,,,,0,0,0,0,1,enbart_nedlagd
MC1052,,,,0,0,0,0,1,enbart_nedlagd
MC1053,,,,0,0,0,0,1,enbart_nedlagd
MC1054,,,,0,0,0,0,1,enbart_nedlagd
MC1055,,,,0,0,0,0,1,enbart_nedlagd
MC1056,,,,0,0,0,0,1,enbart_nedlagd
MC1057,,,,0,0,0,0,1,enbart_nedlagd
MC1058,,,,0,0,0,0,1,enbart_nedlagd
MC1059,,,,0,0,0,0,1,enbart_nedlagd
MC1060,,,,0,0,0,0,1,enbart_nedlagd
MC1061,,,,0,0,0,0,1,enbart_nedlagd
MC1062,,,,0,0,0,0,1,enbart_nedlagd
MC1063,,,,0,0,0,0,1,enbart_nedlagd
MC1064,,,,0,0,0,0,1,enbart_nedlagd
MC1065,,,,0,0,0,0,1,enbart_nedlagd
MC1066,,,,0,0,0,0,1,enbart_nedlagd
MC1067,,,,0,0,0,0,1,enbart_nedlagd
MC1068,,,,0,0,0,0,1,enbart_nedlagd
MC1069,,,,0,0,0,0,1,enbart_nedlagd
MC1070,,,,0,0,0,0,1,enbart_nedlagd
MC1071,,,,0,0,0,0,1,enbart_nedlagd
MC1072,Anatomi och fysiologi I,IHV,MCA,1,0,1,1,0,triangulerad
MC1073,,,,0,0,0,0,1,enbart_nedlagd
MC1074,,,,0,0,0,0,1,enbart_nedlagd
MC1075,,,,0,0,0,0,1,enbart_nedlagd
MC1076,,,,0,0,0,0,1,enbart_nedlagd
MC1077,Mikrobiologi och farmakologi,IHV,MCA,1,0,1,1,0,triangulerad
MC1078,,,,0,0,0,0,1,enbart_nedlagd
MC1079,Farmakologi,IHV,MCA,1,0,1,1,0,triangulerad
MC1080,,,,0,0,0,0,1,enbart_nedlagd
MC1081,,,,0,0,0,0,1,enbart_nedlagd
MC2001,,,,0,0,0,0,1,enbart_nedlagd
MC2002,,,,0,0,0,0,1,enbart_nedlagd
MC2003,,,,0,0,0,0,1,enbart_nedlagd
MC2004,,,,0,0,0,0,1,enbart_nedlagd
MC2005,,,,0,0,0,0,1,enbart_nedlagd
MC2006,,,,0,0,0,0,1,enbart_nedlagd
MC2007,,,,0,0,0,0,1,enbart_nedlagd
MC2008,,,,0,0,0,0,1,enbart_nedlagd
MC2009,,,,0,0,0,0,1,enbart_nedlagd
MC2010,,,,0,0,0,0,1,enbart_nedlagd
MC2011,,,,0,0,0,0,1,enbart_nedlagd
MC2012,,,,0,0,0,0,1,enbart_nedlagd
MC2013,,,,0,0,0,0,1,enbart_nedlagd
MC2014,,,,0,0,0,0,1,enbart_nedlagd
MC2015,,,,0,0,0,0,1,enbart_nedlagd
MC2016,,,,0,0,0,0,1,enbart_nedlagd
MC2017,Psykiatri ur olika perspektiv I,IHV,MCA,1,0,1,1,0,triangulerad
MC2018,,,,0,0,0,0,1,enbart_nedlagd
MC2019,,,,0,0,0,0,1,enbart_nedlagd
MC2020,Akutsjukvård,IHV,MCA,1,0,1,1,0,triangulerad
MC2021,,,,0,0,0,0,1,enbart_nedlagd
MC2022,,,,0,0,1,0,1,blomma_historik_arkiverad
MC2023,Kardiologi,IHV,MCA,1,0,1,1,0,triangulerad
MC2024,,,,0,0,0,0,1,enbart_nedlagd
MC2025,,,,0,0,0,0,1,enbart_nedlagd
MC3001,,,,0,0,0,0,1,enbart_nedlagd
MC3002,,,,0,0,0,0,1,enbart_nedlagd
MC3003,,,,0,0,0,0,1,enbart_nedlagd
MC3004,,,,0,0,0,0,1,enbart_nedlagd
MC3005,,,,0,0,0,0,1,enbart_nedlagd
MC3006,,,,0,0,0,0,1,enbart_nedlagd
MC3007,,,,0,0,0,0,1,enbart_nedlagd
MC3008,,,,0,0,0,0,1,enbart_nedlagd
MC3009,,,,0,0,0,0,1,enbart_nedlagd
MC3010,,,,0,0,0,0,1,enbart_nedlagd
MC3011,,,,0,0,0,0,1,enbart_nedlagd
MC3012,,,,0,0,0,0,1,enbart_nedlagd
MC3013,,,,0,0,0,0,1,enbart_nedlagd
MC3014,,,,0,0,0,0,1,enbart_nedlagd
MC3015,,,,0,0,0,0,1,enbart_nedlagd
MC3016,,,,0,0,0,0,1,enbart_nedlagd
MC3017,,,,0,0,0,0,1,enbart_nedlagd
MC3018,,,,0,0,1,0,1,blomma_historik_arkiverad
MC3019,,,,0,0,1,0,1,blomma_historik_arkiverad
MC3020,,,,0,0,0,0,1,enbart_nedlagd
MC3021,,,,0,0,0,0,1,enbart_nedlagd
MC3022,,,,0,0,0,0,1,enbart_nedlagd
MC3023,,,,0,0,0,0,1,enbart_nedlagd
MC3024,,,,0,0,0,0,1,enbart_nedlagd
MC3025,,,,0,0,0,0,1,enbart_nedlagd
MC3026,,,,0,0,0,0,1,enbart_nedlagd
MC3027,Förskrivningsrätt för vissa läkemedel och förbrukningsartiklar,IHV,MCA,1,0,1,1,0,triangulerad
MC3028,,,,0,0,0,0,1,enbart_nedlagd
MC3029,,,,0,0,0,0,1,enbart_nedlagd
MCA007,,,,0,0,0,0,1,enbart_nedlagd
MCA008,,,,0,0,0,0,1,enbart_nedlagd
MCA010,,,,0,0,0,0,1,enbart_nedlagd
MCA013,,,,0,0,0,0,1,enbart_nedlagd
MCA015,,,,0,0,0,0,1,enbart_nedlagd
MCA016,,,,0,0,0,0,1,enbart_nedlagd
MCA017,,,,0,0,0,0,1,enbart_nedlagd
MCA018,,,,0,0,0,0,1,enbart_nedlagd
MCA019,,,,0,0,0,0,1,enbart_nedlagd
MCA020,,,,0,0,0,0,1,enbart_nedlagd
MCA021,,,,0,0,0,0,1,enbart_nedlagd
MCA022,,,,0,0,0,0,1,enbart_nedlagd
MCA023,,,,0,0,0,0,1,enbart_nedlagd
MCA024,,,,0,0,0,0,1,enbart_nedlagd
MCA025,,,,0,0,0,0,1,enbart_nedlagd
MCA027,,,,0,0,0,0,1,enbart_nedlagd
MCA028,,,,0,0,0,0,1,enbart_nedlagd
MCA029,,,,0,0,0,0,1,enbart_nedlagd
MCA030,,,,0,0,0,0,1,enbart_nedlagd
MCA031,,,,0,0,0,0,1,enbart_nedlagd
MCA032,,,,0,0,0,0,1,enbart_nedlagd
MCA033,,,,0,0,0,0,1,enbart_nedlagd
MCB013,,,,0,0,0,0,1,enbart_nedlagd
MCB017,,,,0,0,0,0,1,enbart_nedlagd
MCB019,,,,0,0,0,0,1,enbart_nedlagd
MCB020,,,,0,0,0,0,1,enbart_nedlagd
MCB022,,,,0,0,0,0,1,enbart_nedlagd
MCB023,,,,0,0,0,0,1,enbart_nedlagd
MCB024,,,,0,0,0,0,1,enbart_nedlagd
MCB025,,,,0,0,0,0,1,enbart_nedlagd
MCB026,,,,0,0,0,0,1,enbart_nedlagd
MCB027,,,,0,0,0,0,1,enbart_nedlagd
MCB028,,,,0,0,0,0,1,enbart_nedlagd
MCB029,,,,0,0,0,0,1,enbart_nedlagd
MCB030,,,,0,0,0,0,1,enbart_nedlagd
MCB031,,,,0,0,0,0,1,enbart_nedlagd
MCB032,,,,0,0,0,0,1,enbart_nedlagd
MCB033,,,,0,0,0,0,1,enbart_nedlagd
MCB034,,,,0,0,0,0,1,enbart_nedlagd
MCB035,,,,0,0,0,0,1,enbart_nedlagd
MCB036,,,,0,0,0,0,1,enbart_nedlagd
MCB037,,,,0,0,0,0,1,enbart_nedlagd
MCC003,,,,0,0,0,0,1,enbart_nedlagd
MCC004,,,,0,0,0,0,1,enbart_nedlagd
MCC007,,,,0,0,0,0,1,enbart_nedlagd
MCC008,,,,0,0,0,0,1,enbart_nedlagd
MCC009,,,,0,0,0,0,1,enbart_nedlagd
MCC010,,,,0,0,0,0,1,enbart_nedlagd
MCC011,,,,0,0,0,0,1,enbart_nedlagd
MCC012,,,,0,0,0,0,1,enbart_nedlagd
MCC013,,,,0,0,0,0,1,enbart_nedlagd
MCC014,,,,0,0,0,0,1,enbart_nedlagd
MCD001,,,,0,0,0,0,1,enbart_nedlagd
MD0001,,,,0,0,0,0,1,enbart_nedlagd
MD1001,,,,0,0,0,0,1,enbart_nedlagd
MD1002,,,,0,0,0,0,1,enbart_nedlagd
MD1003,,,,0,0,0,0,1,enbart_nedlagd
MD1004,,,,0,0,0,0,1,enbart_nedlagd
MD1005,,,,0,0,0,0,1,enbart_nedlagd
MD1006,,,,0,0,0,0,1,enbart_nedlagd
MD1007,,,,0,0,0,0,1,enbart_nedlagd
MD1008,,,,0,0,0,0,1,enbart_nedlagd
MD1009,,,,0,0,0,0,1,enbart_nedlagd
MD1010,,,,0,0,0,0,1,enbart_nedlagd
MD1011,,,,0,0,0,0,1,enbart_nedlagd
MD1012,,,,0,0,0,0,1,enbart_nedlagd
MD1013,,,,0,0,0,0,1,enbart_nedlagd
MD1014,,,,0,0,0,0,1,enbart_nedlagd
MD1015,,,,0,0,0,0,1,enbart_nedlagd
MD1016,,,,0,0,0,0,1,enbart_nedlagd
MD1017,,,,0,0,0,0,1,enbart_nedlagd
MD1018,,,,0,0,0,0,1,enbart_nedlagd
MD1019,,,,0,0,0,0,1,enbart_nedlagd
MD1022,,,,0,0,0,0,1,enbart_nedlagd
MD1023,,,,0,0,0,0,1,enbart_nedlagd
MD1024,,,,0,0,0,0,1,enbart_nedlagd
MD1025,,,,0,0,0,0,1,enbart_nedlagd
MD1026,,,,0,0,0,0,1,enbart_nedlagd
MD1027,,,,0,0,0,0,1,enbart_nedlagd
MD1028,,,,0,0,0,0,1,enbart_nedlagd
MD1029,,,,0,0,0,0,1,enbart_nedlagd
MD1030,,,,0,0,0,0,1,enbart_nedlagd
MD1031,,,,0,0,0,0,1,enbart_nedlagd
MD1032,,,,0,0,0,0,1,enbart_nedlagd
MD1033,,,,0,0,0,0,1,enbart_nedlagd
MD1034,,,,0,0,0,0,1,enbart_nedlagd
MD1035,,,,0,0,0,0,1,enbart_nedlagd
MD1036,,,,0,0,0,0,1,enbart_nedlagd
MD1037,,,,0,0,0,0,1,enbart_nedlagd
MD1038,,,,0,0,0,0,1,enbart_nedlagd
MD1039,,,,0,0,0,0,1,enbart_nedlagd
MD1040,,,,0,0,0,0,1,enbart_nedlagd
MD1041,,,,0,0,0,0,1,enbart_nedlagd
MD1042,,,,0,0,0,0,1,enbart_nedlagd
MD1043,,,,0,0,0,0,1,enbart_nedlagd
MD1044,,,,0,0,0,0,1,enbart_nedlagd
MD1045,,,,0,0,0,0,1,enbart_nedlagd
MD1046,,,,0,0,0,0,1,enbart_nedlagd
MD1047,,,,0,0,0,0,1,enbart_nedlagd
MD1048,,,,0,0,0,0,1,enbart_nedlagd
MD1049,,,,0,0,0,0,1,enbart_nedlagd
MD1050,,,,0,0,0,0,1,enbart_nedlagd
MD1051,,,,0,0,0,0,1,enbart_nedlagd
MD1052,,,,0,0,0,0,1,enbart_nedlagd
MD1053,,,,0,0,0,0,1,enbart_nedlagd
MD1054,,,,0,0,0,0,1,enbart_nedlagd
MD1055,,,,0,0,0,0,1,enbart_nedlagd
MD1056,,,,0,0,0,0,1,enbart_nedlagd
MD1057,,,,0,0,0,0,1,enbart_nedlagd
MD1058,,,,0,0,0,0,1,enbart_nedlagd
MD1059,,,,0,0,0,0,1,enbart_nedlagd
MD1060,,,,0,0,0,0,1,enbart_nedlagd
MD1061,,,,0,0,0,0,1,enbart_nedlagd
MD1062,,,,0,0,0,0,1,enbart_nedlagd
MD1063,,,,0,0,0,0,1,enbart_nedlagd
MD1064,,,,0,0,0,0,1,enbart_nedlagd
MD1065,,,,0,0,0,0,1,enbart_nedlagd
MD1066,,,,0,0,0,0,1,enbart_nedlagd
MD1067,,,,0,0,0,0,1,enbart_nedlagd
MD1068,,,,0,0,0,0,1,enbart_nedlagd
MD1069,,,,0,0,0,0,1,enbart_nedlagd
MD1070,,,,0,0,0,0,1,enbart_nedlagd
MD1071,,,,0,0,0,0,1,enbart_nedlagd
MD1072,,,,0,0,0,0,1,enbart_nedlagd
MD1073,,,,0,0,0,0,1,enbart_nedlagd
MD1074,,,,0,0,0,0,1,enbart_nedlagd
MD1075,,,,0,0,0,0,1,enbart_nedlagd
MD1076,,,,0,0,0,0,1,enbart_nedlagd
MD1077,,,,0,0,0,0,1,enbart_nedlagd
MD1078,,,,0,0,0,0,1,enbart_nedlagd
MD1079,,,,0,0,0,0,1,enbart_nedlagd
MD1080,,,,0,0,1,0,1,blomma_historik_arkiverad
MD1081,,,,0,0,1,0,1,blomma_historik_arkiverad
MD1082,,,,0,0,1,0,1,blomma_historik_arkiverad
MD1083,,,,0,0,1,0,1,blomma_historik_arkiverad
MD1084,,,,0,0,0,0,1,enbart_nedlagd
MD1085,Matematikundervisning i ett specialpedagogiskt perspektiv,IIT,MDI,1,0,1,1,0,triangulerad
MD1086,,,,0,0,0,0,1,enbart_nedlagd
MD1087,,,,0,0,0,0,1,enbart_nedlagd
MD1088,,,,0,0,0,0,1,enbart_nedlagd
MD1089,,,,0,0,0,0,1,enbart_nedlagd
MD1090,,,,0,0,0,0,1,enbart_nedlagd
MD1091,,,,0,0,0,0,1,enbart_nedlagd
MD1093,,,,0,0,0,0,1,enbart_nedlagd
MD1094,,,,0,0,1,0,1,blomma_historik_arkiverad
MD1095,,,,0,0,0,0,1,enbart_nedlagd
MD1096,,,,0,0,0,0,1,enbart_nedlagd
MD1097,Matematikens historia för lärare,IIT,MDI,1,0,1,1,0,triangulerad
MD1098,Matematisk problemlösning i grundskolans senare år,IIT,MDI,1,0,1,1,0,triangulerad
MD1099,,,,0,0,0,0,1,enbart_nedlagd
MD1100,,,,0,0,0,0,1,enbart_nedlagd
MD1101,,,,0,0,0,0,1,enbart_nedlagd
MD1102,,,,0,0,0,0,1,enbart_nedlagd
MD1103,Matematisk problemlösning i skolan,IIT,MDI,1,0,1,1,0,triangulerad
MD1104,,,,0,0,0,0,1,enbart_nedlagd
MD1105,,,,0,0,0,0,1,enbart_nedlagd
MD1106,,,,0,0,0,0,1,enbart_nedlagd
MD1107,,,,0,0,0,0,1,enbart_nedlagd
MD1108,,,,0,0,0,0,1,enbart_nedlagd
MD1109,,,,0,0,0,0,1,enbart_nedlagd
MD1110,,,,0,0,0,0,1,enbart_nedlagd
MD1111,,,,0,0,1,0,1,blomma_historik_arkiverad
MD2001,,,,0,0,0,0,1,enbart_nedlagd
MD2002,,,,0,0,0,0,1,enbart_nedlagd
MD2003,,,,0,0,0,0,1,enbart_nedlagd
MD2004,,,,0,0,0,0,1,enbart_nedlagd
MD2005,,,,0,0,0,0,1,enbart_nedlagd
MD2006,,,,0,0,0,0,1,enbart_nedlagd
MD2007,,,,0,0,0,0,1,enbart_nedlagd
MD2008,,,,0,0,0,0,1,enbart_nedlagd
MD2009,,,,0,0,0,0,1,enbart_nedlagd
MD2010,,,,0,0,0,0,1,enbart_nedlagd
MD2011,,,,0,0,0,0,1,enbart_nedlagd
MD2012,,,,0,0,0,0,1,enbart_nedlagd
MD2013,,,,0,0,0,0,1,enbart_nedlagd
MD2014,,,,0,0,0,0,1,enbart_nedlagd
MD2015,,,,0,0,0,0,1,enbart_nedlagd
MD2016,,,,0,0,0,0,1,enbart_nedlagd
MD2017,,,,0,0,0,0,1,enbart_nedlagd
MD2018,,,,0,0,0,0,1,enbart_nedlagd
MD2019,,,,0,0,0,0,1,enbart_nedlagd
MD2020,,,,0,0,0,0,1,enbart_nedlagd
MD2021,,,,0,0,0,0,1,enbart_nedlagd
MD2022,Matematik III,IIT,MDI,1,0,1,1,0,triangulerad
MD2023,Differentialekvationer och transformer,IIT,MDI,1,0,1,1,0,triangulerad
MD2024,Diskret matematik,IIT,MDI,1,0,1,1,0,triangulerad
MD2025,Linjär algebra,IIT,MDI,1,0,1,1,0,triangulerad
MD2026,Flervariabelanalys,IIT,MDI,1,0,1,1,0,triangulerad
MD3001,,,,0,0,0,0,1,enbart_nedlagd
MD3002,,,,0,0,0,0,1,enbart_nedlagd
MD3003,,,,0,0,0,0,1,enbart_nedlagd
MD3004,,,,0,0,0,0,1,enbart_nedlagd
MD3005,,,,0,0,1,0,1,blomma_historik_arkiverad
MD3006,,,,0,0,0,0,1,enbart_nedlagd
MD3007,,,,0,0,0,0,1,enbart_nedlagd
MDA010,,,,0,0,0,0,1,enbart_nedlagd
MDA012,,,,0,0,0,0,1,enbart_nedlagd
MDA016,,,,0,0,0,0,1,enbart_nedlagd
MDA018,,,,0,0,0,0,1,enbart_nedlagd
MDA019,,,,0,0,0,0,1,enbart_nedlagd
MDA020,,,,0,0,0,0,1,enbart_nedlagd
MDA021,,,,0,0,0,0,1,enbart_nedlagd
MDA022,,,,0,0,0,0,1,enbart_nedlagd
MDA023,,,,0,0,0,0,1,enbart_nedlagd
MDA024,,,,0,0,0,0,1,enbart_nedlagd
MDA025,,,,0,0,0,0,1,enbart_nedlagd
MDA026,,,,0,0,0,0,1,enbart_nedlagd
MDA027,,,,0,0,0,0,1,enbart_nedlagd
MDA028,,,,0,0,0,0,1,enbart_nedlagd
MDA029,,,,0,0,0,0,1,enbart_nedlagd
MDA030,,,,0,0,0,0,1,enbart_nedlagd
MDA031,,,,0,0,0,0,1,enbart_nedlagd
MDA032,,,,0,0,0,0,1,enbart_nedlagd
MDA033,,,,0,0,0,0,1,enbart_nedlagd
MDA034,,,,0,0,0,0,1,enbart_nedlagd
MDA035,,,,0,0,0,0,1,enbart_nedlagd
MDB007,,,,0,0,0,0,1,enbart_nedlagd
MDC002,,,,0,0,0,0,1,enbart_nedlagd
MDC003,,,,0,0,0,0,1,enbart_nedlagd
MI1001,,,,0,0,0,0,1,enbart_nedlagd
MI1002,,,,0,0,0,0,1,enbart_nedlagd
MI1003,,,,0,0,0,0,1,enbart_nedlagd
MI1004,,,,0,0,0,0,1,enbart_nedlagd
MI3001,,,,0,0,0,0,1,enbart_nedlagd
MI3002,,,,0,0,0,0,1,enbart_nedlagd
MI3003,,,,0,0,0,0,1,enbart_nedlagd
MI4001,Examensarbete för masterexamen i mikrodataanalys,IIT,XYZ,1,0,1,1,0,triangulerad
MI4002,Examensarbete för masterexamen i mikrodataanalys,IIT,XYZ,1,0,1,1,0,triangulerad
MIKR002,Datainsamling och datakvalitet,IIT,MIKRODAT,0,1,1,1,0,triangulerad
MK1001,,,,0,0,0,0,1,enbart_nedlagd
MK1002,,,,0,0,0,0,1,enbart_nedlagd
MK1003,,,,0,0,0,0,1,enbart_nedlagd
MK1004,,,,0,0,0,0,1,enbart_nedlagd
MK1005,,,,0,0,0,0,1,enbart_nedlagd
MK1006,,,,0,0,0,0,1,enbart_nedlagd
MK1007,,,,0,0,0,0,1,enbart_nedlagd
MK1008,,,,0,0,0,0,1,enbart_nedlagd
MK1009,,,,0,0,0,0,1,enbart_nedlagd
MK1010,,,,0,0,0,0,1,enbart_nedlagd
MK1011,,,,0,0,0,0,1,enbart_nedlagd
MK1012,,,,0,0,0,0,1,enbart_nedlagd
MK1013,,,,0,0,0,0,1,enbart_nedlagd
MK1014,,,,0,0,0,0,1,enbart_nedlagd
MK1015,,,,0,0,0,0,1,enbart_nedlagd
MK1016,,,,0,0,0,0,1,enbart_nedlagd
MK1017,,,,0,0,0,0,1,enbart_nedlagd
MK1018,,,,0,0,0,0,1,enbart_nedlagd
MK1019,,,,0,0,0,0,1,enbart_nedlagd
MK1020,,,,0,0,0,0,1,enbart_nedlagd
MK1021,,,,0,0,0,0,1,enbart_nedlagd
MK1022,,,,0,0,0,0,1,enbart_nedlagd
MK1023,,,,0,0,0,0,1,enbart_nedlagd
MK1024,,,,0,0,0,0,1,enbart_nedlagd
MK1025,,,,0,0,0,0,1,enbart_nedlagd
MK1026,,,,0,0,0,0,1,enbart_nedlagd
MK1027,,,,0,0,0,0,1,enbart_nedlagd
MK1028,,,,0,0,0,0,1,enbart_nedlagd
MK1029,,,,0,0,0,0,1,enbart_nedlagd
MK1030,,,,0,0,0,0,1,enbart_nedlagd
MK1031,,,,0,0,0,0,1,enbart_nedlagd
MK1032,,,,0,0,0,0,1,enbart_nedlagd
MK1033,,,,0,0,0,0,1,enbart_nedlagd
MK1034,,,,0,0,0,0,1,enbart_nedlagd
MK1035,,,,0,0,0,0,1,enbart_nedlagd
MK2001,,,,0,0,0,0,1,enbart_nedlagd
MK2002,,,,0,0,0,0,1,enbart_nedlagd
MK2003,,,,0,0,0,0,1,enbart_nedlagd
MK2004,,,,0,0,0,0,1,enbart_nedlagd
MK2005,,,,0,0,0,0,1,enbart_nedlagd
MK2006,,,,0,0,0,0,1,enbart_nedlagd
MK2007,,,,0,0,0,0,1,enbart_nedlagd
MKA006,,,,0,0,0,0,1,enbart_nedlagd
MKA008,,,,0,0,0,0,1,enbart_nedlagd
MKA012,,,,0,0,0,0,1,enbart_nedlagd
MKA013,,,,0,0,0,0,1,enbart_nedlagd
MKA014,,,,0,0,0,0,1,enbart_nedlagd
MKA015,,,,0,0,0,0,1,enbart_nedlagd
MKA016,,,,0,0,0,0,1,enbart_nedlagd
MKA017,,,,0,0,0,0,1,enbart_nedlagd
MKA018,,,,0,0,0,0,1,enbart_nedlagd
MKA019,,,,0,0,0,0,1,enbart_nedlagd
MKA020,,,,0,0,0,0,1,enbart_nedlagd
MKA021,,,,0,0,0,0,1,enbart_nedlagd
MKA022,,,,0,0,0,0,1,enbart_nedlagd
MKA023,,,,0,0,0,0,1,enbart_nedlagd
MKB002,,,,0,0,0,0,1,enbart_nedlagd
MKB003,,,,0,0,0,0,1,enbart_nedlagd
MKB004,,,,0,0,0,0,1,enbart_nedlagd
MKB005,,,,0,0,0,0,1,enbart_nedlagd
MKB006,,,,0,0,0,0,1,enbart_nedlagd
MKC003,,,,0,0,0,0,1,enbart_nedlagd
MP1001,,,,0,0,0,0,1,enbart_nedlagd
MP1002,,,,0,0,0,0,1,enbart_nedlagd
MP1003,,,,0,0,0,0,1,enbart_nedlagd
MP1004,,,,0,0,0,0,1,enbart_nedlagd
MP1005,,,,0,0,0,0,1,enbart_nedlagd
MP1006,,,,0,0,0,0,1,enbart_nedlagd
MP1007,,,,0,0,0,0,1,enbart_nedlagd
MP1008,,,,0,0,0,0,1,enbart_nedlagd
MP1009,,,,0,0,0,0,1,enbart_nedlagd
MP1010,,,,0,0,0,0,1,enbart_nedlagd
MP1011,,,,0,0,0,0,1,enbart_nedlagd
MP1012,,,,0,0,0,0,1,enbart_nedlagd
MP1013,,,,0,0,0,0,1,enbart_nedlagd
MP1014,,,,0,0,0,0,1,enbart_nedlagd
MP1015,,,,0,0,0,0,1,enbart_nedlagd
MP1016,,,,0,0,0,0,1,enbart_nedlagd
MP1017,,,,0,0,0,0,1,enbart_nedlagd
MP1018,,,,0,0,0,0,1,enbart_nedlagd
MP1019,,,,0,0,0,0,1,enbart_nedlagd
MP1020,,,,0,0,0,0,1,enbart_nedlagd
MP1021,,,,0,0,0,0,1,enbart_nedlagd
MP1022,,,,0,0,0,0,1,enbart_nedlagd
MP1023,,,,0,0,0,0,1,enbart_nedlagd
MP1024,,,,0,0,0,0,1,enbart_nedlagd
MP1025,,,,0,0,0,0,1,enbart_nedlagd
MP1026,,,,0,0,0,0,1,enbart_nedlagd
MP1027,,,,0,0,0,0,1,enbart_nedlagd
MP1028,,,,0,0,0,0,1,enbart_nedlagd
MP1029,,,,0,0,0,0,1,enbart_nedlagd
MP1030,,,,0,0,0,0,1,enbart_nedlagd
MP1031,,,,0,0,0,0,1,enbart_nedlagd
MP1032,,,,0,0,0,0,1,enbart_nedlagd
MP1033,,,,0,0,0,0,1,enbart_nedlagd
MP1034,,,,0,0,0,0,1,enbart_nedlagd
MP1035,,,,0,0,0,0,1,enbart_nedlagd
MP1036,,,,0,0,0,0,1,enbart_nedlagd
MP1037,,,,0,0,0,0,1,enbart_nedlagd
MP1038,,,,0,0,0,0,1,enbart_nedlagd
MP1039,,,,0,0,0,0,1,enbart_nedlagd
MP1040,,,,0,0,0,0,1,enbart_nedlagd
MP1041,,,,0,0,0,0,1,enbart_nedlagd
MP1042,,,,0,0,0,0,1,enbart_nedlagd
MP1043,,,,0,0,0,0,1,enbart_nedlagd
MP1044,,,,0,0,0,0,1,enbart_nedlagd
MP1045,,,,0,0,0,0,1,enbart_nedlagd
MP1046,,,,0,0,0,0,1,enbart_nedlagd
MP1047,,,,0,0,0,0,1,enbart_nedlagd
MP1048,,,,0,0,0,0,1,enbart_nedlagd
MP1049,,,,0,0,0,0,1,enbart_nedlagd
MP1050,,,,0,0,0,0,1,enbart_nedlagd
MP1051,,,,0,0,0,0,1,enbart_nedlagd
MP1052,,,,0,0,0,0,1,enbart_nedlagd
MP1053,,,,0,0,0,0,1,enbart_nedlagd
MP1054,,,,0,0,0,0,1,enbart_nedlagd
MP2001,,,,0,0,0,0,1,enbart_nedlagd
MP2002,,,,0,0,0,0,1,enbart_nedlagd
MP2003,,,,0,0,0,0,1,enbart_nedlagd
MP2004,,,,0,0,0,0,1,enbart_nedlagd
MP2005,,,,0,0,0,0,1,enbart_nedlagd
MP2006,,,,0,0,0,0,1,enbart_nedlagd
MP2007,,,,0,0,0,0,1,enbart_nedlagd
MP2008,,,,0,0,0,0,1,enbart_nedlagd
MP2009,,,,0,0,0,0,1,enbart_nedlagd
MP2010,,,,0,0,0,0,1,enbart_nedlagd
MP2011,,,,0,0,0,0,1,enbart_nedlagd
MP2012,,,,0,0,0,0,1,enbart_nedlagd
MP2013,,,,0,0,0,0,1,enbart_nedlagd
MP2014,,,,0,0,0,0,1,enbart_nedlagd
MP2015,,,,0,0,0,0,1,enbart_nedlagd
MP2016,,,,0,0,0,0,1,enbart_nedlagd
MP2017,,,,0,0,0,0,1,enbart_nedlagd
MP2018,,,,0,0,0,0,1,enbart_nedlagd
MP2019,,,,0,0,0,0,1,enbart_nedlagd
MP2020,,,,0,0,0,0,1,enbart_nedlagd
MP2021,,,,0,0,0,0,1,enbart_nedlagd
MP2022,,,,0,0,0,0,1,enbart_nedlagd
MP2023,,,,0,0,0,0,1,enbart_nedlagd
MP2024,,,,0,0,0,0,1,enbart_nedlagd
MP2025,,,,0,0,0,0,1,enbart_nedlagd
MP2026,,,,0,0,0,0,1,enbart_nedlagd
MP2027,,,,0,0,0,0,1,enbart_nedlagd
MP2028,,,,0,0,0,0,1,enbart_nedlagd
MP2029,,,,0,0,0,0,1,enbart_nedlagd
MP2030,,,,0,0,0,0,1,enbart_nedlagd
MP2031,,,,0,0,0,0,1,enbart_nedlagd
MP2032,,,,0,0,0,0,1,enbart_nedlagd
MP2033,,,,0,0,0,0,1,enbart_nedlagd
MP2034,,,,0,0,0,0,1,enbart_nedlagd
MP2035,,,,0,0,0,0,1,enbart_nedlagd
MP2036,,,,0,0,0,0,1,enbart_nedlagd
MP2037,,,,0,0,0,0,1,enbart_nedlagd
MP2038,,,,0,0,0,0,1,enbart_nedlagd
MP2039,,,,0,0,0,0,1,enbart_nedlagd
MP3001,,,,0,0,0,0,1,enbart_nedlagd
MP3002,,,,0,0,0,0,1,enbart_nedlagd
MP3003,,,,0,0,0,0,1,enbart_nedlagd
MP3004,,,,0,0,0,0,1,enbart_nedlagd
MP3005,,,,0,0,0,0,1,enbart_nedlagd
MP3006,,,,0,0,0,0,1,enbart_nedlagd
MP3007,,,,0,0,0,0,1,enbart_nedlagd
MP3008,,,,0,0,0,0,1,enbart_nedlagd
MP3009,,,,0,0,0,0,1,enbart_nedlagd
MP3010,,,,0,0,0,0,1,enbart_nedlagd
MP3011,,,,0,0,0,0,1,enbart_nedlagd
MP3012,,,,0,0,0,0,1,enbart_nedlagd
MP3013,,,,0,0,0,0,1,enbart_nedlagd
MP3014,,,,0,0,0,0,1,enbart_nedlagd
MP3015,,,,0,0,0,0,1,enbart_nedlagd
MP3016,,,,0,0,0,0,1,enbart_nedlagd
MP3017,,,,0,0,0,0,1,enbart_nedlagd
MP3018,,,,0,0,0,0,1,enbart_nedlagd
MP3020,,,,0,0,0,0,1,enbart_nedlagd
MP3021,,,,0,0,0,0,1,enbart_nedlagd
MP3022,,,,0,0,0,0,1,enbart_nedlagd
MP3023,,,,0,0,0,0,1,enbart_nedlagd
MP3024,,,,0,0,0,0,1,enbart_nedlagd
MP3025,,,,0,0,0,0,1,enbart_nedlagd
MP3026,,,,0,0,0,0,1,enbart_nedlagd
MP3027,,,,0,0,0,0,1,enbart_nedlagd
MP3028,,,,0,0,0,0,1,enbart_nedlagd
MP3029,,,,0,0,0,0,1,enbart_nedlagd
MP3030,,,,0,0,0,0,1,enbart_nedlagd
MP3031,,,,0,0,0,0,1,enbart_nedlagd
MP3032,,,,0,0,0,0,1,enbart_nedlagd
MP3033,,,,0,0,0,0,1,enbart_nedlagd
MP4001,,,,0,0,0,0,1,enbart_nedlagd
MP4002,,,,0,0,0,0,1,enbart_nedlagd
MP4003,,,,0,0,0,0,1,enbart_nedlagd
MP4004,,,,0,0,0,0,1,enbart_nedlagd
MPA001,,,,0,0,0,0,1,enbart_nedlagd
MPA002,,,,0,0,0,0,1,enbart_nedlagd
MPA003,,,,0,0,0,0,1,enbart_nedlagd
MPA007,,,,0,0,0,0,1,enbart_nedlagd
MPA008,,,,0,0,0,0,1,enbart_nedlagd
MPA014,,,,0,0,0,0,1,enbart_nedlagd
MPA015,,,,0,0,0,0,1,enbart_nedlagd
MPA016,,,,0,0,0,0,1,enbart_nedlagd
MPA017,,,,0,0,0,0,1,enbart_nedlagd
MPA018,,,,0,0,0,0,1,enbart_nedlagd
MPA019,,,,0,0,0,0,1,enbart_nedlagd
MPA020,,,,0,0,0,0,1,enbart_nedlagd
MPA021,,,,0,0,0,0,1,enbart_nedlagd
MPA022,,,,0,0,0,0,1,enbart_nedlagd
MPA023,,,,0,0,0,0,1,enbart_nedlagd
MPA024,,,,0,0,0,0,1,enbart_nedlagd
MPA025,,,,0,0,0,0,1,enbart_nedlagd
MPA026,,,,0,0,0,0,1,enbart_nedlagd
MPA027,,,,0,0,0,0,1,enbart_nedlagd
MPA028,,,,0,0,0,0,1,enbart_nedlagd
MPB007,,,,0,0,0,0,1,enbart_nedlagd
MPB008,,,,0,0,0,0,1,enbart_nedlagd
MPB012,,,,0,0,0,0,1,enbart_nedlagd
MPB015,,,,0,0,0,0,1,enbart_nedlagd
MPB016,,,,0,0,0,0,1,enbart_nedlagd
MPB017,,,,0,0,0,0,1,enbart_nedlagd
MPB018,,,,0,0,0,0,1,enbart_nedlagd
MPB020,,,,0,0,0,0,1,enbart_nedlagd
MPB021,,,,0,0,0,0,1,enbart_nedlagd
MPB022,,,,0,0,0,0,1,enbart_nedlagd
MPB023,,,,0,0,0,0,1,enbart_nedlagd
MPB024,,,,0,0,0,0,1,enbart_nedlagd
MPB025,,,,0,0,0,0,1,enbart_nedlagd
MPB026,,,,0,0,0,0,1,enbart_nedlagd
MPB027,,,,0,0,0,0,1,enbart_nedlagd
MPB028,,,,0,0,0,0,1,enbart_nedlagd
MPB029,,,,0,0,0,0,1,enbart_nedlagd
MPB030,,,,0,0,0,0,1,enbart_nedlagd
MPC016,,,,0,0,0,0,1,enbart_nedlagd
MPC020,,,,0,0,0,0,1,enbart_nedlagd
MPC022,,,,0,0,0,0,1,enbart_nedlagd
MPC023,,,,0,0,0,0,1,enbart_nedlagd
MPC026,,,,0,0,0,0,1,enbart_nedlagd
MPC027,,,,0,0,0,0,1,enbart_nedlagd
MPC029,,,,0,0,0,0,1,enbart_nedlagd
MPC031,,,,0,0,0,0,1,enbart_nedlagd
MPC032,,,,0,0,0,0,1,enbart_nedlagd
MPC033,,,,0,0,0,0,1,enbart_nedlagd
MPC034,,,,0,0,0,0,1,enbart_nedlagd
MPC035,,,,0,0,0,0,1,enbart_nedlagd
MPC036,,,,0,0,0,0,1,enbart_nedlagd
MPC037,,,,0,0,0,0,1,enbart_nedlagd
MPC039,,,,0,0,0,0,1,enbart_nedlagd
MPC040,,,,0,0,0,0,1,enbart_nedlagd
MPC044,,,,0,0,0,0,1,enbart_nedlagd
MPC046,,,,0,0,0,0,1,enbart_nedlagd
MPC047,,,,0,0,0,0,1,enbart_nedlagd
MPC048,,,,0,0,0,0,1,enbart_nedlagd
MPC049,,,,0,0,0,0,1,enbart_nedlagd
MPC050,,,,0,0,0,0,1,enbart_nedlagd
MPC051,,,,0,0,0,0,1,enbart_nedlagd
MPC052,,,,0,0,0,0,1,enbart_nedlagd
MPC053,,,,0,0,0,0,1,enbart_nedlagd
MPC054,,,,0,0,0,0,1,enbart_nedlagd
MPC056,,,,0,0,0,0,1,enbart_nedlagd
MPC057,,,,0,0,0,0,1,enbart_nedlagd
MPC058,,,,0,0,0,0,1,enbart_nedlagd
MPC059,,,,0,0,0,0,1,enbart_nedlagd
MPC060,,,,0,0,0,0,1,enbart_nedlagd
MPC061,,,,0,0,0,0,1,enbart_nedlagd
MPD001,,,,0,0,0,0,1,enbart_nedlagd
MPD004,,,,0,0,0,0,1,enbart_nedlagd
MPD008,,,,0,0,0,0,1,enbart_nedlagd
MPD009,,,,0,0,0,0,1,enbart_nedlagd
MPD010,,,,0,0,0,0,1,enbart_nedlagd
MPD011,,,,0,0,0,0,1,enbart_nedlagd
MPD013,,,,0,0,0,0,1,enbart_nedlagd
MPD014,,,,0,0,0,0,1,enbart_nedlagd
MPD015,,,,0,0,0,0,1,enbart_nedlagd
MPD017,,,,0,0,0,0,1,enbart_nedlagd
MPD018,,,,0,0,0,0,1,enbart_nedlagd
MPD019,,,,0,0,0,0,1,enbart_nedlagd
MPD020,,,,0,0,0,0,1,enbart_nedlagd
MPD021,,,,0,0,0,0,1,enbart_nedlagd
MPD022,,,,0,0,0,0,1,enbart_nedlagd
MT1001,,,,0,0,0,0,1,enbart_nedlagd
MT1002,,,,0,0,0,0,1,enbart_nedlagd
MT1003,,,,0,0,0,0,1,enbart_nedlagd
MT1004,,,,0,0,0,0,1,enbart_nedlagd
MT1005,,,,0,0,0,0,1,enbart_nedlagd
MT1006,,,,0,0,0,0,1,enbart_nedlagd
MT1007,,,,0,0,0,0,1,enbart_nedlagd
MT1008,,,,0,0,0,0,1,enbart_nedlagd
MT1009,,,,0,0,0,0,1,enbart_nedlagd
MT1010,,,,0,0,0,0,1,enbart_nedlagd
MT1011,,,,0,0,0,0,1,enbart_nedlagd
MT1012,,,,0,0,0,0,1,enbart_nedlagd
MT1013,,,,0,0,0,0,1,enbart_nedlagd
MT1014,,,,0,0,0,0,1,enbart_nedlagd
MT1015,,,,0,0,0,0,1,enbart_nedlagd
MT1016,,,,0,0,0,0,1,enbart_nedlagd
MT1017,,,,0,0,0,0,1,enbart_nedlagd
MT1018,,,,0,0,1,0,1,blomma_historik_arkiverad
MT1019,,,,0,0,0,0,1,enbart_nedlagd
MT1020,,,,0,0,1,0,1,blomma_historik_arkiverad
MT1021,,,,0,0,0,0,1,enbart_nedlagd
MT1022,,,,0,0,0,0,1,enbart_nedlagd
MT1023,,,,0,0,0,0,1,enbart_nedlagd
MT1024,,,,0,0,0,0,1,enbart_nedlagd
MT1025,,,,0,0,0,0,1,enbart_nedlagd
MT1026,,,,0,0,0,0,1,enbart_nedlagd
MT1027,,,,0,0,0,0,1,enbart_nedlagd
MT1028,,,,0,0,0,0,1,enbart_nedlagd
MT1029,,,,0,0,0,0,1,enbart_nedlagd
MT1030,,,,0,0,0,0,1,enbart_nedlagd
MT1031,,,,0,0,0,0,1,enbart_nedlagd
MT1032,,,,0,0,0,0,1,enbart_nedlagd
MT1033,CNC-teknik,IIT,MTA,1,0,1,1,0,triangulerad
MT1034,,,,0,0,1,0,1,blomma_historik_arkiverad
MT1035,,,,0,0,1,0,1,blomma_historik_arkiverad
MT1036,,,,0,0,1,0,1,blomma_historik_arkiverad
MT1037,,,,0,0,0,0,1,enbart_nedlagd
MT1038,,,,0,0,1,0,1,blomma_historik_arkiverad
MT1039,,,,0,0,1,0,1,blomma_historik_arkiverad
MT1040,,,,0,0,0,0,1,enbart_nedlagd
MT1041,,,,0,0,0,0,1,enbart_nedlagd
MT1042,,,,0,0,0,0,1,enbart_nedlagd
MT1043,,,,0,0,1,0,1,blomma_historik_arkiverad
MT1044,,,,0,0,0,0,1,enbart_nedlagd
MT1045,,,,0,0,0,0,1,enbart_nedlagd
MT1046,,,,0,0,1,0,1,blomma_historik_arkiverad
MT1047,,,,0,0,1,0,1,blomma_historik_arkiverad
MT1048,,,,0,0,1,0,1,blomma_historik_arkiverad
MT1049,,,,0,0,0,0,1,enbart_nedlagd
MT1050,,,,0,0,0,0,1,enbart_nedlagd
MT1051,,,,0,0,0,0,1,enbart_nedlagd
MT1052,,,,0,0,0,0,1,enbart_nedlagd
MT1053,,,,0,0,0,0,1,enbart_nedlagd
MT1054,,,,0,0,0,0,1,enbart_nedlagd
MT1055,,,,0,0,0,0,1,enbart_nedlagd
MT1056,,,,0,0,0,0,1,enbart_nedlagd
MT1057,,,,0,0,0,0,1,enbart_nedlagd
MT1058,,,,0,0,0,0,1,enbart_nedlagd
MT1059,,,,0,0,0,0,1,enbart_nedlagd
MT1060,Hållfasthetslära,IIT,MTA,1,0,1,1,0,triangulerad
MT1061,,,,0,0,1,0,1,blomma_historik_arkiverad
MT1062,,,,0,0,0,0,1,enbart_nedlagd
MT1063,,,,0,0,0,0,1,enbart_nedlagd
MT1064,,,,0,0,0,0,1,enbart_nedlagd
MT1065,,,,0,0,0,0,1,enbart_nedlagd
MT1066,,,,0,0,0,0,1,enbart_nedlagd
MT1067,,,,0,0,0,0,1,enbart_nedlagd
MT1068,Introduktion till produktutveckling,IIT,MTA,1,0,1,1,0,triangulerad
MT1069,,,,0,0,0,0,1,enbart_nedlagd
MT1070,,,,0,0,0,0,1,enbart_nedlagd
MT1071,,,,0,0,0,0,1,enbart_nedlagd
MT1072,,,,0,0,0,0,1,enbart_nedlagd
MT1073,,,,0,0,0,0,1,enbart_nedlagd
MT1074,Maskinelement,IIT,MTA,1,0,1,1,0,triangulerad
MT2001,,,,0,0,0,0,1,enbart_nedlagd
MT2002,,,,0,0,0,0,1,enbart_nedlagd
MT2003,,,,0,0,0,0,1,enbart_nedlagd
MT2004,,,,0,0,0,0,1,enbart_nedlagd
MT2005,,,,0,0,0,0,1,enbart_nedlagd
MT2006,3D CAD påbyggnad - Maskinteknik,IIT,MTA,1,0,1,1,0,triangulerad
MT2007,,,,0,0,0,0,1,enbart_nedlagd
MT2008,,,,0,0,0,0,1,enbart_nedlagd
MT2009,,,,0,0,0,0,1,enbart_nedlagd
MT2010,,,,0,0,0,0,1,enbart_nedlagd
MT2011,,,,0,0,0,0,1,enbart_nedlagd
MT2012,,,,0,0,0,0,1,enbart_nedlagd
MT2013,,,,0,0,0,0,1,enbart_nedlagd
MT2014,,,,0,0,0,0,1,enbart_nedlagd
MT2015,,,,0,0,0,0,1,enbart_nedlagd
MT2016,,,,0,0,0,0,1,enbart_nedlagd
MT2017,,,,0,0,0,0,1,enbart_nedlagd
MT2018,,,,0,0,0,0,1,enbart_nedlagd
MT2019,,,,0,0,0,0,1,enbart_nedlagd
MT3001,,,,0,0,0,0,1,enbart_nedlagd
MT3002,,,,0,0,0,0,1,enbart_nedlagd
MT3003,,,,0,0,0,0,1,enbart_nedlagd
MT3004,,,,0,0,0,0,1,enbart_nedlagd
MT3005,,,,0,0,0,0,1,enbart_nedlagd
MT3006,,,,0,0,0,0,1,enbart_nedlagd
MT3007,,,,0,0,0,0,1,enbart_nedlagd
MT3008,,,,0,0,0,0,1,enbart_nedlagd
MTA002,,,,0,0,0,0,1,enbart_nedlagd
MTA009,,,,0,0,0,0,1,enbart_nedlagd
MTA016,,,,0,0,0,0,1,enbart_nedlagd
MTA025,,,,0,0,0,0,1,enbart_nedlagd
MTA026,,,,0,0,0,0,1,enbart_nedlagd
MTA027,,,,0,0,0,0,1,enbart_nedlagd
MTA028,,,,0,0,0,0,1,enbart_nedlagd
MTA030,,,,0,0,0,0,1,enbart_nedlagd
MTA038,,,,0,0,0,0,1,enbart_nedlagd
MTA039,,,,0,0,0,0,1,enbart_nedlagd
MTA046,,,,0,0,0,0,1,enbart_nedlagd
MTA050,,,,0,0,0,0,1,enbart_nedlagd
MTA051,,,,0,0,0,0,1,enbart_nedlagd
MTA052,,,,0,0,0,0,1,enbart_nedlagd
MTA053,,,,0,0,0,0,1,enbart_nedlagd
MTA055,,,,0,0,0,0,1,enbart_nedlagd
MTA057,,,,0,0,0,0,1,enbart_nedlagd
MTA058,,,,0,0,0,0,1,enbart_nedlagd
MTA059,,,,0,0,0,0,1,enbart_nedlagd
MTA060,,,,0,0,0,0,1,enbart_nedlagd
MTA061,,,,0,0,0,0,1,enbart_nedlagd
MTA062,,,,0,0,0,0,1,enbart_nedlagd
MTA063,,,,0,0,0,0,1,enbart_nedlagd
MTA064,,,,0,0,0,0,1,enbart_nedlagd
MTA065,,,,0,0,0,0,1,enbart_nedlagd
MTA066,,,,0,0,0,0,1,enbart_nedlagd
MTA067,,,,0,0,0,0,1,enbart_nedlagd
MTA068,,,,0,0,0,0,1,enbart_nedlagd
MTA069,,,,0,0,0,0,1,enbart_nedlagd
MTA070,,,,0,0,0,0,1,enbart_nedlagd
MTA071,,,,0,0,0,0,1,enbart_nedlagd
MTA072,,,,0,0,0,0,1,enbart_nedlagd
MTA073,,,,0,0,0,0,1,enbart_nedlagd
MTA074,,,,0,0,0,0,1,enbart_nedlagd
MTA075,,,,0,0,0,0,1,enbart_nedlagd
MTA076,,,,0,0,0,0,1,enbart_nedlagd
MTA077,,,,0,0,0,0,1,enbart_nedlagd
MTA078,,,,0,0,0,0,1,enbart_nedlagd
MTA079,,,,0,0,0,0,1,enbart_nedlagd
MTA080,,,,0,0,0,0,1,enbart_nedlagd
MTA081,,,,0,0,0,0,1,enbart_nedlagd
MTB010,,,,0,0,0,0,1,enbart_nedlagd
MTB014,,,,0,0,0,0,1,enbart_nedlagd
MTB024,,,,0,0,0,0,1,enbart_nedlagd
MTB031,,,,0,0,0,0,1,enbart_nedlagd
MTB035,,,,0,0,0,0,1,enbart_nedlagd
MTB038,,,,0,0,0,0,1,enbart_nedlagd
MTB040,,,,0,0,0,0,1,enbart_nedlagd
MTB041,,,,0,0,0,0,1,enbart_nedlagd
MTB042,,,,0,0,0,0,1,enbart_nedlagd
MTB043,,,,0,0,0,0,1,enbart_nedlagd
MTB044,,,,0,0,0,0,1,enbart_nedlagd
MTB045,,,,0,0,0,0,1,enbart_nedlagd
MTC013,,,,0,0,0,0,1,enbart_nedlagd
MTC028,,,,0,0,0,0,1,enbart_nedlagd
MTC030,,,,0,0,0,0,1,enbart_nedlagd
MTC031,,,,0,0,0,0,1,enbart_nedlagd
MTC034,,,,0,0,0,0,1,enbart_nedlagd
MTC039,,,,0,0,0,0,1,enbart_nedlagd
MTC043,,,,0,0,0,0,1,enbart_nedlagd
MTC050,,,,0,0,0,0,1,enbart_nedlagd
MTC051,,,,0,0,0,0,1,enbart_nedlagd
MTC054,,,,0,0,0,0,1,enbart_nedlagd
MTD008,,,,0,0,0,0,1,enbart_nedlagd
MTD009,,,,0,0,0,0,1,enbart_nedlagd
MTD028,,,,0,0,0,0,1,enbart_nedlagd
MTD029,,,,0,0,0,0,1,enbart_nedlagd
MTD030,,,,0,0,0,0,1,enbart_nedlagd
MTD032,,,,0,0,0,0,1,enbart_nedlagd
MTD033,,,,0,0,0,0,1,enbart_nedlagd
MTX002,,,,0,0,0,0,1,enbart_nedlagd
MU1001,,,,0,0,0,0,1,enbart_nedlagd
MU1002,,,,0,0,0,0,1,enbart_nedlagd
MU1003,,,,0,0,0,0,1,enbart_nedlagd
MU1004,,,,0,0,0,0,1,enbart_nedlagd
MU1005,,,,0,0,0,0,1,enbart_nedlagd
MU1006,,,,0,0,0,0,1,enbart_nedlagd
MU1007,,,,0,0,0,0,1,enbart_nedlagd
MU1008,,,,0,0,0,0,1,enbart_nedlagd
MU1009,,,,0,0,0,0,1,enbart_nedlagd
MU1010,,,,0,0,0,0,1,enbart_nedlagd
MU1011,,,,0,0,0,0,1,enbart_nedlagd
MU1012,,,,0,0,0,0,1,enbart_nedlagd
MU1013,,,,0,0,0,0,1,enbart_nedlagd
MU1014,,,,0,0,0,0,1,enbart_nedlagd
MUA006,,,,0,0,0,0,1,enbart_nedlagd
MUA007,,,,0,0,0,0,1,enbart_nedlagd
MUA008,,,,0,0,0,0,1,enbart_nedlagd
MUA009,,,,0,0,0,0,1,enbart_nedlagd
MUA012,,,,0,0,0,0,1,enbart_nedlagd
MUA013,,,,0,0,0,0,1,enbart_nedlagd
MUA015,,,,0,0,0,0,1,enbart_nedlagd
MUA016,,,,0,0,0,0,1,enbart_nedlagd
MUA017,,,,0,0,0,0,1,enbart_nedlagd
MUA018,,,,0,0,0,0,1,enbart_nedlagd
MUA019,,,,0,0,0,0,1,enbart_nedlagd
MUA020,,,,0,0,0,0,1,enbart_nedlagd
MUA021,,,,0,0,0,0,1,enbart_nedlagd
MUA022,,,,0,0,0,0,1,enbart_nedlagd
MUB002,,,,0,0,0,0,1,enbart_nedlagd
MUB003,,,,0,0,0,0,1,enbart_nedlagd
MUB004,,,,0,0,0,0,1,enbart_nedlagd
MUB005,,,,0,0,0,0,1,enbart_nedlagd
MUB006,,,,0,0,0,0,1,enbart_nedlagd
MUB007,,,,0,0,0,0,1,enbart_nedlagd
MUB008,,,,0,0,0,0,1,enbart_nedlagd
MUB009,,,,0,0,0,0,1,enbart_nedlagd
MUC001,,,,0,0,0,0,1,enbart_nedlagd
MUC002,,,,0,0,0,0,1,enbart_nedlagd
MÄ0002,,,,0,0,0,0,1,enbart_nedlagd
MÄ0006,,,,0,0,0,0,1,enbart_nedlagd
MÄ0007,,,,0,0,1,0,1,blomma_historik_arkiverad
MÄ0009,,,,0,0,0,0,1,enbart_nedlagd
MÄ0011,,,,0,0,0,0,1,enbart_nedlagd
MÄ0012,,,,0,0,1,0,1,blomma_historik_arkiverad
MÄ0013,,,,0,0,0,0,1,enbart_nedlagd
MÄ0014,,,,0,0,0,0,1,enbart_nedlagd
MÄ0015,,,,0,0,0,0,1,enbart_nedlagd
MÖ0001,,,,0,0,0,0,1,enbart_nedlagd
MÖ1001,,,,0,0,0,0,1,enbart_nedlagd
MÖ1002,,,,0,0,0,0,1,enbart_nedlagd
MÖ1003,,,,0,0,1,0,1,blomma_historik_arkiverad
MÖ1004,,,,0,0,0,0,1,enbart_nedlagd
MÖ1005,,,,0,0,0,0,1,enbart_nedlagd
MÖ1006,,,,0,0,0,0,1,enbart_nedlagd
MÖ1007,,,,0,0,0,0,1,enbart_nedlagd
MÖ1008,,,,0,0,0,0,1,enbart_nedlagd
MÖ1009,,,,0,0,0,0,1,enbart_nedlagd
MÖ1011,,,,0,0,0,0,1,enbart_nedlagd
MÖ1012,,,,0,0,0,0,1,enbart_nedlagd
MÖ1013,,,,0,0,0,0,1,enbart_nedlagd
MÖ1014,,,,0,0,0,0,1,enbart_nedlagd
MÖ1015,,,,0,0,0,0,1,enbart_nedlagd
MÖ1016,,,,0,0,0,0,1,enbart_nedlagd
MÖ1017,,,,0,0,0,0,1,enbart_nedlagd
MÖ2001,,,,0,0,0,0,1,enbart_nedlagd
MÖ2002,,,,0,0,0,0,1,enbart_nedlagd
MÖ3001,,,,0,0,0,0,1,enbart_nedlagd
MÖ3002,,,,0,0,0,0,1,enbart_nedlagd
MÖ3003,,,,0,0,0,0,1,enbart_nedlagd
MÖ3004,,,,0,0,0,0,1,enbart_nedlagd
MÖ3005,,,,0,0,0,0,1,enbart_nedlagd
MÖ3006,,,,0,0,0,0,1,enbart_nedlagd
MÖ3007,,,,0,0,0,0,1,enbart_nedlagd
MÖ3008,,,,0,0,0,0,1,enbart_nedlagd
MÖ3009,,,,0,0,0,0,1,enbart_nedlagd
MÖ3010,,,,0,0,0,0,1,enbart_nedlagd
MÖ3011,,,,0,0,0,0,1,enbart_nedlagd
MÖ3012,,,,0,0,0,0,1,enbart_nedlagd
MÖ3013,,,,0,0,0,0,1,enbart_nedlagd
MÖ3014,,,,0,0,0,0,1,enbart_nedlagd
MÖ3015,,,,0,0,0,0,1,enbart_nedlagd
MÖ3016,,,,0,0,0,0,1,enbart_nedlagd
MÖ3017,,,,0,0,0,0,1,enbart_nedlagd
MÖ3018,,,,0,0,0,0,1,enbart_nedlagd
MÖ3019,,,,0,0,0,0,1,enbart_nedlagd
MÖ3020,,,,0,0,0,0,1,enbart_nedlagd
MÖ3021,,,,0,0,0,0,1,enbart_nedlagd
MÖ3022,,,,0,0,0,0,1,enbart_nedlagd
MÖ3023,,,,0,0,0,0,1,enbart_nedlagd
MÖ3024,,,,0,0,0,0,1,enbart_nedlagd
MÖ3025,,,,0,0,0,0,1,enbart_nedlagd
MÖ3026,,,,0,0,0,0,1,enbart_nedlagd
MÖ3027,,,,0,0,0,0,1,enbart_nedlagd
MÖ3028,,,,0,0,0,0,1,enbart_nedlagd
MÖ3029,,,,0,0,0,0,1,enbart_nedlagd
MÖ3030,,,,0,0,0,0,1,enbart_nedlagd
MÖ3031,,,,0,0,0,0,1,enbart_nedlagd
MÖ3032,,,,0,0,0,0,1,enbart_nedlagd
MÖ3033,,,,0,0,0,0,1,enbart_nedlagd
MÖ3034,,,,0,0,0,0,1,enbart_nedlagd
MÖ4001,,,,0,0,0,0,1,enbart_nedlagd
MÖ4002,,,,0,0,0,0,1,enbart_nedlagd
MÖ4003,,,,0,0,1,0,1,blomma_historik_arkiverad
MÖ4004,,,,0,0,0,0,1,enbart_nedlagd
MÖ4005,Projektkurs i solenergisystem eller energieffektiva byggnader,IIT,MÖY,1,0,1,1,0,triangulerad
MÖ4006,,,,0,0,0,0,1,enbart_nedlagd
MÖ4007,,,,0,0,0,0,1,enbart_nedlagd
MÖA016,,,,0,0,0,0,1,enbart_nedlagd
MÖA017,,,,0,0,0,0,1,enbart_nedlagd
MÖA018,,,,0,0,0,0,1,enbart_nedlagd
MÖA019,,,,0,0,0,0,1,enbart_nedlagd
MÖB005,,,,0,0,0,0,1,enbart_nedlagd
MÖB007,,,,0,0,0,0,1,enbart_nedlagd
MÖB011,,,,0,0,0,0,1,enbart_nedlagd
MÖB012,,,,0,0,0,0,1,enbart_nedlagd
MÖB013,,,,0,0,0,0,1,enbart_nedlagd
MÖB014,,,,0,0,0,0,1,enbart_nedlagd
MÖC004,,,,0,0,0,0,1,enbart_nedlagd
MÖC005,,,,0,0,0,0,1,enbart_nedlagd
MÖC008,,,,0,0,0,0,1,enbart_nedlagd
MÖD002,,,,0,0,0,0,1,enbart_nedlagd
MÖD009,,,,0,0,0,0,1,enbart_nedlagd
MÖD013,,,,0,0,0,0,1,enbart_nedlagd
MÖD014,,,,0,0,0,0,1,enbart_nedlagd
MÖD015,,,,0,0,0,0,1,enbart_nedlagd
MÖD016,,,,0,0,0,0,1,enbart_nedlagd
MÖD017,,,,0,0,0,0,1,enbart_nedlagd
MÖD018,,,,0,0,0,0,1,enbart_nedlagd
MÖD019,,,,0,0,0,0,1,enbart_nedlagd
MÖD020,,,,0,0,0,0,1,enbart_nedlagd
MÖD021,,,,0,0,0,0,1,enbart_nedlagd
MÖD022,,,,0,0,0,0,1,enbart_nedlagd
MÖD023,,,,0,0,0,0,1,enbart_nedlagd
MÖD024,,,,0,0,0,0,1,enbart_nedlagd
NA1001,,,,0,0,0,0,1,enbart_nedlagd
NA1002,,,,0,0,0,0,1,enbart_nedlagd
NA1003,Finansiell ekonomi,IKS,NAA,1,0,1,1,0,triangulerad
NA1004,,,,0,0,0,0,1,enbart_nedlagd
NA1005,,,,0,0,0,0,1,enbart_nedlagd
NA1006,,,,0,0,0,0,1,enbart_nedlagd
NA1007,,,,0,0,0,0,1,enbart_nedlagd
NA1008,,,,0,0,0,0,1,enbart_nedlagd
NA1009,,,,0,0,0,0,1,enbart_nedlagd
NA1010,,,,0,0,0,0,1,enbart_nedlagd
NA1011,,,,0,0,0,0,1,enbart_nedlagd
NA1012,,,,0,0,0,0,1,enbart_nedlagd
NA1013,,,,0,0,0,0,1,enbart_nedlagd
NA1014,,,,0,0,0,0,1,enbart_nedlagd
NA1015,,,,0,0,0,0,1,enbart_nedlagd
NA1016,,,,0,0,0,0,1,enbart_nedlagd
NA1017,,,,0,0,0,0,1,enbart_nedlagd
NA1018,,,,0,0,0,0,1,enbart_nedlagd
NA1019,,,,0,0,0,0,1,enbart_nedlagd
NA1020,,,,0,0,0,0,1,enbart_nedlagd
NA1021,,,,0,0,0,0,1,enbart_nedlagd
NA1022,,,,0,0,0,0,1,enbart_nedlagd
NA1023,,,,0,0,0,0,1,enbart_nedlagd
NA1024,"Mikroekonomi, introduktion - Distans",IKS,NAA,1,0,1,1,0,triangulerad
NA1025,"Makroekonomi, introduktion - Distans",IKS,NAA,1,0,1,1,0,triangulerad
NA1026,Finansiella marknader och penningpolitik - Distans,IKS,NAA,1,0,1,1,0,triangulerad
NA1027,Internationell ekonomi - Distans,IKS,NAA,1,0,1,1,0,triangulerad
NA1028,"Samhällsekonomi för god hälsa, distans",IKS,NAA,1,0,1,1,0,triangulerad
NA1029,Tillämpad matematik för nationalekonomer,IKS,NAA,1,0,1,1,0,triangulerad
NA1030,Internationell ekonomi,IKS,NAA,1,0,1,1,0,triangulerad
NA1031,"Ekonometri, introduktion",IKS,NAA,1,0,1,1,0,triangulerad
NA1032,"Makroekonomi, introduktion",IKS,NAA,1,0,1,1,0,triangulerad
NA1033,"Mikroekonomi, fortsättningskurs",IKS,NAA,1,0,1,1,0,triangulerad
NA1034,,,,0,0,0,0,1,enbart_nedlagd
NA1035,"Mikroekonomi, introduktion",IKS,NAA,1,0,1,1,0,triangulerad
NA1036,"Makroekonomi, fortsättning",IKS,NAA,1,0,1,1,0,triangulerad
NA1037,,,,0,0,0,0,1,enbart_nedlagd
NA1038,,,,0,0,0,0,1,enbart_nedlagd
NA1039,Tjänstenäringars ekonomi,IKS,NAA,1,0,1,1,0,triangulerad
NA1040,Grundläggande samhällsekonomi,IKS,NAA,1,0,1,1,0,triangulerad
NA2001,Mikroekonomi,IKS,NAA,1,0,1,1,0,triangulerad
NA2002,,,,0,0,0,0,1,enbart_nedlagd
NA2003,,,,0,0,0,0,1,enbart_nedlagd
NA2004,,,,0,0,0,0,1,enbart_nedlagd
NA2005,,,,0,0,0,0,1,enbart_nedlagd
NA2006,,,,0,0,0,0,1,enbart_nedlagd
NA2007,,,,0,0,0,0,1,enbart_nedlagd
NA2008,Examensarbete för kandidatexamen i nationalekonomi,IKS,NAA,1,0,1,1,0,triangulerad
NA2009,Samhällsekonomisk utvärdering av offentliga projekt (Cost-Benefit Analysis),IKS,NAA,1,0,1,1,0,triangulerad
NA3001,Tillämpad mikroekonomi,IKS,NAA,1,0,1,1,0,triangulerad
NA3002,,,,0,0,0,0,1,enbart_nedlagd
NA3004,,,,0,0,0,0,1,enbart_nedlagd
NA3005,"Mikroekonomi, avancerad",IKS,NAA,1,0,1,1,0,triangulerad
NA3006,,,,0,0,0,0,1,enbart_nedlagd
NA3007,Välfärdsekonomisk analys av samhälleliga projekt,IKS,NAA,1,0,1,1,0,triangulerad
NA3008,Matematik för ekonomisk statisk analys,IKS,NAA,1,0,1,1,0,triangulerad
NA3009,,,,0,0,0,0,1,enbart_nedlagd
NA3010,Examensarbete för magisterexamen i nationalekonomi,IKS,NAA,1,0,1,1,0,triangulerad
NA3011,Ekonometri,IKS,NAA,1,0,1,1,0,triangulerad
NA3012,,,,0,0,0,0,1,enbart_nedlagd
NAA003,,,,0,0,0,0,1,enbart_nedlagd
NAA004,,,,0,0,0,0,1,enbart_nedlagd
NAA005,,,,0,0,0,0,1,enbart_nedlagd
NAA006,,,,0,0,0,0,1,enbart_nedlagd
NAA007,,,,0,0,0,0,1,enbart_nedlagd
NAB001,,,,0,0,0,0,1,enbart_nedlagd
NAB002,,,,0,0,0,0,1,enbart_nedlagd
NAB003,,,,0,0,0,0,1,enbart_nedlagd
NAB004,,,,0,0,0,0,1,enbart_nedlagd
NAC001,,,,0,0,0,0,1,enbart_nedlagd
NAC002,,,,0,0,0,0,1,enbart_nedlagd
NAD002,,,,0,0,0,0,1,enbart_nedlagd
NAD004,,,,0,0,0,0,1,enbart_nedlagd
NAD005,,,,0,0,0,0,1,enbart_nedlagd
NAD006,,,,0,0,0,0,1,enbart_nedlagd
NAD007,,,,0,0,0,0,1,enbart_nedlagd
NAD008,,,,0,0,0,0,1,enbart_nedlagd
NAD010,,,,0,0,0,0,1,enbart_nedlagd
NAD011,,,,0,0,0,0,1,enbart_nedlagd
NEA001,,,,0,0,0,0,1,enbart_nedlagd
NEA004,,,,0,0,0,0,1,enbart_nedlagd
NEA005,,,,0,0,0,0,1,enbart_nedlagd
NEA007,,,,0,0,0,0,1,enbart_nedlagd
NEA009,,,,0,0,0,0,1,enbart_nedlagd
NEA010,,,,0,0,0,0,1,enbart_nedlagd
NEA011,,,,0,0,0,0,1,enbart_nedlagd
NEB003,,,,0,0,0,0,1,enbart_nedlagd
NEC001,,,,0,0,0,0,1,enbart_nedlagd
NEC002,,,,0,0,0,0,1,enbart_nedlagd
NED001,,,,0,0,0,0,1,enbart_nedlagd
NED002,,,,0,0,0,0,1,enbart_nedlagd
NG1001,,,,0,0,0,0,1,enbart_nedlagd
NG1002,,,,0,0,0,0,1,enbart_nedlagd
NG1003,,,,0,0,0,0,1,enbart_nedlagd
NG1004,,,,0,0,0,0,1,enbart_nedlagd
NGA005,,,,0,0,0,0,1,enbart_nedlagd
NGA007,,,,0,0,0,0,1,enbart_nedlagd
NGA008,,,,0,0,0,0,1,enbart_nedlagd
NGA009,,,,0,0,0,0,1,enbart_nedlagd
NGA010,,,,0,0,0,0,1,enbart_nedlagd
NV1001,,,,0,0,0,0,1,enbart_nedlagd
NV1002,,,,0,0,0,0,1,enbart_nedlagd
NV1003,,,,0,0,0,0,1,enbart_nedlagd
NV1004,,,,0,0,0,0,1,enbart_nedlagd
NV1005,,,,0,0,0,0,1,enbart_nedlagd
NV1006,,,,0,0,0,0,1,enbart_nedlagd
NV1007,,,,0,0,0,0,1,enbart_nedlagd
NV1008,,,,0,0,0,0,1,enbart_nedlagd
NV1009,,,,0,0,0,0,1,enbart_nedlagd
NV1010,,,,0,0,0,0,1,enbart_nedlagd
NV1011,,,,0,0,0,0,1,enbart_nedlagd
NV1012,,,,0,0,0,0,1,enbart_nedlagd
NV1013,,,,0,0,0,0,1,enbart_nedlagd
NV1014,,,,0,0,0,0,1,enbart_nedlagd
NV1015,,,,0,0,0,0,1,enbart_nedlagd
NV1016,,,,0,0,0,0,1,enbart_nedlagd
NV1017,,,,0,0,0,0,1,enbart_nedlagd
NV1018,,,,0,0,0,0,1,enbart_nedlagd
NV1019,,,,0,0,0,0,1,enbart_nedlagd
NV1020,,,,0,0,0,0,1,enbart_nedlagd
NV1021,,,,0,0,0,0,1,enbart_nedlagd
NV1022,,,,0,0,0,0,1,enbart_nedlagd
NV1023,,,,0,0,0,0,1,enbart_nedlagd
NV1024,Utomhusdidaktik i naturvetenskap,IHV,NAV,1,0,1,1,0,triangulerad
NV1025,,,,0,0,0,0,1,enbart_nedlagd
NV1026,,,,0,0,0,0,1,enbart_nedlagd
NV1027,Introduktion till hållbar utveckling,IHV,NAV,1,0,1,1,0,triangulerad
NV1028,,,,0,0,0,0,1,enbart_nedlagd
NV1029,,,,0,0,0,0,1,enbart_nedlagd
NV1030,,,,0,0,0,0,1,enbart_nedlagd
NV1031,,,,0,0,0,0,1,enbart_nedlagd
NV1032,,,,0,0,0,0,1,enbart_nedlagd
NV1033,,,,0,0,0,0,1,enbart_nedlagd
NV1034,,,,0,0,0,0,1,enbart_nedlagd
NV1035,"Naturorienterande ämnen och teknik för grundlärare, åk 4-6",IHV,NAV,1,0,1,1,0,triangulerad
NV1036,"Tematisk kurs inom SO, NO och teknik för grundlärare årskurs F-3",IHV,NAV,1,0,1,1,0,triangulerad
NV1037,,,,0,0,0,0,1,enbart_nedlagd
NV3001,Utbildning för hållbar utveckling,IHV,NAV,1,0,1,1,0,triangulerad
PA1001,,,,0,0,1,0,1,blomma_historik_arkiverad
PA1002,,,,0,0,0,0,1,enbart_nedlagd
PA1003,,,,0,0,0,0,1,enbart_nedlagd
PA1004,,,,0,0,0,0,1,enbart_nedlagd
PA1005,,,,0,0,0,0,1,enbart_nedlagd
PA1006,,,,0,0,0,0,1,enbart_nedlagd
PA1007,,,,0,0,0,0,1,enbart_nedlagd
PA1008,,,,0,0,0,0,1,enbart_nedlagd
PA1009,,,,0,0,0,0,1,enbart_nedlagd
PA1010,,,,0,0,0,0,1,enbart_nedlagd
PA1011,,,,0,0,0,0,1,enbart_nedlagd
PA1012,,,,0,0,0,0,1,enbart_nedlagd
PA1013,,,,0,0,0,0,1,enbart_nedlagd
PA1014,,,,0,0,0,0,1,enbart_nedlagd
PA1015,,,,0,0,0,0,1,enbart_nedlagd
PA1016,,,,0,0,0,0,1,enbart_nedlagd
PA1017,,,,0,0,0,0,1,enbart_nedlagd
PA1018,,,,0,0,0,0,1,enbart_nedlagd
PA1019,,,,0,0,0,0,1,enbart_nedlagd
PA1020,,,,0,0,0,0,1,enbart_nedlagd
PA1021,,,,0,0,0,0,1,enbart_nedlagd
PA1022,,,,0,0,0,0,1,enbart_nedlagd
PA1023,,,,0,0,0,0,1,enbart_nedlagd
PA1024,,,,0,0,0,0,1,enbart_nedlagd
PA1025,,,,0,0,0,0,1,enbart_nedlagd
PA1026,,,,0,0,0,0,1,enbart_nedlagd
PA1027,,,,0,0,0,0,1,enbart_nedlagd
PA1028,,,,0,0,0,0,1,enbart_nedlagd
PA1029,,,,0,0,0,0,1,enbart_nedlagd
PA1030,,,,0,0,0,0,1,enbart_nedlagd
PA1031,,,,0,0,0,0,1,enbart_nedlagd
PA1032,,,,0,0,0,0,1,enbart_nedlagd
PA1033,,,,0,0,0,0,1,enbart_nedlagd
PA1034,,,,0,0,0,0,1,enbart_nedlagd
PA1035,,,,0,0,0,0,1,enbart_nedlagd
PA1036,,,,0,0,0,0,1,enbart_nedlagd
PA1037,,,,0,0,0,0,1,enbart_nedlagd
PA1038,,,,0,0,0,0,1,enbart_nedlagd
PA1039,,,,0,0,0,0,1,enbart_nedlagd
PA1040,,,,0,0,0,0,1,enbart_nedlagd
PA1041,,,,0,0,0,0,1,enbart_nedlagd
PA1042,,,,0,0,0,0,1,enbart_nedlagd
PA1043,,,,0,0,0,0,1,enbart_nedlagd
PA1044,,,,0,0,0,0,1,enbart_nedlagd
PA1045,,,,0,0,0,0,1,enbart_nedlagd
PA1046,,,,0,0,0,0,1,enbart_nedlagd
PA1047,,,,0,0,0,0,1,enbart_nedlagd
PA1048,,,,0,0,0,0,1,enbart_nedlagd
PA1049,,,,0,0,0,0,1,enbart_nedlagd
PA1050,,,,0,0,0,0,1,enbart_nedlagd
PA1051,,,,0,0,0,0,1,enbart_nedlagd
PA1052,,,,0,0,0,0,1,enbart_nedlagd
PA1053,,,,0,0,0,0,1,enbart_nedlagd
PA1054,,,,0,0,0,0,1,enbart_nedlagd
PA1055,,,,0,0,0,0,1,enbart_nedlagd
PA1056,,,,0,0,0,0,1,enbart_nedlagd
PA1057,,,,0,0,0,0,1,enbart_nedlagd
PA1058,,,,0,0,0,0,1,enbart_nedlagd
PA1059,,,,0,0,0,0,1,enbart_nedlagd
PA2001,,,,0,0,0,0,1,enbart_nedlagd
PA2002,,,,0,0,0,0,1,enbart_nedlagd
PA2003,,,,0,0,0,0,1,enbart_nedlagd
PA2004,,,,0,0,0,0,1,enbart_nedlagd
PA2005,,,,0,0,0,0,1,enbart_nedlagd
PA2006,,,,0,0,0,0,1,enbart_nedlagd
PA2007,,,,0,0,0,0,1,enbart_nedlagd
PA2008,Examensarbete för kandidatexamen inom Personal och arbetsliv,IKS,PEE,1,0,1,1,0,triangulerad
PA2009,Kunskapsöversikt Personal och arbetsliv,IKS,PEE,1,0,1,1,0,triangulerad
PA2010,"Metod III - perspektiv, kunskapssyn och metodval",IKS,PEE,1,0,1,1,0,triangulerad
PA2011,"Arbetsmiljö-människa, strategier och processer",IKS,PEE,1,0,1,1,0,triangulerad
PA2012,,,,0,0,0,0,1,enbart_nedlagd
PE1001,,,,0,0,0,0,1,enbart_nedlagd
PE1002,,,,0,0,0,0,1,enbart_nedlagd
PE1003,,,,0,0,0,0,1,enbart_nedlagd
PE1004,,,,0,0,0,0,1,enbart_nedlagd
PE1005,,,,0,0,0,0,1,enbart_nedlagd
PE1006,,,,0,0,0,0,1,enbart_nedlagd
PE1007,,,,0,0,0,0,1,enbart_nedlagd
PE1008,,,,0,0,0,0,1,enbart_nedlagd
PE1009,,,,0,0,0,0,1,enbart_nedlagd
PE1010,Lek och lärande,IKS,PEA,1,0,1,1,0,triangulerad
PE1011,Matematiklust och matematiksvårigheter,IKS,PEA,1,0,1,1,0,triangulerad
PE1012,,,,0,0,0,0,1,enbart_nedlagd
PE1013,,,,0,0,0,0,1,enbart_nedlagd
PE1014,,,,0,0,0,0,1,enbart_nedlagd
PE1015,,,,0,0,0,0,1,enbart_nedlagd
PE1016,,,,0,0,0,0,1,enbart_nedlagd
PE1017,,,,0,0,0,0,1,enbart_nedlagd
PE1018,En förskola och skola för alla - inriktning specialpedagogik,IKS,PEA,1,0,1,1,0,triangulerad
PE1019,,,,0,0,0,0,1,enbart_nedlagd
PE1020,Att bemöta barn med funktionsnedsättning - inriktning specialpedagogik,IKS,PEA,1,0,1,1,0,triangulerad
PE1021,"Utvecklingsplaner, åtgärdsprogram och utvärdering",IKS,PEA,1,0,1,1,0,triangulerad
PE1022,,,,0,0,0,0,1,enbart_nedlagd
PE1023,Behörighetsgivande högskolepedagogisk utbildning,IKS,PEA,1,0,1,1,0,triangulerad
PE1024,,,,0,0,0,0,1,enbart_nedlagd
PE1025,,,,0,0,0,0,1,enbart_nedlagd
PE1026,,,,0,0,0,0,1,enbart_nedlagd
PE1027,,,,0,0,0,0,1,enbart_nedlagd
PE1028,,,,0,0,0,0,1,enbart_nedlagd
PE1029,,,,0,0,0,0,1,enbart_nedlagd
PE1030,,,,0,0,0,0,1,enbart_nedlagd
PE1031,,,,0,0,0,0,1,enbart_nedlagd
PE1032,Pedagogiskt ledarskap i skolan,IKS,PEA,1,0,1,1,0,triangulerad
PE1033,,,,0,0,0,0,1,enbart_nedlagd
PE1034,,,,0,0,0,0,1,enbart_nedlagd
PE1035,,,,0,0,0,0,1,enbart_nedlagd
PE1036,,,,0,0,0,0,1,enbart_nedlagd
PE1037,,,,0,0,0,0,1,enbart_nedlagd
PE1038,,,,0,0,0,0,1,enbart_nedlagd
PE1039,Den lekande människan,IKS,PEA,1,0,1,1,0,triangulerad
PE1040,,,,0,0,0,0,1,enbart_nedlagd
PE1041,,,,0,0,0,0,1,enbart_nedlagd
PE1042,,,,0,0,0,0,1,enbart_nedlagd
PE1043,,,,0,0,0,0,1,enbart_nedlagd
PE1044,,,,0,0,0,0,1,enbart_nedlagd
PE1045,,,,0,0,0,0,1,enbart_nedlagd
PE1046,,,,0,0,0,0,1,enbart_nedlagd
PE1047,,,,0,0,0,0,1,enbart_nedlagd
PE1048,,,,0,0,0,0,1,enbart_nedlagd
PE1049,,,,0,0,0,0,1,enbart_nedlagd
PE1050,Specialpedagogisk grundsyn i ledarskap och utvecklingsarbete,IKS,PEA,1,0,1,1,0,triangulerad
PE1051,,,,0,0,0,0,1,enbart_nedlagd
PE1052,Verksamhetsrelaterad skoljuridik,IKS,PEA,1,0,1,1,0,triangulerad
PE1053,Introduktionsutbildning av framtida ledare inom förskola och skola,IKS,PEA,1,0,1,1,0,triangulerad
PE1054,"Dokumentera, följa upp, utvärdera och utveckla förskolans kvalitet - systematiskt kvalitetsarbete",IKS,PEA,1,0,1,1,0,triangulerad
PE1055,Utmana och stödja varje barns utveckling och lärande i förskolan,IKS,PEA,1,0,1,1,0,triangulerad
PE1056,Leda och organisera det systematiska kvalitetsarbetet - förskolechefens ansvar för förskolans kvalitet,IKS,PEA,1,0,1,1,0,triangulerad
PE1057,Likabehandling med fokus på jämställdhet,IKS,PEA,1,0,1,1,0,triangulerad
PE1058,IT och lärande som stöd för skolutveckling,IKS,PEA,1,0,1,1,0,triangulerad
PE1059,Digital videoredigering och publicering,IKS,PEA,1,0,1,1,0,triangulerad
PE1060,Introduktion till presentationsteknik i digitala miljöer,IKS,PEA,1,0,1,1,0,triangulerad
PE1061,,,,0,0,1,0,1,blomma_historik_arkiverad
PE1062,Introduktionskurs - Nästa generations lärande (NGL),IKS,PEA,1,0,1,1,0,triangulerad
PE1063,En förändrad lärarroll,IKS,PEA,1,0,1,1,0,triangulerad
PE1064,Examination via nätet,IKS,PEA,1,0,1,1,0,triangulerad
PE1065,Sociala medier och molntjänster,IKS,PEA,1,0,1,1,0,triangulerad
PE1066,Nätjuridik,IKS,PEA,1,0,1,1,0,triangulerad
PE1067,Att kommunicera på nätet,IKS,PEA,1,0,1,1,0,triangulerad
PE1068,Att skapa digitala lärresurser på nätet,IKS,PEA,1,0,1,1,0,triangulerad
PE1069,Studiehandledning som pedagogiskt stöd,IKS,PEA,1,0,1,1,0,triangulerad
PE1070,"Ledarskap, organisation och stödfunktioner inom nätbaserad utbildning",IKS,PEA,1,0,1,1,0,triangulerad
PE1071,Fusk och plagiat i digitala miljöer,IKS,PEA,1,0,1,1,0,triangulerad
PE1072,Mobil kommunikation,IKS,PEA,1,0,1,1,0,triangulerad
PE1073,"Att leda skolutveckling, med fokus på digitala lärresurser",IKS,PEA,1,0,1,1,0,triangulerad
PE1074,"Lärplattan i undervisningen, med inriktning på tidigare år och särskilt stöd",IKS,PEA,1,0,1,1,0,triangulerad
PE1075,"Lärplattan i undervisningen, med inriktning på grundskolans årskurs 4-9",IKS,PEA,1,0,1,1,0,triangulerad
PE1076,Formativ undervisning i det omvända klassrummet,IKS,PEA,1,0,1,1,0,triangulerad
PE1077,Digitala lärresurser i undervisningen,IKS,PEA,1,0,1,1,0,triangulerad
PE1078,,,,0,0,1,0,1,blomma_historik_arkiverad
PE1079,,,,0,0,0,0,1,enbart_nedlagd
PE1080,,,,0,0,0,0,1,enbart_nedlagd
PE2002,,,,0,0,0,0,1,enbart_nedlagd
PE2003,,,,0,0,0,0,1,enbart_nedlagd
PE2004,,,,0,0,0,0,1,enbart_nedlagd
PE2005,Att bemöta barn med funktionsnedsättning - inriktning specialpedagogik,IKS,PEA,1,0,1,1,0,triangulerad
PE2006,,,,0,0,0,0,1,enbart_nedlagd
PE2007,Att leda skolans verksamhet,IKS,PEA,1,0,1,1,0,triangulerad
PE2008,,,,0,0,0,0,1,enbart_nedlagd
PE2009,,,,0,0,0,0,1,enbart_nedlagd
PE2010,,,,0,0,0,0,1,enbart_nedlagd
PE2011,,,,0,0,0,0,1,enbart_nedlagd
PE2012,,,,0,0,0,0,1,enbart_nedlagd
PE2013,,,,0,0,0,0,1,enbart_nedlagd
PE2014,,,,0,0,0,0,1,enbart_nedlagd
PE2015,,,,0,0,0,0,1,enbart_nedlagd
PE2016,Det kunskapande samtalet i förskola och skola,IKS,PEA,1,0,1,1,0,triangulerad
PE2017,Pedagogisk dokumentation i förskola och skola,IKS,PEA,1,0,1,1,0,triangulerad
PE2018,,,,0,0,0,0,1,enbart_nedlagd
PE3001,,,,0,0,0,0,1,enbart_nedlagd
PE3002,Mångkulturell förskola och skola - mångkulturell värld,IKS,PEA,1,0,1,1,0,triangulerad
PE3003,Samtal om maskuliniteter - om stökiga pojkar och lugna flickor,IKS,PEA,1,0,1,1,0,triangulerad
PE3004,Behörighetsgivande högskolepedagogisk utbildning,IKS,PEA,1,0,1,1,0,triangulerad
PE3005,,,,0,0,0,0,1,enbart_nedlagd
PE3006,,,,0,0,0,0,1,enbart_nedlagd
PE3007,,,,0,0,0,0,1,enbart_nedlagd
PE3008,,,,0,0,0,0,1,enbart_nedlagd
PE3009,,,,0,0,0,0,1,enbart_nedlagd
PE3010,,,,0,0,0,0,1,enbart_nedlagd
PE3011,,,,0,0,0,0,1,enbart_nedlagd
PE3012,Kunskapande samtal i (special)pedagogisk verksamhet,IKS,PEA,1,0,1,1,0,triangulerad
PE3013,,,,0,0,0,0,1,enbart_nedlagd
PE3014,,,,0,0,0,0,1,enbart_nedlagd
PE3015,,,,0,0,0,0,1,enbart_nedlagd
PE3016,,,,0,0,0,0,1,enbart_nedlagd
PE3017,,,,0,0,0,0,1,enbart_nedlagd
PE3018,,,,0,0,0,0,1,enbart_nedlagd
PE3019,,,,0,0,0,0,1,enbart_nedlagd
PE3020,,,,0,0,0,0,1,enbart_nedlagd
PE3021,,,,0,0,0,0,1,enbart_nedlagd
PE3022,,,,0,0,0,0,1,enbart_nedlagd
PEA061,,,,0,0,0,0,1,enbart_nedlagd
PEA071,,,,0,0,0,0,1,enbart_nedlagd
PEA087,,,,0,0,0,0,1,enbart_nedlagd
PEA101,,,,0,0,0,0,1,enbart_nedlagd
PEA102,,,,0,0,0,0,1,enbart_nedlagd
PEA103,,,,0,0,0,0,1,enbart_nedlagd
PEA106,,,,0,0,0,0,1,enbart_nedlagd
PEA107,,,,0,0,0,0,1,enbart_nedlagd
PEA109,,,,0,0,0,0,1,enbart_nedlagd
PEA112,,,,0,0,0,0,1,enbart_nedlagd
PEA113,,,,0,0,0,0,1,enbart_nedlagd
PEA114,,,,0,0,0,0,1,enbart_nedlagd
PEA115,,,,0,0,0,0,1,enbart_nedlagd
PEA116,,,,0,0,0,0,1,enbart_nedlagd
PEA117,,,,0,0,0,0,1,enbart_nedlagd
PEA118,,,,0,0,0,0,1,enbart_nedlagd
PEA119,,,,0,0,0,0,1,enbart_nedlagd
PEA120,,,,0,0,0,0,1,enbart_nedlagd
PEA121,,,,0,0,0,0,1,enbart_nedlagd
PEA122,,,,0,0,0,0,1,enbart_nedlagd
PEA123,,,,0,0,0,0,1,enbart_nedlagd
PEA124,,,,0,0,0,0,1,enbart_nedlagd
PEA125,,,,0,0,0,0,1,enbart_nedlagd
PEA126,,,,0,0,0,0,1,enbart_nedlagd
PEA127,,,,0,0,0,0,1,enbart_nedlagd
PEA128,,,,0,0,0,0,1,enbart_nedlagd
PEA129,,,,0,0,0,0,1,enbart_nedlagd
PEA130,,,,0,0,0,0,1,enbart_nedlagd
PEA131,,,,0,0,0,0,1,enbart_nedlagd
PEA132,,,,0,0,0,0,1,enbart_nedlagd
PEA133,,,,0,0,0,0,1,enbart_nedlagd
PEA134,,,,0,0,0,0,1,enbart_nedlagd
PEA135,,,,0,0,0,0,1,enbart_nedlagd
PEA136,,,,0,0,0,0,1,enbart_nedlagd
PEA137,,,,0,0,0,0,1,enbart_nedlagd
PEA141,,,,0,0,0,0,1,enbart_nedlagd
PEA142,,,,0,0,0,0,1,enbart_nedlagd
PEA143,,,,0,0,0,0,1,enbart_nedlagd
PEA144,,,,0,0,0,0,1,enbart_nedlagd
PEA145,,,,0,0,0,0,1,enbart_nedlagd
PEA146,,,,0,0,0,0,1,enbart_nedlagd
PEA147,,,,0,0,0,0,1,enbart_nedlagd
PEA148,,,,0,0,0,0,1,enbart_nedlagd
PEA149,,,,0,0,0,0,1,enbart_nedlagd
PEB017,,,,0,0,0,0,1,enbart_nedlagd
PEB024,,,,0,0,0,0,1,enbart_nedlagd
PEB036,,,,0,0,0,0,1,enbart_nedlagd
PEB043,,,,0,0,0,0,1,enbart_nedlagd
PEB055,,,,0,0,0,0,1,enbart_nedlagd
PEB056,,,,0,0,0,0,1,enbart_nedlagd
PEB074,,,,0,0,0,0,1,enbart_nedlagd
PEB078,,,,0,0,0,0,1,enbart_nedlagd
PEB080,,,,0,0,0,0,1,enbart_nedlagd
PEB081,,,,0,0,0,0,1,enbart_nedlagd
PEB083,,,,0,0,0,0,1,enbart_nedlagd
PEB099,,,,0,0,0,0,1,enbart_nedlagd
PEB102,,,,0,0,0,0,1,enbart_nedlagd
PEB103,,,,0,0,0,0,1,enbart_nedlagd
PEB104,,,,0,0,0,0,1,enbart_nedlagd
PEB105,,,,0,0,0,0,1,enbart_nedlagd
PEB106,,,,0,0,0,0,1,enbart_nedlagd
PEB107,,,,0,0,0,0,1,enbart_nedlagd
PEB108,,,,0,0,0,0,1,enbart_nedlagd
PEB109,,,,0,0,0,0,1,enbart_nedlagd
PEB110,,,,0,0,0,0,1,enbart_nedlagd
PEB111,,,,0,0,0,0,1,enbart_nedlagd
PEB112,,,,0,0,0,0,1,enbart_nedlagd
PEB113,,,,0,0,0,0,1,enbart_nedlagd
PEB114,,,,0,0,0,0,1,enbart_nedlagd
PEB115,,,,0,0,0,0,1,enbart_nedlagd
PEB116,,,,0,0,0,0,1,enbart_nedlagd
PEB117,,,,0,0,0,0,1,enbart_nedlagd
PEB118,,,,0,0,0,0,1,enbart_nedlagd
PEB119,,,,0,0,0,0,1,enbart_nedlagd
PEB120,,,,0,0,0,0,1,enbart_nedlagd
PEB121,,,,0,0,0,0,1,enbart_nedlagd
PEB122,,,,0,0,0,0,1,enbart_nedlagd
PEB123,,,,0,0,0,0,1,enbart_nedlagd
PEB124,,,,0,0,0,0,1,enbart_nedlagd
PEC007,,,,0,0,0,0,1,enbart_nedlagd
PEC012,,,,0,0,0,0,1,enbart_nedlagd
PEC013,,,,0,0,0,0,1,enbart_nedlagd
PEC014,,,,0,0,0,0,1,enbart_nedlagd
PEC015,,,,0,0,0,0,1,enbart_nedlagd
PEC016,,,,0,0,0,0,1,enbart_nedlagd
PEC017,,,,0,0,0,0,1,enbart_nedlagd
PED002,,,,0,0,0,0,1,enbart_nedlagd
PED005,,,,0,0,0,0,1,enbart_nedlagd
PED006,,,,0,0,0,0,1,enbart_nedlagd
PG1001,,,,0,0,0,0,1,enbart_nedlagd
PG1002,,,,0,0,0,0,1,enbart_nedlagd
PG1003,,,,0,0,0,0,1,enbart_nedlagd
PG1004,,,,0,0,0,0,1,enbart_nedlagd
PG1005,,,,0,0,0,0,1,enbart_nedlagd
PG1006,,,,0,0,0,0,1,enbart_nedlagd
PG1007,,,,0,0,0,0,1,enbart_nedlagd
PG1008,,,,0,0,0,0,1,enbart_nedlagd
PG1009,,,,0,0,0,0,1,enbart_nedlagd
PG1010,,,,0,0,0,0,1,enbart_nedlagd
PG1011,,,,0,0,0,0,1,enbart_nedlagd
PG1012,,,,0,0,0,0,1,enbart_nedlagd
PG1013,,,,0,0,0,0,1,enbart_nedlagd
PG1014,,,,0,0,0,0,1,enbart_nedlagd
PG1015,,,,0,0,0,0,1,enbart_nedlagd
PG1016,,,,0,0,0,0,1,enbart_nedlagd
PG1017,,,,0,0,0,0,1,enbart_nedlagd
PG1018,,,,0,0,0,0,1,enbart_nedlagd
PG1019,,,,0,0,0,0,1,enbart_nedlagd
PG1020,,,,0,0,0,0,1,enbart_nedlagd
PG1021,,,,0,0,0,0,1,enbart_nedlagd
PG1022,,,,0,0,0,0,1,enbart_nedlagd
PG1023,,,,0,0,0,0,1,enbart_nedlagd
PG1025,,,,0,0,0,0,1,enbart_nedlagd
PG1026,,,,0,0,0,0,1,enbart_nedlagd
PG1027,,,,0,0,0,0,1,enbart_nedlagd
PG1028,,,,0,0,0,0,1,enbart_nedlagd
PG1029,,,,0,0,0,0,1,enbart_nedlagd
PG1030,,,,0,0,0,0,1,enbart_nedlagd
PG1031,,,,0,0,0,0,1,enbart_nedlagd
PG1032,,,,0,0,0,0,1,enbart_nedlagd
PG1033,,,,0,0,0,0,1,enbart_nedlagd
PG1034,,,,0,0,0,0,1,enbart_nedlagd
PG1035,,,,0,0,0,0,1,enbart_nedlagd
PG1036,,,,0,0,0,0,1,enbart_nedlagd
PG1037,,,,0,0,0,0,1,enbart_nedlagd
PG1038,,,,0,0,0,0,1,enbart_nedlagd
PG1039,,,,0,0,0,0,1,enbart_nedlagd
PG1040,,,,0,0,0,0,1,enbart_nedlagd
PG1041,,,,0,0,0,0,1,enbart_nedlagd
PG1042,,,,0,0,0,0,1,enbart_nedlagd
PG1043,,,,0,0,0,0,1,enbart_nedlagd
PG1044,,,,0,0,0,0,1,enbart_nedlagd
PG1045,,,,0,0,0,0,1,enbart_nedlagd
PG1046,,,,0,0,0,0,1,enbart_nedlagd
PG1047,,,,0,0,0,0,1,enbart_nedlagd
PG1048,,,,0,0,0,0,1,enbart_nedlagd
PG1049,,,,0,0,0,0,1,enbart_nedlagd
PG1050,,,,0,0,0,0,1,enbart_nedlagd
PG1051,,,,0,0,0,0,1,enbart_nedlagd
PG1052,,,,0,0,0,0,1,enbart_nedlagd
PG1053,,,,0,0,0,0,1,enbart_nedlagd
PG1054,,,,0,0,0,0,1,enbart_nedlagd
PG1055,,,,0,0,0,0,1,enbart_nedlagd
PG1056,,,,0,0,0,0,1,enbart_nedlagd
PG1057,,,,0,0,0,0,1,enbart_nedlagd
PG1058,,,,0,0,0,0,1,enbart_nedlagd
PG1059,,,,0,0,0,0,1,enbart_nedlagd
PG1060,,,,0,0,0,0,1,enbart_nedlagd
PG1061,,,,0,0,0,0,1,enbart_nedlagd
PG1062,,,,0,0,0,0,1,enbart_nedlagd
PG1063,,,,0,0,0,0,1,enbart_nedlagd
PG1064,,,,0,0,0,0,1,enbart_nedlagd
PG1065,,,,0,0,0,0,1,enbart_nedlagd
PG1066,,,,0,0,0,0,1,enbart_nedlagd
PG1067,,,,0,0,0,0,1,enbart_nedlagd
PG1068,,,,0,0,0,0,1,enbart_nedlagd
PG1069,,,,0,0,0,0,1,enbart_nedlagd
PG1070,,,,0,0,0,0,1,enbart_nedlagd
PG1071,,,,0,0,0,0,1,enbart_nedlagd
PG1072,,,,0,0,0,0,1,enbart_nedlagd
PG1073,,,,0,0,0,0,1,enbart_nedlagd
PG1074,,,,0,0,0,0,1,enbart_nedlagd
PG1075,,,,0,0,0,0,1,enbart_nedlagd
PG1076,,,,0,0,0,0,1,enbart_nedlagd
PG1077,,,,0,0,0,0,1,enbart_nedlagd
PG1078,,,,0,0,0,0,1,enbart_nedlagd
PG1079,,,,0,0,0,0,1,enbart_nedlagd
PG1080,,,,0,0,0,0,1,enbart_nedlagd
PG1081,,,,0,0,0,0,1,enbart_nedlagd
PG1082,,,,0,0,0,0,1,enbart_nedlagd
PG1083,,,,0,0,0,0,1,enbart_nedlagd
PG1084,,,,0,0,0,0,1,enbart_nedlagd
PG1085,,,,0,0,0,0,1,enbart_nedlagd
PG1086,,,,0,0,0,0,1,enbart_nedlagd
PG1087,,,,0,0,0,0,1,enbart_nedlagd
PG1088,,,,0,0,0,0,1,enbart_nedlagd
PG1089,,,,0,0,0,0,1,enbart_nedlagd
PG1090,,,,0,0,0,0,1,enbart_nedlagd
PG1091,,,,0,0,0,0,1,enbart_nedlagd
PG1092,,,,0,0,0,0,1,enbart_nedlagd
PG1093,,,,0,0,0,0,1,enbart_nedlagd
PG1094,,,,0,0,0,0,1,enbart_nedlagd
PG1095,,,,0,0,0,0,1,enbart_nedlagd
PG1096,,,,0,0,0,0,1,enbart_nedlagd
PG1097,,,,0,0,0,0,1,enbart_nedlagd
PG1098,,,,0,0,0,0,1,enbart_nedlagd
PG1099,,,,0,0,0,0,1,enbart_nedlagd
PG1100,,,,0,0,0,0,1,enbart_nedlagd
PG2001,,,,0,0,0,0,1,enbart_nedlagd
PG2002,,,,0,0,0,0,1,enbart_nedlagd
PG2003,,,,0,0,1,0,1,blomma_historik_arkiverad
PG2004,,,,0,0,0,0,1,enbart_nedlagd
PG2005,,,,0,0,0,0,1,enbart_nedlagd
PG2006,,,,0,0,0,0,1,enbart_nedlagd
PG2007,,,,0,0,0,0,1,enbart_nedlagd
PG2008,,,,0,0,0,0,1,enbart_nedlagd
PG2009,,,,0,0,0,0,1,enbart_nedlagd
PG2010,,,,0,0,0,0,1,enbart_nedlagd
PG2011,,,,0,0,0,0,1,enbart_nedlagd
PG2012,,,,0,0,0,0,1,enbart_nedlagd
PG2013,,,,0,0,0,0,1,enbart_nedlagd
PG2014,,,,0,0,0,0,1,enbart_nedlagd
PG2015,,,,0,0,0,0,1,enbart_nedlagd
PG2016,,,,0,0,0,0,1,enbart_nedlagd
PG2017,,,,0,0,0,0,1,enbart_nedlagd
PG2018,,,,0,0,0,0,1,enbart_nedlagd
PG2019,,,,0,0,0,0,1,enbart_nedlagd
PG2020,,,,0,0,0,0,1,enbart_nedlagd
PG2021,,,,0,0,0,0,1,enbart_nedlagd
PG2022,,,,0,0,0,0,1,enbart_nedlagd
PG2023,,,,0,0,0,0,1,enbart_nedlagd
PG2024,,,,0,0,0,0,1,enbart_nedlagd
PG2025,,,,0,0,0,0,1,enbart_nedlagd
PG2026,,,,0,0,0,0,1,enbart_nedlagd
PG2027,,,,0,0,0,0,1,enbart_nedlagd
PG2028,,,,0,0,0,0,1,enbart_nedlagd
PG2029,,,,0,0,0,0,1,enbart_nedlagd
PG2030,,,,0,0,0,0,1,enbart_nedlagd
PG2031,,,,0,0,0,0,1,enbart_nedlagd
PG2032,,,,0,0,0,0,1,enbart_nedlagd
PG2033,,,,0,0,0,0,1,enbart_nedlagd
PG2034,,,,0,0,0,0,1,enbart_nedlagd
PG2035,,,,0,0,0,0,1,enbart_nedlagd
PG2036,,,,0,0,0,0,1,enbart_nedlagd
PG2037,,,,0,0,0,0,1,enbart_nedlagd
PG2038,,,,0,0,0,0,1,enbart_nedlagd
PG2039,,,,0,0,0,0,1,enbart_nedlagd
PG2040,,,,0,0,0,0,1,enbart_nedlagd
PG2041,,,,0,0,0,0,1,enbart_nedlagd
PG2042,,,,0,0,0,0,1,enbart_nedlagd
PG2043,Pedagogiskt arbete IIIb: Examensarbete (grundnivå 2),IKS,PGA,1,0,1,1,0,triangulerad
PG2044,,,,0,0,0,0,1,enbart_nedlagd
PG2046,,,,0,0,0,0,1,enbart_nedlagd
PG2047,,,,0,0,0,0,1,enbart_nedlagd
PG2048,Pedagogiskt arbete IIIb: Examensarbete (grundnivå),IKS,PGA,1,0,1,1,0,triangulerad
PG2049,,,,0,0,0,0,1,enbart_nedlagd
PG2050,,,,0,0,0,0,1,enbart_nedlagd
PG2051,,,,0,0,0,0,1,enbart_nedlagd
PG2052,,,,0,0,0,0,1,enbart_nedlagd
PG2053,,,,0,0,0,0,1,enbart_nedlagd
PG2054,,,,0,0,0,0,1,enbart_nedlagd
PG2055,,,,0,0,0,0,1,enbart_nedlagd
PG2056,,,,0,0,0,0,1,enbart_nedlagd
PG2057,,,,0,0,0,0,1,enbart_nedlagd
PG2058,,,,0,0,0,0,1,enbart_nedlagd
PG2059,,,,0,0,0,0,1,enbart_nedlagd
PG2060,,,,0,0,0,0,1,enbart_nedlagd
PG2061,,,,0,0,0,0,1,enbart_nedlagd
PG2062,,,,0,0,0,0,1,enbart_nedlagd
PG2063,,,,0,0,0,0,1,enbart_nedlagd
PG2064,,,,0,0,0,0,1,enbart_nedlagd
PG2065,,,,0,0,0,0,1,enbart_nedlagd
PG2066,,,,0,0,0,0,1,enbart_nedlagd
PG2067,,,,0,0,0,0,1,enbart_nedlagd
PG2068,,,,0,0,0,0,1,enbart_nedlagd
PG2069,,,,0,0,0,0,1,enbart_nedlagd
PG2070,,,,0,0,0,0,1,enbart_nedlagd
PG2071,,,,0,0,0,0,1,enbart_nedlagd
PG2072,,,,0,0,0,0,1,enbart_nedlagd
PG3001,,,,0,0,0,0,1,enbart_nedlagd
PG3002,,,,0,0,0,0,1,enbart_nedlagd
PG3003,,,,0,0,0,0,1,enbart_nedlagd
PG3004,,,,0,0,0,0,1,enbart_nedlagd
PG3005,,,,0,0,0,0,1,enbart_nedlagd
PG3006,,,,0,0,0,0,1,enbart_nedlagd
PG3007,,,,0,0,0,0,1,enbart_nedlagd
PG3008,,,,0,0,0,0,1,enbart_nedlagd
PG3009,,,,0,0,0,0,1,enbart_nedlagd
PG3010,,,,0,0,0,0,1,enbart_nedlagd
PG3011,,,,0,0,0,0,1,enbart_nedlagd
PG3012,,,,0,0,0,0,1,enbart_nedlagd
PG3013,,,,0,0,0,0,1,enbart_nedlagd
PG3014,,,,0,0,0,0,1,enbart_nedlagd
PG3015,,,,0,0,0,0,1,enbart_nedlagd
PG3016,,,,0,0,0,0,1,enbart_nedlagd
PG3017,,,,0,0,0,0,1,enbart_nedlagd
PG3018,,,,0,0,0,0,1,enbart_nedlagd
PG3019,,,,0,0,0,0,1,enbart_nedlagd
PG3020,,,,0,0,0,0,1,enbart_nedlagd
PG3021,,,,0,0,0,0,1,enbart_nedlagd
PG3022,,,,0,0,0,0,1,enbart_nedlagd
PG3023,Pedagogiskt arbete IIIb: Examensarbete,IKS,PGA,1,0,1,1,0,triangulerad
PG3024,"Specialpedagogik, pedagogisk dokumentation och bedömning för grundlärare F-3",IKS,PGA,1,0,1,1,0,triangulerad
PG3025,"Specialpedagogik, pedagogisk dokumentation och bedömning för grundlärare 4-6",IKS,PGA,1,0,1,1,0,triangulerad
PG3026,,,,0,0,0,0,1,enbart_nedlagd
PG3027,,,,0,0,0,0,1,enbart_nedlagd
PG3028,,,,0,0,0,0,1,enbart_nedlagd
PG3029,,,,0,0,0,0,1,enbart_nedlagd
PG3030,,,,0,0,0,0,1,enbart_nedlagd
PG3031,Utbildningsfilosofiska perspektiv,IKS,PGA,1,0,1,1,0,triangulerad
PG3032,,,,0,0,0,0,1,enbart_nedlagd
PG3033,,,,0,0,0,0,1,enbart_nedlagd
PG3034,,,,0,0,0,0,1,enbart_nedlagd
PG3035,,,,0,0,0,0,1,enbart_nedlagd
PG3036,,,,0,0,0,0,1,enbart_nedlagd
PG3037,,,,0,0,0,0,1,enbart_nedlagd
PG3038,,,,0,0,0,0,1,enbart_nedlagd
PG3039,,,,0,0,0,0,1,enbart_nedlagd
PG3040,,,,0,0,0,0,1,enbart_nedlagd
PG3041,Utbildningsvetenskapliga teorier,IKS,PGA,1,0,1,1,0,triangulerad
PG3042,,,,0,0,0,0,1,enbart_nedlagd
PG3043,,,,0,0,0,0,1,enbart_nedlagd
PG3044,,,,0,0,0,0,1,enbart_nedlagd
PG3045,,,,0,0,0,0,1,enbart_nedlagd
PG3046,,,,0,0,0,0,1,enbart_nedlagd
PG3047,,,,0,0,0,0,1,enbart_nedlagd
PG3048,,,,0,0,0,0,1,enbart_nedlagd
PG3049,,,,0,0,0,0,1,enbart_nedlagd
PG3056,Perspektiv på pedagogisk praktik,IKS,PGA,1,0,1,1,0,triangulerad
PG3057,,,,0,0,0,0,1,enbart_nedlagd
PG3058,,,,0,0,0,0,1,enbart_nedlagd
PG3059,,,,0,0,0,0,1,enbart_nedlagd
PG3060,,,,0,0,0,0,1,enbart_nedlagd
PG3061,Att kritiskt granska utbildningsvetenskaplig forskning,IKS,PGA,1,0,1,1,0,triangulerad
PG3062,,,,0,0,0,0,1,enbart_nedlagd
PG3063,,,,0,0,0,0,1,enbart_nedlagd
PG3064,,,,0,0,0,0,1,enbart_nedlagd
PG3065,Examensarbete för magisterexamen i pedagogiskt arbete,IKS,PGA,1,0,1,1,0,triangulerad
PG3066,,,,0,0,0,0,1,enbart_nedlagd
PG3067,,,,0,0,0,0,1,enbart_nedlagd
PG3068,,,,0,0,0,0,1,enbart_nedlagd
PG3069,Utbildningsvetenskapliga ansatser - teoretisk och  metodologisk fördjupning,IKS,PGA,1,0,1,1,0,triangulerad
PG3070,,,,0,0,0,0,1,enbart_nedlagd
PGA001,,,,0,0,0,0,1,enbart_nedlagd
PGA002,,,,0,0,0,0,1,enbart_nedlagd
PGA003,,,,0,0,0,0,1,enbart_nedlagd
PGB003,,,,0,0,0,0,1,enbart_nedlagd
PGB004,,,,0,0,0,0,1,enbart_nedlagd
PGB005,,,,0,0,0,0,1,enbart_nedlagd
PGB006,,,,0,0,0,0,1,enbart_nedlagd
PGB007,,,,0,0,0,0,1,enbart_nedlagd
PGB008,,,,0,0,0,0,1,enbart_nedlagd
PGB009,,,,0,0,0,0,1,enbart_nedlagd
PGB010,,,,0,0,0,0,1,enbart_nedlagd
PGB011,,,,0,0,0,0,1,enbart_nedlagd
PGB012,,,,0,0,0,0,1,enbart_nedlagd
PGB013,,,,0,0,0,0,1,enbart_nedlagd
PGB014,,,,0,0,0,0,1,enbart_nedlagd
PGB015,,,,0,0,0,0,1,enbart_nedlagd
PGB016,,,,0,0,0,0,1,enbart_nedlagd
PGB017,,,,0,0,0,0,1,enbart_nedlagd
PGB018,,,,0,0,0,0,1,enbart_nedlagd
PGB019,,,,0,0,0,0,1,enbart_nedlagd
PGB020,,,,0,0,0,0,1,enbart_nedlagd
PGC001,,,,0,0,0,0,1,enbart_nedlagd
PGC002,,,,0,0,0,0,1,enbart_nedlagd
PGC003,,,,0,0,0,0,1,enbart_nedlagd
PR1001,,,,0,0,0,0,1,enbart_nedlagd
PR1002,,,,0,0,0,0,1,enbart_nedlagd
PR1003,,,,0,0,0,0,1,enbart_nedlagd
PR1004,,,,0,0,0,0,1,enbart_nedlagd
PR1005,,,,0,0,0,0,1,enbart_nedlagd
PR1006,,,,0,0,0,0,1,enbart_nedlagd
PR1007,,,,0,0,0,0,1,enbart_nedlagd
PR1008,,,,0,0,0,0,1,enbart_nedlagd
PR1009,,,,0,0,0,0,1,enbart_nedlagd
PR1010,,,,0,0,0,0,1,enbart_nedlagd
PR1011,,,,0,0,0,0,1,enbart_nedlagd
PR1012,,,,0,0,0,0,1,enbart_nedlagd
PR1013,,,,0,0,0,0,1,enbart_nedlagd
PR1014,,,,0,0,0,0,1,enbart_nedlagd
PR1015,,,,0,0,0,0,1,enbart_nedlagd
PR1016,,,,0,0,0,0,1,enbart_nedlagd
PR1017,Portugisiska: Muntlig språkfärdighet II,ISLL,PRA,1,0,1,1,0,triangulerad
PR1018,Portugisiska: Grundläggande kurs I,ISLL,PRA,1,0,1,1,0,triangulerad
PR1019,Portugisiska: Grundläggande kurs II,ISLL,PRA,1,0,1,1,0,triangulerad
PR1020,,,,0,0,0,0,1,enbart_nedlagd
PR1021,Portugisiska: Portugisiskspråkiga kulturer,ISLL,PRA,1,0,1,1,0,triangulerad
PR1022,,,,0,0,0,0,1,enbart_nedlagd
PR1023,,,,0,0,0,0,1,enbart_nedlagd
PR1024,Portugisiska: Grammatik och skriftlig språkfärdighet II,ISLL,PRA,1,0,1,1,0,triangulerad
PR2001,,,,0,0,0,0,1,enbart_nedlagd
PR2002,,,,0,0,0,0,1,enbart_nedlagd
PR2003,Portugisiska: Språklig variation och förändring,ISLL,PRA,1,0,1,1,0,triangulerad
PR2004,Portugisiska: Afrikansk litteratur på portugisiska,ISLL,PRA,1,0,1,1,0,triangulerad
PR2005,Portugisiska: Vetenskaplig metod och akademiskt skrivande,ISLL,PRA,1,0,1,1,0,triangulerad
PR2006,,,,0,0,0,0,1,enbart_nedlagd
PR2007,,,,0,0,0,0,1,enbart_nedlagd
PS1001,,,,0,0,0,0,1,enbart_nedlagd
PS1002,,,,0,0,0,0,1,enbart_nedlagd
PS1003,,,,0,0,0,0,1,enbart_nedlagd
PS1004,,,,0,0,0,0,1,enbart_nedlagd
PS1005,,,,0,0,0,0,1,enbart_nedlagd
PS1006,,,,0,0,0,0,1,enbart_nedlagd
PS1007,,,,0,0,0,0,1,enbart_nedlagd
PS1008,,,,0,0,0,0,1,enbart_nedlagd
PS1009,,,,0,0,0,0,1,enbart_nedlagd
PS1010,,,,0,0,0,0,1,enbart_nedlagd
PS1011,,,,0,0,0,0,1,enbart_nedlagd
PS1012,,,,0,0,0,0,1,enbart_nedlagd
PS1013,,,,0,0,0,0,1,enbart_nedlagd
PS1014,,,,0,0,0,0,1,enbart_nedlagd
PS1015,,,,0,0,0,0,1,enbart_nedlagd
PS1016,,,,0,0,0,0,1,enbart_nedlagd
PS1017,,,,0,0,0,0,1,enbart_nedlagd
PS1018,Psykologiska behandlingsmetoder,IHV,PSA,1,0,1,1,0,triangulerad
PS2001,,,,0,0,0,0,1,enbart_nedlagd
PS3001,,,,0,0,0,0,1,enbart_nedlagd
PSA023,,,,0,0,0,0,1,enbart_nedlagd
PSA027,,,,0,0,0,0,1,enbart_nedlagd
PSA028,,,,0,0,0,0,1,enbart_nedlagd
PSA029,,,,0,0,0,0,1,enbart_nedlagd
PSA030,,,,0,0,0,0,1,enbart_nedlagd
PSA031,,,,0,0,0,0,1,enbart_nedlagd
PSA033,,,,0,0,0,0,1,enbart_nedlagd
PSB007,,,,0,0,0,0,1,enbart_nedlagd
PSC003,,,,0,0,0,0,1,enbart_nedlagd
PSD001,,,,0,0,0,0,1,enbart_nedlagd
RK1001,,,,0,0,0,0,1,enbart_nedlagd
RK1002,,,,0,0,0,0,1,enbart_nedlagd
RK1003,,,,0,0,0,0,1,enbart_nedlagd
RK1004,,,,0,0,0,0,1,enbart_nedlagd
RK1005,,,,0,0,0,0,1,enbart_nedlagd
RK1006,,,,0,0,0,0,1,enbart_nedlagd
RK1007,,,,0,0,0,0,1,enbart_nedlagd
RK1008,,,,0,0,0,0,1,enbart_nedlagd
RK1009,,,,0,0,0,0,1,enbart_nedlagd
RK1010,,,,0,0,0,0,1,enbart_nedlagd
RK1011,,,,0,0,0,0,1,enbart_nedlagd
RK1012,,,,0,0,0,0,1,enbart_nedlagd
RK1013,,,,0,0,0,0,1,enbart_nedlagd
RK1014,,,,0,0,0,0,1,enbart_nedlagd
RK1015,,,,0,0,0,0,1,enbart_nedlagd
RK1016,,,,0,0,0,0,1,enbart_nedlagd
RK1017,,,,0,0,0,0,1,enbart_nedlagd
RK1018,,,,0,0,0,0,1,enbart_nedlagd
RK1019,,,,0,0,0,0,1,enbart_nedlagd
RK1020,,,,0,0,0,0,1,enbart_nedlagd
RK1021,,,,0,0,0,0,1,enbart_nedlagd
RK1022,,,,0,0,0,0,1,enbart_nedlagd
RK1023,,,,0,0,0,0,1,enbart_nedlagd
RK1024,,,,0,0,0,0,1,enbart_nedlagd
RK1025,,,,0,0,0,0,1,enbart_nedlagd
RK1026,,,,0,0,0,0,1,enbart_nedlagd
RK1027,,,,0,0,0,0,1,enbart_nedlagd
RK1028,,,,0,0,0,0,1,enbart_nedlagd
RK1029,,,,0,0,0,0,1,enbart_nedlagd
RK1030,,,,0,0,0,0,1,enbart_nedlagd
RK1031,,,,0,0,0,0,1,enbart_nedlagd
RK1032,,,,0,0,0,0,1,enbart_nedlagd
RK1033,,,,0,0,0,0,1,enbart_nedlagd
RK1034,,,,0,0,0,0,1,enbart_nedlagd
RK1035,,,,0,0,0,0,1,enbart_nedlagd
RK1036,,,,0,0,0,0,1,enbart_nedlagd
RK1037,,,,0,0,0,0,1,enbart_nedlagd
RK1038,,,,0,0,0,0,1,enbart_nedlagd
RK1039,,,,0,0,0,0,1,enbart_nedlagd
RK1040,,,,0,0,0,0,1,enbart_nedlagd
RK1041,,,,0,0,0,0,1,enbart_nedlagd
RK1042,,,,0,0,0,0,1,enbart_nedlagd
RK1043,,,,0,0,0,0,1,enbart_nedlagd
RK1044,,,,0,0,0,0,1,enbart_nedlagd
RK1045,,,,0,0,0,0,1,enbart_nedlagd
RK1046,,,,0,0,0,0,1,enbart_nedlagd
RK1047,,,,0,0,0,0,1,enbart_nedlagd
RK1048,,,,0,0,0,0,1,enbart_nedlagd
RK1049,,,,0,0,0,0,1,enbart_nedlagd
RK1050,,,,0,0,0,0,1,enbart_nedlagd
RK1051,,,,0,0,0,0,1,enbart_nedlagd
RK1052,,,,0,0,0,0,1,enbart_nedlagd
RK1053,,,,0,0,0,0,1,enbart_nedlagd
RK1054,,,,0,0,0,0,1,enbart_nedlagd
RK1055,,,,0,0,0,0,1,enbart_nedlagd
RK1056,,,,0,0,0,0,1,enbart_nedlagd
RK1057,,,,0,0,0,0,1,enbart_nedlagd
RK1058,,,,0,0,0,0,1,enbart_nedlagd
RK1059,,,,0,0,0,0,1,enbart_nedlagd
RK1060,,,,0,0,0,0,1,enbart_nedlagd
RK1061,,,,0,0,0,0,1,enbart_nedlagd
RK1062,,,,0,0,0,0,1,enbart_nedlagd
RK1063,,,,0,0,0,0,1,enbart_nedlagd
RK1064,,,,0,0,0,0,1,enbart_nedlagd
RK1065,,,,0,0,0,0,1,enbart_nedlagd
RK1066,,,,0,0,0,0,1,enbart_nedlagd
RK1067,,,,0,0,0,0,1,enbart_nedlagd
RK1068,Religionsvetenskap II: Forskningsplan för fältarbete,IKS,RKA,1,0,1,1,0,triangulerad
RK1069,,,,0,0,0,0,1,enbart_nedlagd
RK1070,,,,0,0,0,0,1,enbart_nedlagd
RK2001,,,,0,0,0,0,1,enbart_nedlagd
RK2002,,,,0,0,0,0,1,enbart_nedlagd
RK2003,,,,0,0,0,0,1,enbart_nedlagd
RK2004,,,,0,0,0,0,1,enbart_nedlagd
RK2005,,,,0,0,0,0,1,enbart_nedlagd
RK2006,,,,0,0,0,0,1,enbart_nedlagd
RK2007,,,,0,0,0,0,1,enbart_nedlagd
RK2008,,,,0,0,1,0,1,blomma_historik_arkiverad
RK2009,,,,0,0,0,0,1,enbart_nedlagd
RK2010,,,,0,0,0,0,1,enbart_nedlagd
RK2011,,,,0,0,0,0,1,enbart_nedlagd
RK2012,,,,0,0,0,0,1,enbart_nedlagd
RK2013,,,,0,0,0,0,1,enbart_nedlagd
RK2014,,,,0,0,0,0,1,enbart_nedlagd
RK2015,,,,0,0,0,0,1,enbart_nedlagd
RK2017,,,,0,0,0,0,1,enbart_nedlagd
RK2018,,,,0,0,0,0,1,enbart_nedlagd
RK2019,,,,0,0,0,0,1,enbart_nedlagd
RK2020,,,,0,0,0,0,1,enbart_nedlagd
RK2021,,,,0,0,0,0,1,enbart_nedlagd
RK2022,,,,0,0,0,0,1,enbart_nedlagd
RK2023,,,,0,0,0,0,1,enbart_nedlagd
RK2024,,,,0,0,0,0,1,enbart_nedlagd
RK2025,,,,0,0,0,0,1,enbart_nedlagd
RK2026,,,,0,0,0,0,1,enbart_nedlagd
RK2027,,,,0,0,0,0,1,enbart_nedlagd
RK2028,,,,0,0,0,0,1,enbart_nedlagd
RK2029,,,,0,0,0,0,1,enbart_nedlagd
RK2030,,,,0,0,0,0,1,enbart_nedlagd
RK2031,,,,0,0,0,0,1,enbart_nedlagd
RK2032,,,,0,0,0,0,1,enbart_nedlagd
RK2033,,,,0,0,0,0,1,enbart_nedlagd
RK2034,"Mänskliga rättigheter som ideal: Historiska, filosofiska och politiska aspekter",IKS,RKA,1,0,1,1,0,triangulerad
RK2035,,,,0,0,0,0,1,enbart_nedlagd
RK2036,,,,0,0,0,0,1,enbart_nedlagd
RK2037,,,,0,0,0,0,1,enbart_nedlagd
RK2038,"Kritik av mänskliga rättigheters normativa grund, tillämpning och universalisering",IKS,RKA,1,0,1,1,0,triangulerad
RK3001,,,,0,0,0,0,1,enbart_nedlagd
RK3002,,,,0,0,0,0,1,enbart_nedlagd
RK3003,,,,0,0,0,0,1,enbart_nedlagd
RK3004,,,,0,0,0,0,1,enbart_nedlagd
RK3005,,,,0,0,0,0,1,enbart_nedlagd
RK3006,,,,0,0,0,0,1,enbart_nedlagd
RK3007,,,,0,0,0,0,1,enbart_nedlagd
RK3008,,,,0,0,0,0,1,enbart_nedlagd
RK3009,,,,0,0,0,0,1,enbart_nedlagd
RK3010,,,,0,0,0,0,1,enbart_nedlagd
RK3011,,,,0,0,0,0,1,enbart_nedlagd
RK3012,,,,0,0,0,0,1,enbart_nedlagd
RK3013,,,,0,0,0,0,1,enbart_nedlagd
RK3014,,,,0,0,0,0,1,enbart_nedlagd
RK3015,,,,0,0,0,0,1,enbart_nedlagd
RK3016,,,,0,0,0,0,1,enbart_nedlagd
RK3017,,,,0,0,0,0,1,enbart_nedlagd
RK3018,,,,0,0,0,0,1,enbart_nedlagd
RK3019,,,,0,0,0,0,1,enbart_nedlagd
RK3020,,,,0,0,0,0,1,enbart_nedlagd
RK3021,,,,0,0,0,0,1,enbart_nedlagd
RK3022,,,,0,0,0,0,1,enbart_nedlagd
RK3023,,,,0,0,0,0,1,enbart_nedlagd
RK3025,,,,0,0,0,0,1,enbart_nedlagd
RK3026,,,,0,0,1,0,1,blomma_historik_arkiverad
RK3027,,,,0,0,0,0,1,enbart_nedlagd
RK3028,,,,0,0,0,0,1,enbart_nedlagd
RK3029,,,,0,0,0,0,1,enbart_nedlagd
RK3030,,,,0,0,0,0,1,enbart_nedlagd
RK3031,,,,0,0,0,0,1,enbart_nedlagd
RK3032,,,,0,0,0,0,1,enbart_nedlagd
RK3033,,,,0,0,0,0,1,enbart_nedlagd
RK3034,,,,0,0,0,0,1,enbart_nedlagd
RK3035,,,,0,0,0,0,1,enbart_nedlagd
RK3036,,,,0,0,0,0,1,enbart_nedlagd
RK3037,,,,0,0,0,0,1,enbart_nedlagd
RK3038,,,,0,0,0,0,1,enbart_nedlagd
RK3039,,,,0,0,0,0,1,enbart_nedlagd
RK3040,,,,0,0,0,0,1,enbart_nedlagd
RK3041,,,,0,0,0,0,1,enbart_nedlagd
RK3042,,,,0,0,0,0,1,enbart_nedlagd
RK3043,Existentiell mening och medialisering: religiositet i populärkulturell kontext,IKS,RKA,1,0,1,1,0,triangulerad
RK3044,,,,0,0,0,0,1,enbart_nedlagd
RK3045,,,,0,0,0,0,1,enbart_nedlagd
RKA022,,,,0,0,0,0,1,enbart_nedlagd
RKA024,,,,0,0,0,0,1,enbart_nedlagd
RKA028,,,,0,0,0,0,1,enbart_nedlagd
RKA029,,,,0,0,0,0,1,enbart_nedlagd
RKA030,,,,0,0,0,0,1,enbart_nedlagd
RKA031,,,,0,0,0,0,1,enbart_nedlagd
RKA032,,,,0,0,0,0,1,enbart_nedlagd
RKA033,,,,0,0,0,0,1,enbart_nedlagd
RKA035,,,,0,0,0,0,1,enbart_nedlagd
RKA036,,,,0,0,0,0,1,enbart_nedlagd
RKA037,,,,0,0,0,0,1,enbart_nedlagd
RKA038,,,,0,0,0,0,1,enbart_nedlagd
RKA039,,,,0,0,0,0,1,enbart_nedlagd
RKA040,,,,0,0,0,0,1,enbart_nedlagd
RKA041,,,,0,0,0,0,1,enbart_nedlagd
RKA042,,,,0,0,0,0,1,enbart_nedlagd
RKA043,,,,0,0,0,0,1,enbart_nedlagd
RKA044,,,,0,0,0,0,1,enbart_nedlagd
RKA045,,,,0,0,0,0,1,enbart_nedlagd
RKA046,,,,0,0,0,0,1,enbart_nedlagd
RKB005,,,,0,0,0,0,1,enbart_nedlagd
RKB007,,,,0,0,0,0,1,enbart_nedlagd
RKB008,,,,0,0,0,0,1,enbart_nedlagd
RKB009,,,,0,0,0,0,1,enbart_nedlagd
RKB010,,,,0,0,0,0,1,enbart_nedlagd
RKB011,,,,0,0,0,0,1,enbart_nedlagd
RKB012,,,,0,0,0,0,1,enbart_nedlagd
RKC005,,,,0,0,0,0,1,enbart_nedlagd
RKC009,,,,0,0,0,0,1,enbart_nedlagd
RKC010,,,,0,0,0,0,1,enbart_nedlagd
RKC011,,,,0,0,0,0,1,enbart_nedlagd
RKC012,,,,0,0,0,0,1,enbart_nedlagd
RKC013,,,,0,0,0,0,1,enbart_nedlagd
RKC014,,,,0,0,0,0,1,enbart_nedlagd
RKC015,,,,0,0,0,0,1,enbart_nedlagd
RKC016,,,,0,0,0,0,1,enbart_nedlagd
RKC017,,,,0,0,0,0,1,enbart_nedlagd
RKD002,,,,0,0,0,0,1,enbart_nedlagd
RKD005,,,,0,0,0,0,1,enbart_nedlagd
RV1001,Arbetsrätt,IKS,RVA,1,0,1,1,0,triangulerad
RV1002,Associationsrätt,IKS,RVA,1,0,1,1,0,triangulerad
RV1003,Beskattningsrätt A,IKS,RVA,1,0,1,1,0,triangulerad
RV1004,Familjerätt,IKS,RVA,1,0,1,1,0,triangulerad
RV1005,,,,0,0,0,0,1,enbart_nedlagd
RV1006,,,,0,0,0,0,1,enbart_nedlagd
RV1007,,,,0,0,0,0,1,enbart_nedlagd
RV1008,,,,0,0,0,0,1,enbart_nedlagd
RV1009,Marknadsrätt,IKS,RVA,1,0,1,1,0,triangulerad
RV1010,,,,0,0,0,0,1,enbart_nedlagd
RV1011,,,,0,0,0,0,1,enbart_nedlagd
RV1012,,,,0,0,0,0,1,enbart_nedlagd
RV1013,,,,0,0,0,0,1,enbart_nedlagd
RV1014,,,,0,0,0,0,1,enbart_nedlagd
RV1015,Entreprenadjuridik,IKS,RVA,1,0,1,1,0,triangulerad
RV1016,,,,0,0,0,0,1,enbart_nedlagd
RV1017,,,,0,0,0,0,1,enbart_nedlagd
RV1018,,,,0,0,0,0,1,enbart_nedlagd
RV1019,,,,0,0,0,0,1,enbart_nedlagd
RV1020,,,,0,0,0,0,1,enbart_nedlagd
RV1021,,,,0,0,0,0,1,enbart_nedlagd
RV1022,,,,0,0,0,0,1,enbart_nedlagd
RV1023,,,,0,0,0,0,1,enbart_nedlagd
RV1024,,,,0,0,0,0,1,enbart_nedlagd
RV1025,,,,0,0,0,0,1,enbart_nedlagd
RV1026,Arbetsrätt,IKS,RVA,1,0,1,1,0,triangulerad
RV1027,,,,0,0,0,0,1,enbart_nedlagd
RV1028,,,,0,0,0,0,1,enbart_nedlagd
RV1029,,,,0,0,0,0,1,enbart_nedlagd
RV1030,,,,0,0,0,0,1,enbart_nedlagd
RV1031,,,,0,0,0,0,1,enbart_nedlagd
RV1032,,,,0,0,0,0,1,enbart_nedlagd
RV1033,,,,0,0,0,0,1,enbart_nedlagd
RV1034,Utredning av databrott,IKS,RVA,1,0,1,1,0,triangulerad
RV1035,,,,0,0,0,0,1,enbart_nedlagd
RV1036,,,,0,0,0,0,1,enbart_nedlagd
RV1037,Entreprenadjuridik - tillämpning i praktiken,IKS,RVA,1,0,1,1,0,triangulerad
RV1038,Obestånds- och associationsrätt,IKS,RVA,1,0,1,1,0,triangulerad
RV1039,Internationell och svensk affärsjuridik,IKS,RVA,1,0,1,1,0,triangulerad
RV1040,,,,0,0,0,0,1,enbart_nedlagd
RV1041,,,,0,0,0,0,1,enbart_nedlagd
RV1042,,,,0,0,0,0,1,enbart_nedlagd
RV1043,Socialrätt för samhällsvetare,IKS,RVA,1,0,1,1,0,triangulerad
RV1044,Obeståndsrätt,IKS,RVA,1,0,1,1,0,triangulerad
RV1045,Arbetsrätt: ingående av anställning,IKS,RVA,1,0,1,1,0,triangulerad
RV1046,Socialrätt I,IKS,RVA,1,0,1,1,0,triangulerad
RV1047,Socialrätt II,IKS,RVA,1,0,1,1,0,triangulerad
RV1048,Folkrätt,IKS,RVA,1,0,1,1,0,triangulerad
RV1049,Förvaltningsrätt,IKS,RVA,1,0,1,1,0,triangulerad
RV1050,EU-rätt,IKS,RVA,1,0,1,1,0,triangulerad
RV1051,"IT-rätt, grundläggande",IKS,RVA,1,0,1,1,0,triangulerad
RV1052,Grundkurs i IT-kriminologi,IKS,RVA,1,0,1,1,0,triangulerad
RV1053,Juridik för ingenjörer,IKS,RVA,1,0,1,1,0,triangulerad
RV1054,Nätjuridik,IKS,RVA,1,0,1,1,0,triangulerad
RV1055,Småföretagens regelverk,IKS,RVA,1,0,1,1,0,triangulerad
RV1056,Idrottsjuridik,IKS,RVA,1,0,1,1,0,triangulerad
RV1057,Juridik för detaljhandel,IKS,RVA,1,0,1,1,0,triangulerad
RV1058,Handelsrättslig översiktskurs,IKS,RVA,1,0,1,1,0,triangulerad
RV2002,,,,0,0,0,0,1,enbart_nedlagd
RVA001,,,,0,0,0,0,1,enbart_nedlagd
RVA002,,,,0,0,0,0,1,enbart_nedlagd
RVA004,,,,0,0,0,0,1,enbart_nedlagd
RVA006,,,,0,0,0,0,1,enbart_nedlagd
RVA008,,,,0,0,0,0,1,enbart_nedlagd
RVA010,,,,0,0,0,0,1,enbart_nedlagd
RVA011,,,,0,0,0,0,1,enbart_nedlagd
RVA012,,,,0,0,0,0,1,enbart_nedlagd
RVA013,,,,0,0,0,0,1,enbart_nedlagd
RVA014,,,,0,0,0,0,1,enbart_nedlagd
RVA015,,,,0,0,0,0,1,enbart_nedlagd
RVA016,,,,0,0,0,0,1,enbart_nedlagd
RVA020,,,,0,0,0,0,1,enbart_nedlagd
RVA021,,,,0,0,0,0,1,enbart_nedlagd
RVA025,,,,0,0,0,0,1,enbart_nedlagd
RVA031,,,,0,0,0,0,1,enbart_nedlagd
RVA032,,,,0,0,0,0,1,enbart_nedlagd
RVA033,,,,0,0,0,0,1,enbart_nedlagd
RVA034,,,,0,0,0,0,1,enbart_nedlagd
RVA036,,,,0,0,0,0,1,enbart_nedlagd
RVA039,,,,0,0,0,0,1,enbart_nedlagd
RVA040,,,,0,0,0,0,1,enbart_nedlagd
RVA041,,,,0,0,0,0,1,enbart_nedlagd
RVA042,,,,0,0,0,0,1,enbart_nedlagd
RVA043,,,,0,0,0,0,1,enbart_nedlagd
RVA044,,,,0,0,0,0,1,enbart_nedlagd
RVA045,,,,0,0,0,0,1,enbart_nedlagd
RVA046,,,,0,0,0,0,1,enbart_nedlagd
RVA047,,,,0,0,0,0,1,enbart_nedlagd
RVA048,,,,0,0,0,0,1,enbart_nedlagd
RVA049,,,,0,0,0,0,1,enbart_nedlagd
RVA050,,,,0,0,0,0,1,enbart_nedlagd
RVA051,,,,0,0,0,0,1,enbart_nedlagd
RVB001,,,,0,0,0,0,1,enbart_nedlagd
RVB003,,,,0,0,0,0,1,enbart_nedlagd
RVB005,,,,0,0,0,0,1,enbart_nedlagd
RVB006,,,,0,0,0,0,1,enbart_nedlagd
RVB007,,,,0,0,0,0,1,enbart_nedlagd
RVB008,,,,0,0,0,0,1,enbart_nedlagd
RVC001,,,,0,0,0,0,1,enbart_nedlagd
RY1001,,,,0,0,0,0,1,enbart_nedlagd
RY1002,,,,0,0,0,0,1,enbart_nedlagd
RY1003,,,,0,0,0,0,1,enbart_nedlagd
RY1004,,,,0,0,0,0,1,enbart_nedlagd
RY1005,,,,0,0,0,0,1,enbart_nedlagd
RY1006,,,,0,0,0,0,1,enbart_nedlagd
RY1007,,,,0,0,0,0,1,enbart_nedlagd
RY1008,,,,0,0,0,0,1,enbart_nedlagd
RY1009,,,,0,0,0,0,1,enbart_nedlagd
RY1010,,,,0,0,0,0,1,enbart_nedlagd
RY1011,,,,0,0,0,0,1,enbart_nedlagd
RY1012,,,,0,0,0,0,1,enbart_nedlagd
RY1013,,,,0,0,0,0,1,enbart_nedlagd
RY1014,,,,0,0,0,0,1,enbart_nedlagd
RY1015,,,,0,0,0,0,1,enbart_nedlagd
RY1016,,,,0,0,0,0,1,enbart_nedlagd
RY1017,,,,0,0,0,0,1,enbart_nedlagd
RY1018,,,,0,0,0,0,1,enbart_nedlagd
RY1019,,,,0,0,0,0,1,enbart_nedlagd
RY1020,,,,0,0,0,0,1,enbart_nedlagd
RY1021,,,,0,0,0,0,1,enbart_nedlagd
RY1022,,,,0,0,0,0,1,enbart_nedlagd
RY1023,,,,0,0,0,0,1,enbart_nedlagd
RY1024,,,,0,0,0,0,1,enbart_nedlagd
RY1025,,,,0,0,0,0,1,enbart_nedlagd
RY1026,,,,0,0,0,0,1,enbart_nedlagd
RY1027,,,,0,0,0,0,1,enbart_nedlagd
RY1028,,,,0,0,0,0,1,enbart_nedlagd
RY1029,,,,0,0,0,0,1,enbart_nedlagd
RY1030,,,,0,0,0,0,1,enbart_nedlagd
RY1031,,,,0,0,0,0,1,enbart_nedlagd
RY1032,,,,0,0,0,0,1,enbart_nedlagd
RY1033,,,,0,0,0,0,1,enbart_nedlagd
RY2001,,,,0,0,0,0,1,enbart_nedlagd
RY2002,,,,0,0,0,0,1,enbart_nedlagd
RY2003,,,,0,0,0,0,1,enbart_nedlagd
RY2004,,,,0,0,0,0,1,enbart_nedlagd
RY2005,,,,0,0,0,0,1,enbart_nedlagd
RY2006,,,,0,0,0,0,1,enbart_nedlagd
RY2007,,,,0,0,0,0,1,enbart_nedlagd
RY2008,,,,0,0,0,0,1,enbart_nedlagd
RY2009,,,,0,0,0,0,1,enbart_nedlagd
RY2010,,,,0,0,0,0,1,enbart_nedlagd
RY2011,,,,0,0,0,0,1,enbart_nedlagd
RY2012,,,,0,0,0,0,1,enbart_nedlagd
RY2013,,,,0,0,0,0,1,enbart_nedlagd
RY2014,,,,0,0,0,0,1,enbart_nedlagd
RY2015,,,,0,0,0,0,1,enbart_nedlagd
RY2016,,,,0,0,0,0,1,enbart_nedlagd
RY2017,,,,0,0,0,0,1,enbart_nedlagd
RY2018,,,,0,0,0,0,1,enbart_nedlagd
SA1001,,,,0,0,0,0,1,enbart_nedlagd
SA1002,,,,0,0,0,0,1,enbart_nedlagd
SA1003,,,,0,0,0,0,1,enbart_nedlagd
SA1004,,,,0,0,0,0,1,enbart_nedlagd
SA1005,,,,0,0,0,0,1,enbart_nedlagd
SA1006,,,,0,0,0,0,1,enbart_nedlagd
SA1007,,,,0,0,0,0,1,enbart_nedlagd
SA1008,,,,0,0,0,0,1,enbart_nedlagd
SA1009,,,,0,0,0,0,1,enbart_nedlagd
SA1010,,,,0,0,0,0,1,enbart_nedlagd
SA1011,,,,0,0,0,0,1,enbart_nedlagd
SA1012,,,,0,0,0,0,1,enbart_nedlagd
SA1013,,,,0,0,0,0,1,enbart_nedlagd
SA1014,,,,0,0,1,0,1,blomma_historik_arkiverad
SA1015,,,,0,0,0,0,1,enbart_nedlagd
SA1016,,,,0,0,0,0,1,enbart_nedlagd
SA1017,,,,0,0,0,0,1,enbart_nedlagd
SA1018,,,,0,0,0,0,1,enbart_nedlagd
SA1019,,,,0,0,0,0,1,enbart_nedlagd
SA1020,,,,0,0,0,0,1,enbart_nedlagd
SA1021,,,,0,0,0,0,1,enbart_nedlagd
SA1022,,,,0,0,0,0,1,enbart_nedlagd
SA1023,,,,0,0,0,0,1,enbart_nedlagd
SA1024,,,,0,0,0,0,1,enbart_nedlagd
SA1025,,,,0,0,0,0,1,enbart_nedlagd
SA1026,,,,0,0,0,0,1,enbart_nedlagd
SA1027,,,,0,0,0,0,1,enbart_nedlagd
SA1028,,,,0,0,0,0,1,enbart_nedlagd
SA1029,,,,0,0,0,0,1,enbart_nedlagd
SA1030,,,,0,0,0,0,1,enbart_nedlagd
SA1031,,,,0,0,0,0,1,enbart_nedlagd
SA1032,Grundkurs för verksamhetsförlagda utbildare i socialt arbete,IHV,SAA,1,0,1,1,0,triangulerad
SA1033,,,,0,0,0,0,1,enbart_nedlagd
SA1034,,,,0,0,0,0,1,enbart_nedlagd
SA1035,,,,0,0,0,0,1,enbart_nedlagd
SA1036,,,,0,0,0,0,1,enbart_nedlagd
SA1037,Återfallsprevention med KBT inriktning,IHV,SAA,1,0,1,1,0,triangulerad
SA1038,,,,0,0,0,0,1,enbart_nedlagd
SA1039,,,,0,0,0,0,1,enbart_nedlagd
SA1040,Motiverande samtalsmetodik,IHV,SAA,1,0,1,1,0,triangulerad
SA1041,,,,0,0,0,0,1,enbart_nedlagd
SA1042,,,,0,0,0,0,1,enbart_nedlagd
SA1043,,,,0,0,0,0,1,enbart_nedlagd
SA1044,,,,0,0,0,0,1,enbart_nedlagd
SA1045,Socialt arbete som profession,IHV,SAA,1,0,1,1,0,triangulerad
SA1046,Mäns våld mot kvinnor i nära relationer,IHV,SAA,1,0,1,1,0,triangulerad
SA1047,,,,0,0,0,0,1,enbart_nedlagd
SA1048,Välfärdsinsatser och brukarperspektiv,IHV,SAA,1,0,1,1,0,triangulerad
SA2001,,,,0,0,0,0,1,enbart_nedlagd
SA2002,,,,0,0,0,0,1,enbart_nedlagd
SA2003,,,,0,0,0,0,1,enbart_nedlagd
SA2004,,,,0,0,0,0,1,enbart_nedlagd
SA2005,,,,0,0,0,0,1,enbart_nedlagd
SA2006,,,,0,0,0,0,1,enbart_nedlagd
SA2007,,,,0,0,0,0,1,enbart_nedlagd
SA2008,,,,0,0,0,0,1,enbart_nedlagd
SA2009,,,,0,0,1,0,1,blomma_historik_arkiverad
SA2010,,,,0,0,0,0,1,enbart_nedlagd
SA2011,,,,0,0,0,0,1,enbart_nedlagd
SA2012,,,,0,0,0,0,1,enbart_nedlagd
SA2013,,,,0,0,0,0,1,enbart_nedlagd
SA2014,,,,0,0,0,0,1,enbart_nedlagd
SA2015,,,,0,0,0,0,1,enbart_nedlagd
SA2016,,,,0,0,0,0,1,enbart_nedlagd
SA2017,,,,0,0,0,0,1,enbart_nedlagd
SA2018,,,,0,0,0,0,1,enbart_nedlagd
SA2019,,,,0,0,0,0,1,enbart_nedlagd
SA2020,"Vetenskaplig metod, evidens och utvärdering i socialt arbete",IHV,SAA,1,0,1,1,0,triangulerad
SA2021,,,,0,0,0,0,1,enbart_nedlagd
SA3001,,,,0,0,0,0,1,enbart_nedlagd
SA3002,,,,0,0,0,0,1,enbart_nedlagd
SA3003,,,,0,0,0,0,1,enbart_nedlagd
SA3004,,,,0,0,0,0,1,enbart_nedlagd
SA3005,,,,0,0,0,0,1,enbart_nedlagd
SA3006,,,,0,0,0,0,1,enbart_nedlagd
SA3007,,,,0,0,0,0,1,enbart_nedlagd
SA3008,Examensarbete för magisterexamen i socialt arbete,IHV,SAA,1,0,1,1,0,triangulerad
SA3009,,,,0,0,0,0,1,enbart_nedlagd
SA3010,,,,0,0,0,0,1,enbart_nedlagd
SAA001,,,,0,0,0,0,1,enbart_nedlagd
SAA002,,,,0,0,0,0,1,enbart_nedlagd
SAA003,,,,0,0,0,0,1,enbart_nedlagd
SAA004,,,,0,0,0,0,1,enbart_nedlagd
SAA005,,,,0,0,0,0,1,enbart_nedlagd
SAA006,,,,0,0,0,0,1,enbart_nedlagd
SAB001,,,,0,0,0,0,1,enbart_nedlagd
SAB002,,,,0,0,0,0,1,enbart_nedlagd
SAD001,,,,0,0,0,0,1,enbart_nedlagd
SB1001,,,,0,0,0,0,1,enbart_nedlagd
SB1002,,,,0,0,0,0,1,enbart_nedlagd
SB1003,,,,0,0,0,0,1,enbart_nedlagd
SB1004,,,,0,0,0,0,1,enbart_nedlagd
SB1005,,,,0,0,0,0,1,enbart_nedlagd
SB1006,,,,0,0,0,0,1,enbart_nedlagd
SB1007,,,,0,0,0,0,1,enbart_nedlagd
SB1008,,,,0,0,0,0,1,enbart_nedlagd
SB1009,,,,0,0,0,0,1,enbart_nedlagd
SB1010,,,,0,0,0,0,1,enbart_nedlagd
SB1011,,,,0,0,0,0,1,enbart_nedlagd
SB1012,,,,0,0,0,0,1,enbart_nedlagd
SB1013,,,,0,0,0,0,1,enbart_nedlagd
SB1014,,,,0,0,0,0,1,enbart_nedlagd
SB1015,,,,0,0,0,0,1,enbart_nedlagd
SB1016,,,,0,0,0,0,1,enbart_nedlagd
SB1017,,,,0,0,0,0,1,enbart_nedlagd
SB2001,,,,0,0,0,0,1,enbart_nedlagd
SB2002,,,,0,0,0,0,1,enbart_nedlagd
SB2003,,,,0,0,0,0,1,enbart_nedlagd
SB2004,,,,0,0,0,0,1,enbart_nedlagd
SB2005,,,,0,0,0,0,1,enbart_nedlagd
SB2006,,,,0,0,0,0,1,enbart_nedlagd
SB3001,,,,0,0,0,0,1,enbart_nedlagd
SB3002,,,,0,0,0,0,1,enbart_nedlagd
SB3003,,,,0,0,0,0,1,enbart_nedlagd
SB3004,,,,0,0,0,0,1,enbart_nedlagd
SB3005,,,,0,0,0,0,1,enbart_nedlagd
SB3006,,,,0,0,0,0,1,enbart_nedlagd
SB3007,,,,0,0,0,0,1,enbart_nedlagd
SB3008,,,,0,0,0,0,1,enbart_nedlagd
SB3009,,,,0,0,0,0,1,enbart_nedlagd
SB3010,,,,0,0,0,0,1,enbart_nedlagd
SB3011,,,,0,0,0,0,1,enbart_nedlagd
SB3012,,,,0,0,0,0,1,enbart_nedlagd
SBA015,,,,0,0,0,0,1,enbart_nedlagd
SBA022,,,,0,0,0,0,1,enbart_nedlagd
SBA023,,,,0,0,0,0,1,enbart_nedlagd
SBA025,,,,0,0,0,0,1,enbart_nedlagd
SBA027,,,,0,0,0,0,1,enbart_nedlagd
SBA028,,,,0,0,0,0,1,enbart_nedlagd
SBA029,,,,0,0,0,0,1,enbart_nedlagd
SBA030,,,,0,0,0,0,1,enbart_nedlagd
SBA031,,,,0,0,0,0,1,enbart_nedlagd
SBA032,,,,0,0,0,0,1,enbart_nedlagd
SBA033,,,,0,0,0,0,1,enbart_nedlagd
SBA034,,,,0,0,0,0,1,enbart_nedlagd
SBA035,,,,0,0,0,0,1,enbart_nedlagd
SBA036,,,,0,0,0,0,1,enbart_nedlagd
SBA037,,,,0,0,0,0,1,enbart_nedlagd
SBB005,,,,0,0,0,0,1,enbart_nedlagd
SBC002,,,,0,0,0,0,1,enbart_nedlagd
SBC003,,,,0,0,0,0,1,enbart_nedlagd
SBD001,,,,0,0,0,0,1,enbart_nedlagd
SC2001,,,,0,0,0,0,1,enbart_nedlagd
SC2002,,,,0,0,0,0,1,enbart_nedlagd
SC2003,,,,0,0,0,0,1,enbart_nedlagd
SC2004,,,,0,0,0,0,1,enbart_nedlagd
SCA003,,,,0,0,0,0,1,enbart_nedlagd
SCA004,,,,0,0,0,0,1,enbart_nedlagd
SCB004,,,,0,0,0,0,1,enbart_nedlagd
SCC003,,,,0,0,0,0,1,enbart_nedlagd
SH1001,,,,0,0,0,0,1,enbart_nedlagd
SH1002,,,,0,0,0,0,1,enbart_nedlagd
SH1003,,,,0,0,0,0,1,enbart_nedlagd
SH1004,,,,0,0,0,0,1,enbart_nedlagd
SH1005,,,,0,0,0,0,1,enbart_nedlagd
SH1006,,,,0,0,0,0,1,enbart_nedlagd
SH1007,,,,0,0,0,0,1,enbart_nedlagd
SH1008,,,,0,0,0,0,1,enbart_nedlagd
SH1009,,,,0,0,0,0,1,enbart_nedlagd
SH1010,,,,0,0,0,0,1,enbart_nedlagd
SH1011,,,,0,0,0,0,1,enbart_nedlagd
SH1012,,,,0,0,0,0,1,enbart_nedlagd
SH1013,,,,0,0,0,0,1,enbart_nedlagd
SH1014,,,,0,0,0,0,1,enbart_nedlagd
SH1015,,,,0,0,0,0,1,enbart_nedlagd
SH1016,,,,0,0,0,0,1,enbart_nedlagd
SH2001,,,,0,0,0,0,1,enbart_nedlagd
SH2002,,,,0,0,0,0,1,enbart_nedlagd
SH2003,,,,0,0,0,0,1,enbart_nedlagd
SH2004,,,,0,0,0,0,1,enbart_nedlagd
SH2005,,,,0,0,0,0,1,enbart_nedlagd
SH2006,,,,0,0,0,0,1,enbart_nedlagd
SH2007,,,,0,0,0,0,1,enbart_nedlagd
SH2008,,,,0,0,0,0,1,enbart_nedlagd
SH2009,,,,0,0,0,0,1,enbart_nedlagd
SH2010,,,,0,0,0,0,1,enbart_nedlagd
SH3001,,,,0,0,0,0,1,enbart_nedlagd
SH3002,,,,0,0,0,0,1,enbart_nedlagd
SH3003,,,,0,0,0,0,1,enbart_nedlagd
SHA006,,,,0,0,0,0,1,enbart_nedlagd
SHA007,,,,0,0,0,0,1,enbart_nedlagd
SHA008,,,,0,0,0,0,1,enbart_nedlagd
SHA009,,,,0,0,0,0,1,enbart_nedlagd
SHB008,,,,0,0,0,0,1,enbart_nedlagd
SHC009,,,,0,0,0,0,1,enbart_nedlagd
SHD004,,,,0,0,0,0,1,enbart_nedlagd
SHD005,,,,0,0,0,0,1,enbart_nedlagd
SJ1001,,,,0,0,0,0,1,enbart_nedlagd
SJ1002,,,,0,0,0,0,1,enbart_nedlagd
SJ1003,,,,0,0,0,0,1,enbart_nedlagd
SJ2001,,,,0,0,0,0,1,enbart_nedlagd
SJA006,,,,0,0,0,0,1,enbart_nedlagd
SJA007,,,,0,0,0,0,1,enbart_nedlagd
SJA008,,,,0,0,0,0,1,enbart_nedlagd
SJA009,,,,0,0,0,0,1,enbart_nedlagd
SJA010,,,,0,0,0,0,1,enbart_nedlagd
SJA011,,,,0,0,0,0,1,enbart_nedlagd
SJA012,,,,0,0,0,0,1,enbart_nedlagd
SJA013,,,,0,0,0,0,1,enbart_nedlagd
SJC002,,,,0,0,0,0,1,enbart_nedlagd
SK1001,,,,0,0,0,0,1,enbart_nedlagd
SK1002,,,,0,0,0,0,1,enbart_nedlagd
SK1003,,,,0,0,0,0,1,enbart_nedlagd
SK1004,,,,0,0,0,0,1,enbart_nedlagd
SK1005,,,,0,0,0,0,1,enbart_nedlagd
SK1006,,,,0,0,0,0,1,enbart_nedlagd
SK1007,,,,0,0,0,0,1,enbart_nedlagd
SK1008,,,,0,0,0,0,1,enbart_nedlagd
SK1009,,,,0,0,0,0,1,enbart_nedlagd
SK1010,,,,0,0,0,0,1,enbart_nedlagd
SK1011,,,,0,0,0,0,1,enbart_nedlagd
SK1012,,,,0,0,0,0,1,enbart_nedlagd
SK1013,,,,0,0,0,0,1,enbart_nedlagd
SK1014,,,,0,0,0,0,1,enbart_nedlagd
SK1015,,,,0,0,0,0,1,enbart_nedlagd
SK1016,,,,0,0,0,0,1,enbart_nedlagd
SK1017,,,,0,0,0,0,1,enbart_nedlagd
SK1018,Europeiska Unionen: Institutioner och politik,IKS,SKA,1,0,1,1,0,triangulerad
SK1019,,,,0,0,0,0,1,enbart_nedlagd
SK1020,,,,0,0,0,0,1,enbart_nedlagd
SK1021,,,,0,0,0,0,1,enbart_nedlagd
SK1022,,,,0,0,0,0,1,enbart_nedlagd
SK1023,,,,0,0,0,0,1,enbart_nedlagd
SK1024,,,,0,0,0,0,1,enbart_nedlagd
SK1025,,,,0,0,0,0,1,enbart_nedlagd
SK1026,,,,0,0,0,0,1,enbart_nedlagd
SK1027,,,,0,0,0,0,1,enbart_nedlagd
SK1028,,,,0,0,0,0,1,enbart_nedlagd
SK1029,,,,0,0,0,0,1,enbart_nedlagd
SK1030,,,,0,0,0,0,1,enbart_nedlagd
SK1031,,,,0,0,0,0,1,enbart_nedlagd
SK1032,,,,0,0,0,0,1,enbart_nedlagd
SK1033,,,,0,0,0,0,1,enbart_nedlagd
SK1034,,,,0,0,0,0,1,enbart_nedlagd
SK1035,,,,0,0,0,0,1,enbart_nedlagd
SK1036,,,,0,0,0,0,1,enbart_nedlagd
SK1037,,,,0,0,0,0,1,enbart_nedlagd
SK1038,,,,0,0,0,0,1,enbart_nedlagd
SK1039,,,,0,0,0,0,1,enbart_nedlagd
SK1040,,,,0,0,0,0,1,enbart_nedlagd
SK1041,,,,0,0,0,0,1,enbart_nedlagd
SK1042,,,,0,0,0,0,1,enbart_nedlagd
SK1043,,,,0,0,0,0,1,enbart_nedlagd
SK1044,,,,0,0,0,0,1,enbart_nedlagd
SK1045,,,,0,0,0,0,1,enbart_nedlagd
SK1046,,,,0,0,0,0,1,enbart_nedlagd
SK1047,,,,0,0,0,0,1,enbart_nedlagd
SK1048,,,,0,0,0,0,1,enbart_nedlagd
SK1049,,,,0,0,0,0,1,enbart_nedlagd
SK1050,EU som global aktör,IKS,SKA,1,0,1,1,0,triangulerad
SK1051,,,,0,0,0,0,1,enbart_nedlagd
SK1052,,,,0,0,0,0,1,enbart_nedlagd
SK1053,,,,0,0,0,0,1,enbart_nedlagd
SK1054,Internationella relationer: en introduktion,IKS,SKA,1,0,1,1,0,triangulerad
SK1055,Politik i Sverige och EU,IKS,SKA,1,0,1,1,0,triangulerad
SK1056,,,,0,0,0,0,1,enbart_nedlagd
SK1057,,,,0,0,0,0,1,enbart_nedlagd
SK1058,Globalisering - innebörder och konsekvenser,IKS,SKA,1,0,1,1,0,triangulerad
SK1059,,,,0,0,0,0,1,enbart_nedlagd
SK1060,Internationella organisationer,IKS,SKA,1,0,1,1,0,triangulerad
SK1061,,,,0,0,0,0,1,enbart_nedlagd
SK1062,Förvaltning i Sverige och EU,IKS,SKA,1,0,1,1,0,triangulerad
SK1063,,,,0,0,0,0,1,enbart_nedlagd
SK1064,Utrikespolitisk analys,IKS,SKA,1,0,1,1,0,triangulerad
SK1065,Internationell säkerhet,IKS,SKA,1,0,1,1,0,triangulerad
SK1066,,,,0,0,0,0,1,enbart_nedlagd
SK1067,,,,0,0,0,0,1,enbart_nedlagd
SK1068,,,,0,0,0,0,1,enbart_nedlagd
SK2001,,,,0,0,0,0,1,enbart_nedlagd
SK2002,,,,0,0,0,0,1,enbart_nedlagd
SK2003,,,,0,0,0,0,1,enbart_nedlagd
SK2004,,,,0,0,0,0,1,enbart_nedlagd
SK2005,,,,0,0,0,0,1,enbart_nedlagd
SK2006,,,,0,0,0,0,1,enbart_nedlagd
SK2007,,,,0,0,0,0,1,enbart_nedlagd
SK2008,,,,0,0,0,0,1,enbart_nedlagd
SK2009,Utrikespolitisk analys,IKS,SKA,1,0,1,1,0,triangulerad
SK2010,,,,0,0,0,0,1,enbart_nedlagd
SK2011,"Konflikt, interventioner och fred",IKS,SKA,1,0,1,1,0,triangulerad
SK2012,,,,0,0,0,0,1,enbart_nedlagd
SK2013,Övergångar till demokrati och diktatur,IKS,SKA,1,0,1,1,0,triangulerad
SK2014,,,,0,0,0,0,1,enbart_nedlagd
SK2015,Samhällsvetenskapliga metoder II - inriktning statsvetenskap,IKS,SKA,1,0,1,1,0,triangulerad
SK2016,Examensarbete för kandidatexamen i statsvetenskap,IKS,SKA,1,0,1,1,0,triangulerad
SKA017,,,,0,0,0,0,1,enbart_nedlagd
SKA018,,,,0,0,0,0,1,enbart_nedlagd
SKA019,,,,0,0,0,0,1,enbart_nedlagd
SKA020,,,,0,0,0,0,1,enbart_nedlagd
SKA021,,,,0,0,0,0,1,enbart_nedlagd
SKA022,,,,0,0,0,0,1,enbart_nedlagd
SKA023,,,,0,0,0,0,1,enbart_nedlagd
SKA024,,,,0,0,0,0,1,enbart_nedlagd
SKA025,,,,0,0,0,0,1,enbart_nedlagd
SKA026,,,,0,0,0,0,1,enbart_nedlagd
SKA027,,,,0,0,0,0,1,enbart_nedlagd
SKA028,,,,0,0,0,0,1,enbart_nedlagd
SKA029,,,,0,0,0,0,1,enbart_nedlagd
SKA030,,,,0,0,0,0,1,enbart_nedlagd
SKA031,,,,0,0,0,0,1,enbart_nedlagd
SKA032,,,,0,0,0,0,1,enbart_nedlagd
SKA033,,,,0,0,0,0,1,enbart_nedlagd
SKA034,,,,0,0,0,0,1,enbart_nedlagd
SKA035,,,,0,0,0,0,1,enbart_nedlagd
SKA036,,,,0,0,0,0,1,enbart_nedlagd
SKA037,,,,0,0,0,0,1,enbart_nedlagd
SKA038,,,,0,0,0,0,1,enbart_nedlagd
SKA039,,,,0,0,0,0,1,enbart_nedlagd
SKA040,,,,0,0,0,0,1,enbart_nedlagd
SKA041,,,,0,0,0,0,1,enbart_nedlagd
SKB006,,,,0,0,0,0,1,enbart_nedlagd
SKB007,,,,0,0,0,0,1,enbart_nedlagd
SKB011,,,,0,0,0,0,1,enbart_nedlagd
SKC003,,,,0,0,0,0,1,enbart_nedlagd
SKC005,,,,0,0,0,0,1,enbart_nedlagd
SKC006,,,,0,0,0,0,1,enbart_nedlagd
SO1001,,,,0,0,0,0,1,enbart_nedlagd
SO1002,,,,0,0,0,0,1,enbart_nedlagd
SO1003,,,,0,0,0,0,1,enbart_nedlagd
SO1004,,,,0,0,0,0,1,enbart_nedlagd
SO1005,,,,0,0,0,0,1,enbart_nedlagd
SO1006,Avvikande beteende,IKS,SOA,1,0,1,1,0,triangulerad
SO1007,,,,0,0,0,0,1,enbart_nedlagd
SO1008,,,,0,0,0,0,1,enbart_nedlagd
SO1009,,,,0,0,0,0,1,enbart_nedlagd
SO1010,,,,0,0,0,0,1,enbart_nedlagd
SO1011,,,,0,0,0,0,1,enbart_nedlagd
SO1012,,,,0,0,0,0,1,enbart_nedlagd
SO1013,,,,0,0,0,0,1,enbart_nedlagd
SO1014,,,,0,0,0,0,1,enbart_nedlagd
SO1015,,,,0,0,0,0,1,enbart_nedlagd
SO1016,,,,0,0,0,0,1,enbart_nedlagd
SO1017,,,,0,0,0,0,1,enbart_nedlagd
SO1018,,,,0,0,0,0,1,enbart_nedlagd
SO1019,Introduktion till samhällsvetenskap,IKS,SOA,1,0,1,1,0,triangulerad
SO1020,,,,0,0,0,0,1,enbart_nedlagd
SO1021,,,,0,0,0,0,1,enbart_nedlagd
SO1022,,,,0,0,0,0,1,enbart_nedlagd
SO1023,,,,0,0,0,0,1,enbart_nedlagd
SO1024,,,,0,0,0,0,1,enbart_nedlagd
SO1025,,,,0,0,0,0,1,enbart_nedlagd
SO1026,,,,0,0,0,0,1,enbart_nedlagd
SO1027,Identitet och interaktion. En introduktion till sociologisk socialpsykologi,IKS,SOA,1,0,1,1,0,triangulerad
SO1028,,,,0,0,0,0,1,enbart_nedlagd
SO1029,,,,0,0,0,0,1,enbart_nedlagd
SO1030,Socialpsykologi,IKS,SOA,1,0,1,1,0,triangulerad
SO1031,,,,0,0,0,0,1,enbart_nedlagd
SO1032,,,,0,0,0,0,1,enbart_nedlagd
SO1033,Svensk välfärdspolitik i internationell belysning,IKS,SOA,1,0,1,1,0,triangulerad
SO1034,Klassisk sociologisk teori,IKS,SOA,1,0,1,1,0,triangulerad
SO1035,,,,0,0,0,0,1,enbart_nedlagd
SO1036,,,,0,0,0,0,1,enbart_nedlagd
SO1037,Välfärdsstaten i sociologisk belysning,IKS,SOA,1,0,1,1,0,triangulerad
SO1038,,,,0,0,0,0,1,enbart_nedlagd
SO1039,,,,0,0,0,0,1,enbart_nedlagd
SO1040,,,,0,0,0,0,1,enbart_nedlagd
SO1041,,,,0,0,0,0,1,enbart_nedlagd
SO1042,,,,0,0,0,0,1,enbart_nedlagd
SO1043,,,,0,0,0,0,1,enbart_nedlagd
SO1044,Sociologiska perspektiv på socialt arbete,IKS,SOA,1,0,1,1,0,triangulerad
SO1045,,,,0,0,0,0,1,enbart_nedlagd
SO1046,,,,0,0,0,0,1,enbart_nedlagd
SO1047,Gruppdynamik och organisation,IKS,SOA,1,0,1,1,0,triangulerad
SO2001,,,,0,0,0,0,1,enbart_nedlagd
SO2002,,,,0,0,0,0,1,enbart_nedlagd
SO2003,,,,0,0,0,0,1,enbart_nedlagd
SO2004,,,,0,0,0,0,1,enbart_nedlagd
SO2005,,,,0,0,0,0,1,enbart_nedlagd
SO2006,,,,0,0,0,0,1,enbart_nedlagd
SO2007,,,,0,0,0,0,1,enbart_nedlagd
SO2008,,,,0,0,0,0,1,enbart_nedlagd
SO2009,,,,0,0,0,0,1,enbart_nedlagd
SO3001,,,,0,0,0,0,1,enbart_nedlagd
SO3002,,,,0,0,0,0,1,enbart_nedlagd
SO3003,,,,0,0,1,0,1,blomma_historik_arkiverad
SO3004,,,,0,0,1,0,1,blomma_historik_arkiverad
SO3005,,,,0,0,1,0,1,blomma_historik_arkiverad
SO3006,,,,0,0,1,0,1,blomma_historik_arkiverad
SO3007,,,,0,0,1,0,1,blomma_historik_arkiverad
SO3008,,,,0,0,1,0,1,blomma_historik_arkiverad
SO3009,,,,0,0,1,0,1,blomma_historik_arkiverad
SO3010,,,,0,0,1,0,1,blomma_historik_arkiverad
SO3012,,,,0,0,1,0,1,blomma_historik_arkiverad
SO3013,,,,0,0,1,0,1,blomma_historik_arkiverad
SOA020,,,,0,0,0,0,1,enbart_nedlagd
SOA023,,,,0,0,0,0,1,enbart_nedlagd
SOA025,,,,0,0,0,0,1,enbart_nedlagd
SOA026,,,,0,0,0,0,1,enbart_nedlagd
SOA027,,,,0,0,0,0,1,enbart_nedlagd
SOA031,,,,0,0,0,0,1,enbart_nedlagd
SOA036,,,,0,0,0,0,1,enbart_nedlagd
SOA037,,,,0,0,0,0,1,enbart_nedlagd
SOA038,,,,0,0,0,0,1,enbart_nedlagd
SOA039,,,,0,0,0,0,1,enbart_nedlagd
SOA040,,,,0,0,0,0,1,enbart_nedlagd
SOA041,,,,0,0,0,0,1,enbart_nedlagd
SOA042,,,,0,0,0,0,1,enbart_nedlagd
SOB001,,,,0,0,0,0,1,enbart_nedlagd
SOB009,,,,0,0,0,0,1,enbart_nedlagd
SOB010,,,,0,0,0,0,1,enbart_nedlagd
SOB012,,,,0,0,0,0,1,enbart_nedlagd
SOB013,,,,0,0,0,0,1,enbart_nedlagd
SOB014,,,,0,0,0,0,1,enbart_nedlagd
SOB015,,,,0,0,0,0,1,enbart_nedlagd
SOB016,,,,0,0,0,0,1,enbart_nedlagd
SOB017,,,,0,0,0,0,1,enbart_nedlagd
SOB018,,,,0,0,0,0,1,enbart_nedlagd
SOB019,,,,0,0,0,0,1,enbart_nedlagd
SOB020,,,,0,0,0,0,1,enbart_nedlagd
SOB021,,,,0,0,0,0,1,enbart_nedlagd
SOC008,,,,0,0,0,0,1,enbart_nedlagd
SOC009,,,,0,0,0,0,1,enbart_nedlagd
SOD003,,,,0,0,0,0,1,enbart_nedlagd
SOD006,,,,0,0,0,0,1,enbart_nedlagd
SP0001,,,,0,0,0,0,1,enbart_nedlagd
SP1001,,,,0,0,0,0,1,enbart_nedlagd
SP1002,,,,0,0,0,0,1,enbart_nedlagd
SP1003,,,,0,0,0,0,1,enbart_nedlagd
SP1004,,,,0,0,0,0,1,enbart_nedlagd
SP1005,,,,0,0,0,0,1,enbart_nedlagd
SP1006,,,,0,0,0,0,1,enbart_nedlagd
SP1007,,,,0,0,0,0,1,enbart_nedlagd
SP1008,,,,0,0,0,0,1,enbart_nedlagd
SP1009,,,,0,0,0,0,1,enbart_nedlagd
SP1010,,,,0,0,0,0,1,enbart_nedlagd
SP1011,,,,0,0,0,0,1,enbart_nedlagd
SP1012,,,,0,0,0,0,1,enbart_nedlagd
SP1013,,,,0,0,0,0,1,enbart_nedlagd
SP1014,,,,0,0,0,0,1,enbart_nedlagd
SP1015,,,,0,0,0,0,1,enbart_nedlagd
SP1016,,,,0,0,0,0,1,enbart_nedlagd
SP1017,,,,0,0,0,0,1,enbart_nedlagd
SP1018,,,,0,0,0,0,1,enbart_nedlagd
SP1019,,,,0,0,0,0,1,enbart_nedlagd
SP1020,,,,0,0,0,0,1,enbart_nedlagd
SP1021,,,,0,0,0,0,1,enbart_nedlagd
SP1022,,,,0,0,0,0,1,enbart_nedlagd
SP1023,,,,0,0,0,0,1,enbart_nedlagd
SP1024,,,,0,0,0,0,1,enbart_nedlagd
SP1025,,,,0,0,0,0,1,enbart_nedlagd
SP1026,,,,0,0,0,0,1,enbart_nedlagd
SP1027,,,,0,0,0,0,1,enbart_nedlagd
SP1028,,,,0,0,0,0,1,enbart_nedlagd
SP1029,,,,0,0,0,0,1,enbart_nedlagd
SP1031,,,,0,0,0,0,1,enbart_nedlagd
SP1032,,,,0,0,0,0,1,enbart_nedlagd
SP1033,,,,0,0,0,0,1,enbart_nedlagd
SP1034,,,,0,0,0,0,1,enbart_nedlagd
SP1035,,,,0,0,0,0,1,enbart_nedlagd
SP1036,,,,0,0,0,0,1,enbart_nedlagd
SP1037,,,,0,0,0,0,1,enbart_nedlagd
SP1038,,,,0,0,0,0,1,enbart_nedlagd
SP1039,,,,0,0,0,0,1,enbart_nedlagd
SP1040,,,,0,0,0,0,1,enbart_nedlagd
SP1041,,,,0,0,0,0,1,enbart_nedlagd
SP1042,,,,0,0,0,0,1,enbart_nedlagd
SP1043,,,,0,0,0,0,1,enbart_nedlagd
SP1044,,,,0,0,0,0,1,enbart_nedlagd
SP1045,,,,0,0,0,0,1,enbart_nedlagd
SP1046,,,,0,0,0,0,1,enbart_nedlagd
SP1047,,,,0,0,0,0,1,enbart_nedlagd
SP1048,,,,0,0,0,0,1,enbart_nedlagd
SP1049,,,,0,0,0,0,1,enbart_nedlagd
SP1050,Spanska II: Skriftlig språkfärdighet och grammatik,ISLL,SPA,1,0,1,1,0,triangulerad
SP1051,Spanska II: Språklig variation i den spansktalande världen,ISLL,SPA,1,0,1,1,0,triangulerad
SP1052,"Spanska II: Från inbördeskriget till nutiden: Litteratur, film och samhälle i Spanien",ISLL,SPA,1,0,1,1,0,triangulerad
SP1053,"Spanska II: Från 1900 till nutiden: Litteratur, film och samhälle i Latinamerika",ISLL,SPA,1,0,1,1,0,triangulerad
SP1054,,,,0,0,0,0,1,enbart_nedlagd
SP2001,,,,0,0,0,0,1,enbart_nedlagd
SP2002,,,,0,0,0,0,1,enbart_nedlagd
SP2003,,,,0,0,0,0,1,enbart_nedlagd
SP2004,,,,0,0,0,0,1,enbart_nedlagd
SP2005,,,,0,0,0,0,1,enbart_nedlagd
SP2006,,,,0,0,0,0,1,enbart_nedlagd
SP2007,,,,0,0,0,0,1,enbart_nedlagd
SP2008,,,,0,0,0,0,1,enbart_nedlagd
SP2009,,,,0,0,0,0,1,enbart_nedlagd
SP2010,,,,0,0,0,0,1,enbart_nedlagd
SP2011,,,,0,0,0,0,1,enbart_nedlagd
SP2012,,,,0,0,0,0,1,enbart_nedlagd
SP2013,,,,0,0,0,0,1,enbart_nedlagd
SP2014,,,,0,0,0,0,1,enbart_nedlagd
SP2015,,,,0,0,0,0,1,enbart_nedlagd
SP2016,,,,0,0,0,0,1,enbart_nedlagd
SP2017,,,,0,0,0,0,1,enbart_nedlagd
SP2018,,,,0,0,0,0,1,enbart_nedlagd
SP2019,,,,0,0,0,0,1,enbart_nedlagd
SP2020,,,,0,0,0,0,1,enbart_nedlagd
SP2021,Spanska III Litteraturvetenskaplig inriktning: Kandidatexamensarbete,ISLL,SPA,1,0,1,1,0,triangulerad
SP2022,Spanska III Litteraturvetenskaplig inriktning: 1900-talets litteratur i Spanien och Spanskamerika,ISLL,SPA,1,0,1,1,0,triangulerad
SP2023,"Spanska III Litteraturvetenskaplig inriktning: Spansk litteratur, från guldåldern till realismen",ISLL,SPA,1,0,1,1,0,triangulerad
SP2024,"Spanska III Lingvistisk inriktning: Människan, språket och samhället. Spansk sociolingvistik",ISLL,SPA,1,0,1,1,0,triangulerad
SP3001,,,,0,0,0,0,1,enbart_nedlagd
SP3002,,,,0,0,0,0,1,enbart_nedlagd
SP3003,,,,0,0,0,0,1,enbart_nedlagd
SPA002,,,,0,0,0,0,1,enbart_nedlagd
SPA004,,,,0,0,0,0,1,enbart_nedlagd
SPA005,,,,0,0,0,0,1,enbart_nedlagd
SPA006,,,,0,0,0,0,1,enbart_nedlagd
SPA011,,,,0,0,0,0,1,enbart_nedlagd
SPA013,,,,0,0,0,0,1,enbart_nedlagd
SPA014,,,,0,0,0,0,1,enbart_nedlagd
SPA015,,,,0,0,0,0,1,enbart_nedlagd
SPA016,,,,0,0,0,0,1,enbart_nedlagd
SPA017,,,,0,0,0,0,1,enbart_nedlagd
SPA018,,,,0,0,0,0,1,enbart_nedlagd
SPB001,,,,0,0,0,0,1,enbart_nedlagd
SPB002,,,,0,0,0,0,1,enbart_nedlagd
SPB005,,,,0,0,0,0,1,enbart_nedlagd
SPB006,,,,0,0,0,0,1,enbart_nedlagd
SPB007,,,,0,0,0,0,1,enbart_nedlagd
SPB008,,,,0,0,0,0,1,enbart_nedlagd
SPB009,,,,0,0,0,0,1,enbart_nedlagd
SPB010,,,,0,0,0,0,1,enbart_nedlagd
SPB011,,,,0,0,0,0,1,enbart_nedlagd
SPC001,,,,0,0,0,0,1,enbart_nedlagd
SPC002,,,,0,0,0,0,1,enbart_nedlagd
SPX001,,,,0,0,0,0,1,enbart_nedlagd
SPX004,,,,0,0,0,0,1,enbart_nedlagd
SQ1001,,,,0,0,0,0,1,enbart_nedlagd
SQ1002,,,,0,0,0,0,1,enbart_nedlagd
SQ1003,Vetenskapligt metod,IIT,SQQ,1,0,1,1,0,triangulerad
SQ2001,,,,0,0,0,0,1,enbart_nedlagd
SR3001,Mödra- och barnhälsovård - evidens i praktiken,IHV,SRP,1,0,1,1,0,triangulerad
SR3002,Evidensbaserad praktik och forskning,IHV,SRP,1,0,1,1,0,triangulerad
SR3003,"Sexuell, reproduktiv hälsa och rättigheter med fokus på genus",IHV,SRP,1,0,1,1,0,triangulerad
SR3004,Undervisning och lärande för barnmorskeutbildare,IHV,SRP,1,0,1,1,0,triangulerad
SR3005,Organisation och ledarskap inom barnmorskans yrkes- och ansvarsområde,IHV,SRP,1,0,1,1,0,triangulerad
SR3006,Forskningsmetodik för utveckling av projektplan,IHV,SRP,1,0,1,1,0,triangulerad
SR3007,"Examensarbete för magisterexamen i sexuell, reproduktiv och perinatal hälsa",IHV,SRP,1,0,1,1,0,triangulerad
SR3008,"Profession, teori och metod",IHV,SRP,1,0,1,1,0,triangulerad
SR3009,Sexuell och reproduktiv hälsa,IHV,SRP,1,0,1,1,0,triangulerad
SR3010,"Graviditet, förlossning och postpartumvård",IHV,SRP,1,0,1,1,0,triangulerad
SR3011,"Förlossningsvård I, verksamhetsförlagd utbildning",IHV,SRP,1,0,1,1,0,triangulerad
SR3012,"Gynekologisk vård och postpartumvård, verksamhetsförlagd utbildning",IHV,SRP,1,0,1,1,0,triangulerad
SR3013,"Examensarbete i sexuell, reproduktiv och perinatal hälsa",IHV,SRP,1,0,1,1,0,triangulerad
SR3014,"Förlossningsvård II, verksamhetsförlagd utbildning",IHV,SRP,1,0,1,1,0,triangulerad
SR3015,"Mödrahälsovård och folkhälsa, verksamhetsförlagd utbildning",IHV,SRP,1,0,1,1,0,triangulerad
SR3016,,,,0,0,0,0,1,enbart_nedlagd
SS0001,,,,0,0,0,0,1,enbart_nedlagd
SS0002,,,,0,0,0,0,1,enbart_nedlagd
SS0003,,,,0,0,0,0,1,enbart_nedlagd
SS0004,,,,0,0,0,0,1,enbart_nedlagd
SS0005,,,,0,0,0,0,1,enbart_nedlagd
SS0006,,,,0,0,0,0,1,enbart_nedlagd
SS0007,,,,0,0,0,0,1,enbart_nedlagd
SS0008,,,,0,0,0,0,1,enbart_nedlagd
SS0009,,,,0,0,0,0,1,enbart_nedlagd
SS0010,,,,0,0,0,0,1,enbart_nedlagd
SS0011,,,,0,0,0,0,1,enbart_nedlagd
SS0012,,,,0,0,0,0,1,enbart_nedlagd
SS1001,,,,0,0,0,0,1,enbart_nedlagd
SS1002,,,,0,0,0,0,1,enbart_nedlagd
SS1003,,,,0,0,0,0,1,enbart_nedlagd
SS1004,,,,0,0,0,0,1,enbart_nedlagd
SS1005,,,,0,0,0,0,1,enbart_nedlagd
SS1006,,,,0,0,0,0,1,enbart_nedlagd
SS1007,,,,0,0,0,0,1,enbart_nedlagd
SS1008,,,,0,0,0,0,1,enbart_nedlagd
SS1009,,,,0,0,0,0,1,enbart_nedlagd
SS1010,,,,0,0,0,0,1,enbart_nedlagd
SS1011,,,,0,0,0,0,1,enbart_nedlagd
SS1012,,,,0,0,1,0,1,blomma_historik_arkiverad
SS1013,,,,0,0,1,0,1,blomma_historik_arkiverad
SS1014,,,,0,0,1,0,1,blomma_historik_arkiverad
SS1015,,,,0,0,1,0,1,blomma_historik_arkiverad
SS1016,,,,0,0,1,0,1,blomma_historik_arkiverad
SS1017,,,,0,0,0,0,1,enbart_nedlagd
SS1018,,,,0,0,1,0,1,blomma_historik_arkiverad
SS1019,,,,0,0,0,0,1,enbart_nedlagd
SS1020,,,,0,0,1,0,1,blomma_historik_arkiverad
SS1021,,,,0,0,1,0,1,blomma_historik_arkiverad
SS1022,,,,0,0,1,0,1,blomma_historik_arkiverad
SS1023,,,,0,0,1,0,1,blomma_historik_arkiverad
SS1024,,,,0,0,1,0,1,blomma_historik_arkiverad
SS1025,,,,0,0,1,0,1,blomma_historik_arkiverad
SS1026,,,,0,0,1,0,1,blomma_historik_arkiverad
SS1027,,,,0,0,1,0,1,blomma_historik_arkiverad
SS1028,,,,0,0,1,0,1,blomma_historik_arkiverad
SS1029,,,,0,0,1,0,1,blomma_historik_arkiverad
SS1030,,,,0,0,1,0,1,blomma_historik_arkiverad
SS1031,,,,0,0,1,0,1,blomma_historik_arkiverad
SS1032,,,,0,0,1,0,1,blomma_historik_arkiverad
SS1033,,,,0,0,1,0,1,blomma_historik_arkiverad
SS1034,,,,0,0,1,0,1,blomma_historik_arkiverad
SS1035,,,,0,0,1,0,1,blomma_historik_arkiverad
SS1036,,,,0,0,1,0,1,blomma_historik_arkiverad
SS1037,,,,0,0,1,0,1,blomma_historik_arkiverad
SS1038,,,,0,0,1,0,1,blomma_historik_arkiverad
SS1039,,,,0,0,1,0,1,blomma_historik_arkiverad
SS1040,,,,0,0,1,0,1,blomma_historik_arkiverad
SS1041,,,,0,0,1,0,1,blomma_historik_arkiverad
SS1042,,,,0,0,1,0,1,blomma_historik_arkiverad
SS1043,,,,0,0,1,0,1,blomma_historik_arkiverad
SS1044,,,,0,0,0,0,1,enbart_nedlagd
SS1045,,,,0,0,1,0,1,blomma_historik_arkiverad
SS1046,,,,0,0,1,0,1,blomma_historik_arkiverad
SS1047,,,,0,0,0,0,1,enbart_nedlagd
SS1048,,,,0,0,1,0,1,blomma_historik_arkiverad
SS1049,,,,0,0,1,0,1,blomma_historik_arkiverad
SS1050,,,,0,0,0,0,1,enbart_nedlagd
SS1051,,,,0,0,1,0,1,blomma_historik_arkiverad
SS1052,,,,0,0,1,0,1,blomma_historik_arkiverad
SS1053,,,,0,0,0,0,1,enbart_nedlagd
SS1054,,,,0,0,0,0,1,enbart_nedlagd
SS1055,,,,0,0,0,0,1,enbart_nedlagd
SS1056,,,,0,0,0,0,1,enbart_nedlagd
SS1057,,,,0,0,0,0,1,enbart_nedlagd
SS1058,,,,0,0,0,0,1,enbart_nedlagd
SS1059,,,,0,0,0,0,1,enbart_nedlagd
SS1060,,,,0,0,0,0,1,enbart_nedlagd
SS1061,,,,0,0,0,0,1,enbart_nedlagd
SS1062,,,,0,0,0,0,1,enbart_nedlagd
SS1063,,,,0,0,0,0,1,enbart_nedlagd
SS1064,,,,0,0,1,0,1,blomma_historik_arkiverad
SS1065,,,,0,0,1,0,1,blomma_historik_arkiverad
SS1066,,,,0,0,1,0,1,blomma_historik_arkiverad
SS1067,,,,0,0,1,0,1,blomma_historik_arkiverad
SS1068,,,,0,0,1,0,1,blomma_historik_arkiverad
SS1069,,,,0,0,0,0,1,enbart_nedlagd
SS1070,,,,0,0,1,0,1,blomma_historik_arkiverad
SS1071,,,,0,0,1,0,1,blomma_historik_arkiverad
SS1072,,,,0,0,1,0,1,blomma_historik_arkiverad
SS1073,,,,0,0,1,0,1,blomma_historik_arkiverad
SS1074,,,,0,0,1,0,1,blomma_historik_arkiverad
SS1075,,,,0,0,1,0,1,blomma_historik_arkiverad
SS1076,,,,0,0,1,0,1,blomma_historik_arkiverad
SS1077,,,,0,0,1,0,1,blomma_historik_arkiverad
SS1078,,,,0,0,0,0,1,enbart_nedlagd
SS1079,,,,0,0,1,0,1,blomma_historik_arkiverad
SS1080,,,,0,0,1,0,1,blomma_historik_arkiverad
SS1081,,,,0,0,1,0,1,blomma_historik_arkiverad
SS1082,,,,0,0,1,0,1,blomma_historik_arkiverad
SS1083,,,,0,0,1,0,1,blomma_historik_arkiverad
SS1084,,,,0,0,0,0,1,enbart_nedlagd
SS1085,"Svenska som andraspråk för lärare åk 7-9, 45 hp (1-45). Ingår i Lärarlyftet II",ISLL,SSA,1,0,1,1,0,triangulerad
SS1086,,,,0,0,1,0,1,blomma_historik_arkiverad
SS1087,,,,0,0,1,0,1,blomma_historik_arkiverad
SS1088,,,,0,0,0,0,1,enbart_nedlagd
SS1089,,,,0,0,0,0,1,enbart_nedlagd
SS1090,,,,0,0,0,0,1,enbart_nedlagd
SS1091,,,,0,0,0,0,1,enbart_nedlagd
SS1092,,,,0,0,0,0,1,enbart_nedlagd
SS1093,,,,0,0,0,0,1,enbart_nedlagd
SS1094,,,,0,0,0,0,1,enbart_nedlagd
SS1095,,,,0,0,0,0,1,enbart_nedlagd
SS1096,,,,0,0,0,0,1,enbart_nedlagd
SS1097,,,,0,0,0,0,1,enbart_nedlagd
SS1098,,,,0,0,0,0,1,enbart_nedlagd
SS2001,,,,0,0,0,0,1,enbart_nedlagd
SS2002,,,,0,0,0,0,1,enbart_nedlagd
SS2003,,,,0,0,1,0,1,blomma_historik_arkiverad
SS2004,,,,0,0,0,0,1,enbart_nedlagd
SS2005,,,,0,0,1,0,1,blomma_historik_arkiverad
SS2006,,,,0,0,1,0,1,blomma_historik_arkiverad
SS2007,Svenska som andraspråk III -  examensarbete för kandidatexamen,ISLL,SSA,1,0,1,1,0,triangulerad
SS2008,,,,0,0,0,0,1,enbart_nedlagd
SS2009,Svenska som andraspråk III - Andraspråksforskning,ISLL,SSA,1,0,1,1,0,triangulerad
SS2010,,,,0,0,1,0,1,blomma_historik_arkiverad
SS2011,,,,0,0,1,0,1,blomma_historik_arkiverad
SS2012,,,,0,0,0,0,1,enbart_nedlagd
SS2013,,,,0,0,0,0,1,enbart_nedlagd
SS2014,,,,0,0,0,0,1,enbart_nedlagd
SS2015,,,,0,0,0,0,1,enbart_nedlagd
SS3001,,,,0,0,0,0,1,enbart_nedlagd
SS3002,Flerspråkighet som fenomen och företeelse - vetenskapsteoretiska förklaringsmodeller och metodologiska perspektiv,ISLL,SSA,1,0,1,1,0,triangulerad
SS3003,Svenska som andraspråk i ett utvecklingsperspektiv - förklaringsmodeller och metodologiska perspektiv,ISLL,SSA,1,0,1,1,0,triangulerad
SS3004,Svenska som andraspråk i ett tvärspråkligt perspektiv,ISLL,SSA,1,0,1,1,0,triangulerad
SS3005,,,,0,0,0,0,1,enbart_nedlagd
SS3006,"Flerspråkighet, identitet och kulturmöten i sociala sammanhang",ISLL,SSA,1,0,1,1,0,triangulerad
SS3007,"Flerspråkighet, interaktion och identitetsskapande i klassrum",ISLL,SSA,1,0,1,1,0,triangulerad
SS3008,Flerspråkiga röster i svensk skönlitteratur,ISLL,SSA,1,0,1,1,0,triangulerad
SS3009,Litteracitet och flerspråkighet,ISLL,SSA,1,0,1,1,0,triangulerad
SS3010,Svensk fonologi i ett andraspråksperspektiv,ISLL,SSA,1,0,1,1,0,triangulerad
SS3011,Svenska som andraspråk: Examensarbete för magisterexamen,ISLL,SSA,1,0,1,1,0,triangulerad
SS3012,,,,0,0,0,0,1,enbart_nedlagd
SS3013,,,,0,0,0,0,1,enbart_nedlagd
SS3014,Flerspråkighet i ett samhällsperspektiv,ISLL,SSA,1,0,1,1,0,triangulerad
SSA001,,,,0,0,0,0,1,enbart_nedlagd
SSA002,,,,0,0,0,0,1,enbart_nedlagd
SSA003,,,,0,0,0,0,1,enbart_nedlagd
SSA004,,,,0,0,0,0,1,enbart_nedlagd
SSA005,,,,0,0,0,0,1,enbart_nedlagd
SSA006,,,,0,0,0,0,1,enbart_nedlagd
SSA007,,,,0,0,0,0,1,enbart_nedlagd
SSA008,,,,0,0,0,0,1,enbart_nedlagd
SSA009,,,,0,0,0,0,1,enbart_nedlagd
SSA010,,,,0,0,0,0,1,enbart_nedlagd
SSA011,,,,0,0,0,0,1,enbart_nedlagd
SSB001,,,,0,0,0,0,1,enbart_nedlagd
SSB002,,,,0,0,0,0,1,enbart_nedlagd
SSB003,,,,0,0,0,0,1,enbart_nedlagd
SSB004,,,,0,0,0,0,1,enbart_nedlagd
SSB005,,,,0,0,0,0,1,enbart_nedlagd
SSC002,,,,0,0,0,0,1,enbart_nedlagd
SSC003,,,,0,0,0,0,1,enbart_nedlagd
SSD001,,,,0,0,0,0,1,enbart_nedlagd
SSX001,,,,0,0,0,0,1,enbart_nedlagd
SSX002,,,,0,0,0,0,1,enbart_nedlagd
SSX003,,,,0,0,0,0,1,enbart_nedlagd
SSX004,,,,0,0,0,0,1,enbart_nedlagd
ST1001,,,,0,0,1,0,1,blomma_historik_arkiverad
ST1002,,,,0,0,0,0,1,enbart_nedlagd
ST1003,,,,0,0,1,0,1,blomma_historik_arkiverad
ST1004,,,,0,0,1,0,1,blomma_historik_arkiverad
ST1005,,,,0,0,1,0,1,blomma_historik_arkiverad
ST1006,,,,0,0,1,0,1,blomma_historik_arkiverad
ST1007,,,,0,0,1,0,1,blomma_historik_arkiverad
ST1008,,,,0,0,1,0,1,blomma_historik_arkiverad
ST1009,,,,0,0,1,0,1,blomma_historik_arkiverad
ST1010,,,,0,0,0,0,1,enbart_nedlagd
ST1011,,,,0,0,1,0,1,blomma_historik_arkiverad
ST1012,,,,0,0,0,0,1,enbart_nedlagd
ST1013,Dataanalys och statistik I,IIT,STA,1,0,1,1,0,triangulerad
ST1014,,,,0,0,0,0,1,enbart_nedlagd
ST1015,,,,0,0,0,0,1,enbart_nedlagd
ST1016,,,,0,0,0,0,1,enbart_nedlagd
ST1017,,,,0,0,0,0,1,enbart_nedlagd
ST1018,,,,0,0,0,0,1,enbart_nedlagd
ST1019,,,,0,0,0,0,1,enbart_nedlagd
ST1020,,,,0,0,0,0,1,enbart_nedlagd
ST1021,,,,0,0,0,0,1,enbart_nedlagd
ST1022,,,,0,0,0,0,1,enbart_nedlagd
ST1023,,,,0,0,0,0,1,enbart_nedlagd
ST1024,,,,0,0,0,0,1,enbart_nedlagd
ST1025,,,,0,0,0,0,1,enbart_nedlagd
ST1026,,,,0,0,0,0,1,enbart_nedlagd
ST1027,,,,0,0,0,0,1,enbart_nedlagd
ST1028,,,,0,0,0,0,1,enbart_nedlagd
ST1029,,,,0,0,0,0,1,enbart_nedlagd
ST1030,,,,0,0,0,0,1,enbart_nedlagd
ST2001,,,,0,0,1,0,1,blomma_historik_arkiverad
ST2002,,,,0,0,0,0,1,enbart_nedlagd
ST2003,,,,0,0,1,0,1,blomma_historik_arkiverad
ST2004,,,,0,0,0,0,1,enbart_nedlagd
ST3001,,,,0,0,1,0,1,blomma_historik_arkiverad
ST3002,,,,0,0,1,0,1,blomma_historik_arkiverad
ST3003,,,,0,0,0,0,1,enbart_nedlagd
ST3004,,,,0,0,0,0,1,enbart_nedlagd
ST3005,,,,0,0,0,0,1,enbart_nedlagd
ST3006,,,,0,0,0,0,1,enbart_nedlagd
ST3007,,,,0,0,0,0,1,enbart_nedlagd
ST3008,,,,0,0,1,0,1,blomma_historik_arkiverad
ST3009,,,,0,0,0,0,1,enbart_nedlagd
ST3010,,,,0,0,0,0,1,enbart_nedlagd
ST3011,,,,0,0,0,0,1,enbart_nedlagd
ST3012,,,,0,0,0,0,1,enbart_nedlagd
ST3013,,,,0,0,0,0,1,enbart_nedlagd
STA008,,,,0,0,0,0,1,enbart_nedlagd
STA009,,,,0,0,0,0,1,enbart_nedlagd
STA010,,,,0,0,0,0,1,enbart_nedlagd
STA011,,,,0,0,0,0,1,enbart_nedlagd
STB001,,,,0,0,0,0,1,enbart_nedlagd
STB002,,,,0,0,0,0,1,enbart_nedlagd
STB003,,,,0,0,0,0,1,enbart_nedlagd
STB004,,,,0,0,0,0,1,enbart_nedlagd
STC001,,,,0,0,0,0,1,enbart_nedlagd
STC002,,,,0,0,0,0,1,enbart_nedlagd
STC003,,,,0,0,0,0,1,enbart_nedlagd
STD001,,,,0,0,0,0,1,enbart_nedlagd
STD003,,,,0,0,0,0,1,enbart_nedlagd
STD004,,,,0,0,0,0,1,enbart_nedlagd
STD005,,,,0,0,0,0,1,enbart_nedlagd
STD006,,,,0,0,0,0,1,enbart_nedlagd
STD007,,,,0,0,0,0,1,enbart_nedlagd
STD008,,,,0,0,0,0,1,enbart_nedlagd
STD009,,,,0,0,0,0,1,enbart_nedlagd
STD010,,,,0,0,0,0,1,enbart_nedlagd
STD011,,,,0,0,0,0,1,enbart_nedlagd
SV1001,,,,0,0,0,0,1,enbart_nedlagd
SV1002,,,,0,0,0,0,1,enbart_nedlagd
SV1003,,,,0,0,0,0,1,enbart_nedlagd
SV1004,,,,0,0,0,0,1,enbart_nedlagd
SV1005,,,,0,0,0,0,1,enbart_nedlagd
SV1006,,,,0,0,0,0,1,enbart_nedlagd
SV1007,,,,0,0,0,0,1,enbart_nedlagd
SV1008,,,,0,0,0,0,1,enbart_nedlagd
SV1009,,,,0,0,0,0,1,enbart_nedlagd
SV1010,,,,0,0,0,0,1,enbart_nedlagd
SV1011,,,,0,0,0,0,1,enbart_nedlagd
SV1012,,,,0,0,0,0,1,enbart_nedlagd
SV1013,,,,0,0,0,0,1,enbart_nedlagd
SV1014,,,,0,0,0,0,1,enbart_nedlagd
SV1015,,,,0,0,0,0,1,enbart_nedlagd
SV1016,,,,0,0,0,0,1,enbart_nedlagd
SV1017,,,,0,0,0,0,1,enbart_nedlagd
SV1018,,,,0,0,0,0,1,enbart_nedlagd
SV1019,,,,0,0,0,0,1,enbart_nedlagd
SV1020,,,,0,0,0,0,1,enbart_nedlagd
SV1021,,,,0,0,0,0,1,enbart_nedlagd
SV1022,,,,0,0,0,0,1,enbart_nedlagd
SV1023,,,,0,0,0,0,1,enbart_nedlagd
SV1024,,,,0,0,0,0,1,enbart_nedlagd
SV1025,,,,0,0,0,0,1,enbart_nedlagd
SV1026,,,,0,0,0,0,1,enbart_nedlagd
SV1027,,,,0,0,0,0,1,enbart_nedlagd
SV1028,,,,0,0,0,0,1,enbart_nedlagd
SV1029,,,,0,0,0,0,1,enbart_nedlagd
SV1030,,,,0,0,0,0,1,enbart_nedlagd
SV1031,,,,0,0,0,0,1,enbart_nedlagd
SV1032,,,,0,0,0,0,1,enbart_nedlagd
SV1033,,,,0,0,0,0,1,enbart_nedlagd
SV1034,,,,0,0,0,0,1,enbart_nedlagd
SV1035,,,,0,0,0,0,1,enbart_nedlagd
SV1036,,,,0,0,0,0,1,enbart_nedlagd
SV1037,,,,0,0,0,0,1,enbart_nedlagd
SV1038,,,,0,0,0,0,1,enbart_nedlagd
SV1039,,,,0,0,0,0,1,enbart_nedlagd
SV1040,,,,0,0,0,0,1,enbart_nedlagd
SV1041,,,,0,0,0,0,1,enbart_nedlagd
SV1042,,,,0,0,0,0,1,enbart_nedlagd
SV1043,,,,0,0,0,0,1,enbart_nedlagd
SV1044,,,,0,0,0,0,1,enbart_nedlagd
SV1045,,,,0,0,0,0,1,enbart_nedlagd
SV2001,,,,0,0,0,0,1,enbart_nedlagd
SV2002,,,,0,0,0,0,1,enbart_nedlagd
SV2003,,,,0,0,0,0,1,enbart_nedlagd
SV2004,,,,0,0,0,0,1,enbart_nedlagd
SV2005,,,,0,0,0,0,1,enbart_nedlagd
SV2006,,,,0,0,0,0,1,enbart_nedlagd
SV2007,,,,0,0,0,0,1,enbart_nedlagd
SV2008,,,,0,0,0,0,1,enbart_nedlagd
SV2009,,,,0,0,0,0,1,enbart_nedlagd
SV2010,,,,0,0,0,0,1,enbart_nedlagd
SV2011,,,,0,0,0,0,1,enbart_nedlagd
SV2012,,,,0,0,0,0,1,enbart_nedlagd
SV2013,,,,0,0,0,0,1,enbart_nedlagd
SV2014,,,,0,0,0,0,1,enbart_nedlagd
SV2015,,,,0,0,0,0,1,enbart_nedlagd
SV2016,,,,0,0,0,0,1,enbart_nedlagd
SV2017,,,,0,0,0,0,1,enbart_nedlagd
SV2018,,,,0,0,0,0,1,enbart_nedlagd
SV2019,,,,0,0,0,0,1,enbart_nedlagd
SV2020,,,,0,0,0,0,1,enbart_nedlagd
SV2021,,,,0,0,0,0,1,enbart_nedlagd
SV2022,,,,0,0,0,0,1,enbart_nedlagd
SV2023,,,,0,0,0,0,1,enbart_nedlagd
SV3001,,,,0,0,0,0,1,enbart_nedlagd
SV3002,,,,0,0,0,0,1,enbart_nedlagd
SVA013,,,,0,0,0,0,1,enbart_nedlagd
SVA015,,,,0,0,0,0,1,enbart_nedlagd
SVA017,,,,0,0,0,0,1,enbart_nedlagd
SVA018,,,,0,0,0,0,1,enbart_nedlagd
SVA022,,,,0,0,0,0,1,enbart_nedlagd
SVA023,,,,0,0,0,0,1,enbart_nedlagd
SVA024,,,,0,0,0,0,1,enbart_nedlagd
SVA025,,,,0,0,0,0,1,enbart_nedlagd
SVA026,,,,0,0,0,0,1,enbart_nedlagd
SVA027,,,,0,0,0,0,1,enbart_nedlagd
SVA028,,,,0,0,0,0,1,enbart_nedlagd
SVA029,,,,0,0,0,0,1,enbart_nedlagd
SVA030,,,,0,0,0,0,1,enbart_nedlagd
SVA031,,,,0,0,0,0,1,enbart_nedlagd
SVA032,,,,0,0,0,0,1,enbart_nedlagd
SVA033,,,,0,0,0,0,1,enbart_nedlagd
SVA034,,,,0,0,0,0,1,enbart_nedlagd
SVA035,,,,0,0,0,0,1,enbart_nedlagd
SVA036,,,,0,0,0,0,1,enbart_nedlagd
SVA037,,,,0,0,0,0,1,enbart_nedlagd
SVB009,,,,0,0,0,0,1,enbart_nedlagd
SVB010,,,,0,0,0,0,1,enbart_nedlagd
SVB011,,,,0,0,0,0,1,enbart_nedlagd
SVB012,,,,0,0,0,0,1,enbart_nedlagd
SVB013,,,,0,0,0,0,1,enbart_nedlagd
SVB014,,,,0,0,0,0,1,enbart_nedlagd
SVB016,,,,0,0,0,0,1,enbart_nedlagd
SVC006,,,,0,0,0,0,1,enbart_nedlagd
SVC007,,,,0,0,0,0,1,enbart_nedlagd
SVC008,,,,0,0,0,0,1,enbart_nedlagd
SVX003,,,,0,0,0,0,1,enbart_nedlagd
SVX004,,,,0,0,0,0,1,enbart_nedlagd
SVX005,,,,0,0,0,0,1,enbart_nedlagd
SVX006,,,,0,0,0,0,1,enbart_nedlagd
SVX007,,,,0,0,0,0,1,enbart_nedlagd
SVX008,,,,0,0,0,0,1,enbart_nedlagd
SVX009,,,,0,0,0,0,1,enbart_nedlagd
SW0001,,,,0,0,0,0,1,enbart_nedlagd
SW0002,,,,0,0,0,0,1,enbart_nedlagd
SW1001,,,,0,0,0,0,1,enbart_nedlagd
SW1002,,,,0,0,0,0,1,enbart_nedlagd
SW1003,,,,0,0,0,0,1,enbart_nedlagd
SW1004,,,,0,0,0,0,1,enbart_nedlagd
SW2001,,,,0,0,0,0,1,enbart_nedlagd
SW2002,,,,0,0,0,0,1,enbart_nedlagd
SW2003,,,,0,0,0,0,1,enbart_nedlagd
TR1001,,,,0,0,0,0,1,enbart_nedlagd
TR1002,,,,0,0,0,0,1,enbart_nedlagd
TR1003,,,,0,0,0,0,1,enbart_nedlagd
TR1004,,,,0,0,0,0,1,enbart_nedlagd
TR1005,,,,0,0,0,0,1,enbart_nedlagd
TR1006,,,,0,0,0,0,1,enbart_nedlagd
TR1007,Event Management,IKS,TRU,1,0,1,1,0,triangulerad
TR1008,,,,0,0,0,0,1,enbart_nedlagd
TR1009,,,,0,0,0,0,1,enbart_nedlagd
TR1010,,,,0,0,0,0,1,enbart_nedlagd
TR1011,Kulturellt Medvetande inom Turism- och Servicenäringen,IKS,TRU,1,0,1,1,0,triangulerad
TR1012,,,,0,0,0,0,1,enbart_nedlagd
TR1013,Rumsliga och ekonomiska aspekter på turism,IKS,TRU,1,0,1,1,0,triangulerad
TR1014,,,,0,0,0,0,1,enbart_nedlagd
TR1015,,,,0,0,0,0,1,enbart_nedlagd
TR1016,Turism och destinationsutveckling i Sverige,IKS,TRU,1,0,1,1,0,triangulerad
TR1017,,,,0,0,0,0,1,enbart_nedlagd
TR1018,Marknadsanalyser med hjälp av GIS,IKS,TRU,1,0,1,1,0,triangulerad
TR1019,Introduktion till GIS,IKS,TRU,1,0,1,1,0,triangulerad
TR1020,,,,0,0,0,0,1,enbart_nedlagd
TR1021,,,,0,0,0,0,1,enbart_nedlagd
TR1022,,,,0,0,0,0,1,enbart_nedlagd
TR1023,,,,0,0,0,0,1,enbart_nedlagd
TR1024,Resurser och produkter för turism,IKS,TRU,1,0,1,1,0,triangulerad
TR1025,Ledning av tjänsteföretag inom turism,IKS,TRU,1,0,1,1,0,triangulerad
TR1026,,,,0,0,0,0,1,enbart_nedlagd
TR1027,Resurser och produkter för turism,IKS,TRU,1,0,1,1,0,triangulerad
TR1028,Hållbar planering och utveckling av destinationer,IKS,TRU,1,0,1,1,0,triangulerad
TR1029,Ledning av tjänsteföretag inom turism,IKS,TRU,1,0,1,1,0,triangulerad
TR1030,Introduktion till turism och destinationsutveckling,IKS,TRU,1,0,1,1,0,triangulerad
TR1031,Kulturellt Medvetande inom Turism- och Servicenäringen,IKS,TRU,1,0,1,1,0,triangulerad
TR1032,,,,0,0,0,0,1,enbart_nedlagd
TR1033,Turism och samhälle,IKS,TRU,1,0,1,1,0,triangulerad
TR1034,Verksamhetsförlagt projektarbete i Turismvetenskap,IKS,TRU,1,0,1,1,0,triangulerad
TR1035,Internationella evenemang och festivaler,IKS,TRU,1,0,1,1,0,triangulerad
TR1036,Turismteori och praxis,IKS,TRU,1,0,1,1,0,triangulerad
TR2001,,,,0,0,0,0,1,enbart_nedlagd
TR2002,,,,0,0,0,0,1,enbart_nedlagd
TR2003,,,,0,0,0,0,1,enbart_nedlagd
TR2004,Turismvetenskaplig teori och metod,IKS,TRU,1,0,1,1,0,triangulerad
TR2005,Examensarbete för kandidatexamen i Turismvetenskap,IKS,TRU,1,0,1,1,0,triangulerad
TR3001,,,,0,0,0,0,1,enbart_nedlagd
TR3002,,,,0,0,0,0,1,enbart_nedlagd
TR3003,,,,0,0,0,0,1,enbart_nedlagd
TR3004,,,,0,0,0,0,1,enbart_nedlagd
TR3005,,,,0,0,0,0,1,enbart_nedlagd
TR3006,"Evenemangsturism - planering, marknadsföring, utvärdering",IKS,TRU,1,0,1,1,0,triangulerad
TR3007,,,,0,0,0,0,1,enbart_nedlagd
TR3008,Examensarbete för Magisterexamen i turismvetenskap,IKS,TRU,1,0,1,1,0,triangulerad
TR3009,"Evenemangsturism - planering, marknadsföring, utvärdering",IKS,TRU,1,0,1,1,0,triangulerad
TR3010,Teori och forskningsmetoder,IKS,TRU,1,0,1,1,0,triangulerad
TRA006,,,,0,0,0,0,1,enbart_nedlagd
TRA010,,,,0,0,0,0,1,enbart_nedlagd
TRA013,,,,0,0,0,0,1,enbart_nedlagd
TRA014,,,,0,0,0,0,1,enbart_nedlagd
TRA016,,,,0,0,0,0,1,enbart_nedlagd
TRA017,,,,0,0,0,0,1,enbart_nedlagd
TRA018,,,,0,0,0,0,1,enbart_nedlagd
TRA019,,,,0,0,0,0,1,enbart_nedlagd
TRA020,,,,0,0,0,0,1,enbart_nedlagd
TRA021,,,,0,0,0,0,1,enbart_nedlagd
TRA022,,,,0,0,0,0,1,enbart_nedlagd
TRA023,,,,0,0,0,0,1,enbart_nedlagd
TRA024,,,,0,0,0,0,1,enbart_nedlagd
TRA025,,,,0,0,0,0,1,enbart_nedlagd
TRB001,,,,0,0,0,0,1,enbart_nedlagd
TRD002,,,,0,0,0,0,1,enbart_nedlagd
TRD004,,,,0,0,0,0,1,enbart_nedlagd
TRD006,,,,0,0,0,0,1,enbart_nedlagd
TRD007,,,,0,0,0,0,1,enbart_nedlagd
TRD008,,,,0,0,0,0,1,enbart_nedlagd
TY0001,,,,0,0,0,0,1,enbart_nedlagd
TY0002,,,,0,0,0,0,1,enbart_nedlagd
TY0003,,,,0,0,0,0,1,enbart_nedlagd
TY0004,,,,0,0,0,0,1,enbart_nedlagd
TY0005,,,,0,0,0,0,1,enbart_nedlagd
TY0006,,,,0,0,0,0,1,enbart_nedlagd
TY0007,,,,0,0,0,0,1,enbart_nedlagd
TY0008,,,,0,0,0,0,1,enbart_nedlagd
TY0009,,,,0,0,0,0,1,enbart_nedlagd
TY0010,,,,0,0,0,0,1,enbart_nedlagd
TY0011,,,,0,0,0,0,1,enbart_nedlagd
TY0012,,,,0,0,0,0,1,enbart_nedlagd
TY0013,,,,0,0,0,0,1,enbart_nedlagd
TY0014,,,,0,0,0,0,1,enbart_nedlagd
TY1001,,,,0,0,0,0,1,enbart_nedlagd
TY1002,,,,0,0,0,0,1,enbart_nedlagd
TY1003,,,,0,0,0,0,1,enbart_nedlagd
TY1004,,,,0,0,0,0,1,enbart_nedlagd
TY1005,,,,0,0,1,0,1,blomma_historik_arkiverad
TY1006,,,,0,0,0,0,1,enbart_nedlagd
TY1007,,,,0,0,0,0,1,enbart_nedlagd
TY1008,,,,0,0,0,0,1,enbart_nedlagd
TY1009,,,,0,0,0,0,1,enbart_nedlagd
TY1010,,,,0,0,0,0,1,enbart_nedlagd
TY1011,,,,0,0,0,0,1,enbart_nedlagd
TY1012,,,,0,0,0,0,1,enbart_nedlagd
TY1013,,,,0,0,0,0,1,enbart_nedlagd
TY1014,,,,0,0,0,0,1,enbart_nedlagd
TY1015,,,,0,0,0,0,1,enbart_nedlagd
TY1016,,,,0,0,0,0,1,enbart_nedlagd
TY1017,,,,0,0,0,0,1,enbart_nedlagd
TY1018,,,,0,0,0,0,1,enbart_nedlagd
TY1019,,,,0,0,0,0,1,enbart_nedlagd
TY1020,,,,0,0,0,0,1,enbart_nedlagd
TY1021,,,,0,0,0,0,1,enbart_nedlagd
TY1022,,,,0,0,0,0,1,enbart_nedlagd
TY1023,,,,0,0,0,0,1,enbart_nedlagd
TY1024,,,,0,0,0,0,1,enbart_nedlagd
TY1026,,,,0,0,0,0,1,enbart_nedlagd
TY1027,,,,0,0,0,0,1,enbart_nedlagd
TY1028,,,,0,0,0,0,1,enbart_nedlagd
TY1029,,,,0,0,0,0,1,enbart_nedlagd
TY1030,,,,0,0,0,0,1,enbart_nedlagd
TY1031,,,,0,0,0,0,1,enbart_nedlagd
TY1032,,,,0,0,0,0,1,enbart_nedlagd
TY1033,,,,0,0,0,0,1,enbart_nedlagd
TY1034,,,,0,0,0,0,1,enbart_nedlagd
TY1035,,,,0,0,0,0,1,enbart_nedlagd
TY1036,,,,0,0,0,0,1,enbart_nedlagd
TY1037,,,,0,0,0,0,1,enbart_nedlagd
TY1038,Tyska: Språkdidaktik I,ISLL,TYA,1,0,1,1,0,triangulerad
TY1039,,,,0,0,0,0,1,enbart_nedlagd
TY1040,,,,0,0,0,0,1,enbart_nedlagd
TY1041,,,,0,0,0,0,1,enbart_nedlagd
TY1042,,,,0,0,0,0,1,enbart_nedlagd
TY1043,,,,0,0,0,0,1,enbart_nedlagd
TY1044,,,,0,0,0,0,1,enbart_nedlagd
TY1045,,,,0,0,0,0,1,enbart_nedlagd
TY1046,,,,0,0,0,0,1,enbart_nedlagd
TY1047,,,,0,0,0,0,1,enbart_nedlagd
TY1048,,,,0,0,0,0,1,enbart_nedlagd
TY1049,Tyskspråkig litteratur och litteraturhistoria,ISLL,TYA,1,0,1,1,0,triangulerad
TY1050,Tyska: Skriftlig språkfärdighet II,ISLL,TYA,1,0,1,1,0,triangulerad
TY1051,,,,0,0,0,0,1,enbart_nedlagd
TY1052,,,,0,0,0,0,1,enbart_nedlagd
TY1053,,,,0,0,0,0,1,enbart_nedlagd
TY1054,,,,0,0,0,0,1,enbart_nedlagd
TY1055,,,,0,0,0,0,1,enbart_nedlagd
TY1056,,,,0,0,0,0,1,enbart_nedlagd
TY1057,,,,0,0,0,0,1,enbart_nedlagd
TY1058,,,,0,0,0,0,1,enbart_nedlagd
TY1059,,,,0,0,0,0,1,enbart_nedlagd
TY1060,,,,0,0,0,0,1,enbart_nedlagd
TY1061,,,,0,0,0,0,1,enbart_nedlagd
TY1062,,,,0,0,0,0,1,enbart_nedlagd
TY1063,,,,0,0,0,0,1,enbart_nedlagd
TY1064,,,,0,0,0,0,1,enbart_nedlagd
TY1065,,,,0,0,0,0,1,enbart_nedlagd
TY1066,"Tyska, Språkdidaktik II",ISLL,TYA,1,0,1,1,0,triangulerad
TY1067,Tyska grundläggande kurs I,ISLL,TYA,1,0,1,1,0,triangulerad
TY1068,Tyska grundläggande kurs II,ISLL,TYA,1,0,1,1,0,triangulerad
TY1069,Tyska: Språk- och kulturhistoria med akademiskt skrivande,ISLL,TYA,1,0,1,1,0,triangulerad
TY1070,Tyska grundläggande kurs III,ISLL,TYA,1,0,1,1,0,triangulerad
TY1071,Tyska grundläggande kurs IV,ISLL,TYA,1,0,1,1,0,triangulerad
TY1072,,,,0,0,0,0,1,enbart_nedlagd
TY1073,Tyska: Muntlig språkfärdighet och kulturkunskap II,ISLL,TYA,1,0,1,1,0,triangulerad
TY2001,,,,0,0,0,0,1,enbart_nedlagd
TY2002,,,,0,0,0,0,1,enbart_nedlagd
TY2003,,,,0,0,0,0,1,enbart_nedlagd
TY2004,Tyska: Tyskspråkig litteratur och litteraturvetenskap,ISLL,TYA,1,0,1,1,0,triangulerad
TY2005,,,,0,0,0,0,1,enbart_nedlagd
TY2006,,,,0,0,0,0,1,enbart_nedlagd
TY2007,Tyska: Examensarbete,ISLL,TYA,1,0,1,1,0,triangulerad
TY2008,Tyska: Den moderna tyskspråkiga lingvistikens utveckling,ISLL,TYA,1,0,1,1,0,triangulerad
TY2009,,,,0,0,0,0,1,enbart_nedlagd
TY2010,,,,0,0,0,0,1,enbart_nedlagd
TY2011,,,,0,0,0,0,1,enbart_nedlagd
TY3001,,,,0,0,0,0,1,enbart_nedlagd
TY3002,,,,0,0,0,0,1,enbart_nedlagd
TY3003,,,,0,0,0,0,1,enbart_nedlagd
TY3004,,,,0,0,0,0,1,enbart_nedlagd
TY3005,,,,0,0,0,0,1,enbart_nedlagd
TY3006,,,,0,0,0,0,1,enbart_nedlagd
TY3007,,,,0,0,0,0,1,enbart_nedlagd
TY3008,,,,0,0,0,0,1,enbart_nedlagd
TY3009,,,,0,0,0,0,1,enbart_nedlagd
TY3010,Tyska: Magisterexamensarbete,ISLL,TYA,1,0,1,1,0,triangulerad
TY3011,,,,0,0,0,0,1,enbart_nedlagd
TY3012,Tyska: Språkvetenskapens historia,ISLL,TYA,1,0,1,1,0,triangulerad
TY3013,Tyska: Modern kvinnolitteratur,ISLL,TYA,1,0,1,1,0,triangulerad
TY3014,,,,0,0,0,0,1,enbart_nedlagd
TY3015,Tyska: Intertextualitet och intermedialitet i teori och praktik,ISLL,TYA,1,0,1,1,0,triangulerad
TY3016,Tyska: Former och villkor för dramer och prosatexter,ISLL,TYA,1,0,1,1,0,triangulerad
TY3017,,,,0,0,0,0,1,enbart_nedlagd
TY3018,,,,0,0,0,0,1,enbart_nedlagd
TYA010,,,,0,0,0,0,1,enbart_nedlagd
TYA024,,,,0,0,0,0,1,enbart_nedlagd
TYA029,,,,0,0,0,0,1,enbart_nedlagd
TYA031,,,,0,0,0,0,1,enbart_nedlagd
TYA032,,,,0,0,0,0,1,enbart_nedlagd
TYA033,,,,0,0,0,0,1,enbart_nedlagd
TYA035,,,,0,0,0,0,1,enbart_nedlagd
TYA037,,,,0,0,0,0,1,enbart_nedlagd
TYA038,,,,0,0,0,0,1,enbart_nedlagd
TYA039,,,,0,0,0,0,1,enbart_nedlagd
TYA040,,,,0,0,0,0,1,enbart_nedlagd
TYA041,,,,0,0,0,0,1,enbart_nedlagd
TYB008,,,,0,0,0,0,1,enbart_nedlagd
TYB009,,,,0,0,0,0,1,enbart_nedlagd
TYB010,,,,0,0,0,0,1,enbart_nedlagd
TYB011,,,,0,0,0,0,1,enbart_nedlagd
TYB012,,,,0,0,0,0,1,enbart_nedlagd
TYB013,,,,0,0,0,0,1,enbart_nedlagd
TYB014,,,,0,0,0,0,1,enbart_nedlagd
TYB015,,,,0,0,0,0,1,enbart_nedlagd
TYB016,,,,0,0,0,0,1,enbart_nedlagd
TYB017,,,,0,0,0,0,1,enbart_nedlagd
TYB018,,,,0,0,0,0,1,enbart_nedlagd
TYC001,,,,0,0,0,0,1,enbart_nedlagd
TYC002,,,,0,0,0,0,1,enbart_nedlagd
TYC003,,,,0,0,0,0,1,enbart_nedlagd
TYX001,,,,0,0,0,0,1,enbart_nedlagd
TYX003,,,,0,0,0,0,1,enbart_nedlagd
TYX004,,,,0,0,0,0,1,enbart_nedlagd
TYX005,,,,0,0,0,0,1,enbart_nedlagd
TYX006,,,,0,0,0,0,1,enbart_nedlagd
TYX007,,,,0,0,0,0,1,enbart_nedlagd
TYX008,,,,0,0,0,0,1,enbart_nedlagd
VK0001,,,,0,0,0,0,1,enbart_nedlagd
VK3001,,,,0,0,0,0,1,enbart_nedlagd
VK3002,,,,0,0,0,0,1,enbart_nedlagd
VK3003,,,,0,0,0,0,1,enbart_nedlagd
VK3004,,,,0,0,0,0,1,enbart_nedlagd
VK3005,,,,0,0,0,0,1,enbart_nedlagd
VK3006,,,,0,0,0,0,1,enbart_nedlagd
VK3007,,,,0,0,0,0,1,enbart_nedlagd
VK3008,,,,0,0,0,0,1,enbart_nedlagd
VKA001,,,,0,0,0,0,1,enbart_nedlagd
VKA002,,,,0,0,0,0,1,enbart_nedlagd
VKA003,,,,0,0,0,0,1,enbart_nedlagd
VKA004,,,,0,0,0,0,1,enbart_nedlagd
VKA005,,,,0,0,0,0,1,enbart_nedlagd
VKA006,,,,0,0,0,0,1,enbart_nedlagd
VKB001,,,,0,0,0,0,1,enbart_nedlagd
VKC001,,,,0,0,0,0,1,enbart_nedlagd
VKC002,,,,0,0,0,0,1,enbart_nedlagd
VKC003,,,,0,0,0,0,1,enbart_nedlagd
VKC004,,,,0,0,0,0,1,enbart_nedlagd
VKC005,,,,0,0,0,0,1,enbart_nedlagd
VKC006,,,,0,0,0,0,1,enbart_nedlagd
VKD001,,,,0,0,0,0,1,enbart_nedlagd
VKD002,,,,0,0,0,0,1,enbart_nedlagd
VKX001,,,,0,0,0,0,1,enbart_nedlagd
VU1001,,,,0,0,1,0,1,blomma_historik_arkiverad
VU1002,,,,0,0,0,0,1,enbart_nedlagd
VU1003,,,,0,0,0,0,1,enbart_nedlagd
VU1004,,,,0,0,0,0,1,enbart_nedlagd
VU1005,,,,0,0,1,0,1,blomma_historik_arkiverad
VU1006,,,,0,0,1,0,1,blomma_historik_arkiverad
VU1007,,,,0,0,0,0,1,enbart_nedlagd
VU1008,,,,0,0,1,0,1,blomma_historik_arkiverad
VU1009,,,,0,0,0,0,1,enbart_nedlagd
VU1010,,,,0,0,0,0,1,enbart_nedlagd
VU1011,,,,0,0,1,0,1,blomma_historik_arkiverad
VU2001,,,,0,0,0,0,1,enbart_nedlagd
VU2002,,,,0,0,0,0,1,enbart_nedlagd
VU2003,,,,0,0,1,0,1,blomma_historik_arkiverad
VU2004,,,,0,0,1,0,1,blomma_historik_arkiverad
VU2005,,,,0,0,0,0,1,enbart_nedlagd
VU2006,,,,0,0,0,0,1,enbart_nedlagd
VUA003,,,,0,0,0,0,1,enbart_nedlagd
VUA004,,,,0,0,0,0,1,enbart_nedlagd
VUA006,,,,0,0,0,0,1,enbart_nedlagd
VUB003,,,,0,0,0,0,1,enbart_nedlagd
VUB004,,,,0,0,0,0,1,enbart_nedlagd
VUB007,,,,0,0,0,0,1,enbart_nedlagd
VUB008,,,,0,0,0,0,1,enbart_nedlagd
VUB009,,,,0,0,0,0,1,enbart_nedlagd
VUB010,,,,0,0,0,0,1,enbart_nedlagd
VUB011,,,,0,0,0,0,1,enbart_nedlagd
VUB012,,,,0,0,0,0,1,enbart_nedlagd
VUC001,,,,0,0,0,0,1,enbart_nedlagd
VUC002,,,,0,0,0,0,1,enbart_nedlagd
VUC004,,,,0,0,0,0,1,enbart_nedlagd
VUC005,,,,0,0,0,0,1,enbart_nedlagd
VUC006,,,,0,0,0,0,1,enbart_nedlagd
VUC007,,,,0,0,0,0,1,enbart_nedlagd
VUC008,,,,0,0,0,0,1,enbart_nedlagd
VUC009,,,,0,0,0,0,1,enbart_nedlagd
VV2001,Handledarutbildning för barnmorskor,IHV,VÅE,1,0,1,1,0,triangulerad
VV2002,Samverkan inom kommunal äldreomsorg inriktning vård,IHV,VÅE,1,0,1,1,0,triangulerad
VV3001,,,,0,0,0,0,1,enbart_nedlagd
VV3002,,,,0,0,0,0,1,enbart_nedlagd
VV3003,Examensarbete i Vårdvetenskap,IHV,VÅE,1,0,1,1,0,triangulerad
VV3004,Vårdvetenskaplig teori och metod,IHV,VÅE,1,0,1,1,0,triangulerad
VV3005,,,,0,0,0,0,1,enbart_nedlagd
VV3006,Kvinnors hälsa och barnmorskans profession,IHV,VÅE,1,0,1,1,0,triangulerad
VV3007,Normal graviditet och förlossning,IHV,VÅE,1,0,1,1,0,triangulerad
VV3008,,,,0,0,0,0,1,enbart_nedlagd
VV3009,Examensarbete i vårdvetenskap - Specialistsjuksköterska inriktning distriktssköterska,IHV,VÅE,1,0,1,1,0,triangulerad
VV3010,Reproduktiv hälsa med inriktning mot det normala barnafödandet,IHV,VÅE,1,0,1,1,0,triangulerad
VV3011,Mödrahälsovård och folkhälsoarbete,IHV,VÅE,1,0,1,1,0,triangulerad
VV3012,Examensarbete för magisterexamen i vårdvetenskap,IHV,VÅE,1,0,1,1,0,triangulerad
VV3013,,,,0,0,0,0,1,enbart_nedlagd
VV3014,Implementering av kunskap i praktik,IHV,VÅE,1,0,1,1,0,triangulerad
VV3015,Implementering av kunskap i praktik,IHV,VÅE,1,0,1,1,0,triangulerad
VV3016,,,,0,0,0,0,1,enbart_nedlagd
VV3017,Examensarbete för magisterexamen i vårdvetenskap,IHV,VÅE,1,0,1,1,0,triangulerad
VVD005,,,,0,0,0,0,1,enbart_nedlagd
VVD006,,,,0,0,0,0,1,enbart_nedlagd
VVD007,,,,0,0,0,0,1,enbart_nedlagd
VÅ1001,,,,0,0,0,0,1,enbart_nedlagd
VÅ1002,,,,0,0,0,0,1,enbart_nedlagd
VÅ1003,,,,0,0,0,0,1,enbart_nedlagd
VÅ1004,,,,0,0,0,0,1,enbart_nedlagd
VÅ1005,,,,0,0,0,0,1,enbart_nedlagd
VÅ1006,,,,0,0,0,0,1,enbart_nedlagd
VÅ1007,,,,0,0,0,0,1,enbart_nedlagd
VÅ1008,,,,0,0,0,0,1,enbart_nedlagd
VÅ1009,,,,0,0,0,0,1,enbart_nedlagd
VÅ1010,,,,0,0,0,0,1,enbart_nedlagd
VÅ1011,,,,0,0,0,0,1,enbart_nedlagd
VÅ1012,,,,0,0,0,0,1,enbart_nedlagd
VÅ1013,,,,0,0,0,0,1,enbart_nedlagd
VÅ1014,,,,0,0,0,0,1,enbart_nedlagd
VÅ1015,,,,0,0,0,0,1,enbart_nedlagd
VÅ1016,,,,0,0,0,0,1,enbart_nedlagd
VÅ1017,,,,0,0,0,0,1,enbart_nedlagd
VÅ1018,,,,0,0,0,0,1,enbart_nedlagd
VÅ1019,,,,0,0,0,0,1,enbart_nedlagd
VÅ1020,,,,0,0,0,0,1,enbart_nedlagd
VÅ1021,,,,0,0,0,0,1,enbart_nedlagd
VÅ1022,,,,0,0,0,0,1,enbart_nedlagd
VÅ1023,,,,0,0,0,0,1,enbart_nedlagd
VÅ1024,,,,0,0,0,0,1,enbart_nedlagd
VÅ1025,,,,0,0,0,0,1,enbart_nedlagd
VÅ1026,,,,0,0,1,0,1,blomma_historik_arkiverad
VÅ1027,,,,0,0,0,0,1,enbart_nedlagd
VÅ1028,,,,0,0,0,0,1,enbart_nedlagd
VÅ1029,,,,0,0,0,0,1,enbart_nedlagd
VÅ1030,,,,0,0,0,0,1,enbart_nedlagd
VÅ1031,,,,0,0,0,0,1,enbart_nedlagd
VÅ1032,,,,0,0,0,0,1,enbart_nedlagd
VÅ1033,,,,0,0,0,0,1,enbart_nedlagd
VÅ1034,,,,0,0,0,0,1,enbart_nedlagd
VÅ1035,,,,0,0,0,0,1,enbart_nedlagd
VÅ1036,,,,0,0,0,0,1,enbart_nedlagd
VÅ1037,,,,0,0,0,0,1,enbart_nedlagd
VÅ1038,,,,0,0,0,0,1,enbart_nedlagd
VÅ1039,,,,0,0,0,0,1,enbart_nedlagd
VÅ1040,,,,0,0,0,0,1,enbart_nedlagd
VÅ1041,,,,0,0,0,0,1,enbart_nedlagd
VÅ1042,,,,0,0,0,0,1,enbart_nedlagd
VÅ1043,,,,0,0,0,0,1,enbart_nedlagd
VÅ1044,,,,0,0,0,0,1,enbart_nedlagd
VÅ1045,,,,0,0,0,0,1,enbart_nedlagd
VÅ1046,Kommunikation och samtalsmetodik,IHV,OMV,1,0,1,1,0,triangulerad
VÅ1047,,,,0,0,0,0,1,enbart_nedlagd
VÅ1048,,,,0,0,0,0,1,enbart_nedlagd
VÅ1049,,,,0,0,0,0,1,enbart_nedlagd
VÅ1050,,,,0,0,0,0,1,enbart_nedlagd
VÅ1051,,,,0,0,0,0,1,enbart_nedlagd
VÅ1052,,,,0,0,0,0,1,enbart_nedlagd
VÅ1053,Metoder och teorier vid symtom och tecken på hälsa/ohälsa I,IHV,OMV,1,0,1,1,0,triangulerad
VÅ1054,,,,0,0,0,0,1,enbart_nedlagd
VÅ1055,Personcentrerad vård inom somatisk vård,IHV,OMV,1,0,1,1,0,triangulerad
VÅ1056,,,,0,0,0,0,1,enbart_nedlagd
VÅ1057,,,,0,0,0,0,1,enbart_nedlagd
VÅ1058,,,,0,0,0,0,1,enbart_nedlagd
VÅ1059,,,,0,0,0,0,1,enbart_nedlagd
VÅ1060,,,,0,0,0,0,1,enbart_nedlagd
VÅ1061,,,,0,0,1,0,1,blomma_historik_arkiverad
VÅ1062,Personcentrerad vård inom somatisk vård,IHV,OMV,1,0,1,1,0,triangulerad
VÅ2001,,,,0,0,0,0,1,enbart_nedlagd
VÅ2002,,,,0,0,0,0,1,enbart_nedlagd
VÅ2003,,,,0,0,0,0,1,enbart_nedlagd
VÅ2004,,,,0,0,0,0,1,enbart_nedlagd
VÅ2005,,,,0,0,0,0,1,enbart_nedlagd
VÅ2006,,,,0,0,0,0,1,enbart_nedlagd
VÅ2007,,,,0,0,1,0,1,blomma_historik_arkiverad
VÅ2008,,,,0,0,0,0,1,enbart_nedlagd
VÅ2009,,,,0,0,0,0,1,enbart_nedlagd
VÅ2010,,,,0,0,0,0,1,enbart_nedlagd
VÅ2011,,,,0,0,0,0,1,enbart_nedlagd
VÅ2012,,,,0,0,0,0,1,enbart_nedlagd
VÅ2013,,,,0,0,0,0,1,enbart_nedlagd
VÅ2014,,,,0,0,0,0,1,enbart_nedlagd
VÅ2015,,,,0,0,0,0,1,enbart_nedlagd
VÅ2016,,,,0,0,0,0,1,enbart_nedlagd
VÅ2017,Examensarbete  för kandidatexamen i omvårdnad,IHV,OMV,1,0,1,1,0,triangulerad
VÅ2018,,,,0,0,0,0,1,enbart_nedlagd
VÅ2019,,,,0,0,0,0,1,enbart_nedlagd
VÅ2020,,,,0,0,0,0,1,enbart_nedlagd
VÅ2021,,,,0,0,0,0,1,enbart_nedlagd
VÅ2022,,,,0,0,0,0,1,enbart_nedlagd
VÅ2023,,,,0,0,0,0,1,enbart_nedlagd
VÅ2024,,,,0,0,0,0,1,enbart_nedlagd
VÅ2025,,,,0,0,0,0,1,enbart_nedlagd
VÅ2026,,,,0,0,0,0,1,enbart_nedlagd
VÅ2027,,,,0,0,0,0,1,enbart_nedlagd
VÅ2028,,,,0,0,0,0,1,enbart_nedlagd
VÅ2029,,,,0,0,0,0,1,enbart_nedlagd
VÅ2030,,,,0,0,0,0,1,enbart_nedlagd
VÅ3001,,,,0,0,0,0,1,enbart_nedlagd
VÅ3002,,,,0,0,0,0,1,enbart_nedlagd
VÅ3003,,,,0,0,0,0,1,enbart_nedlagd
VÅ3004,,,,0,0,1,0,1,blomma_historik_arkiverad
VÅ3005,,,,0,0,0,0,1,enbart_nedlagd
VÅ3006,,,,0,0,0,0,1,enbart_nedlagd
VÅ3007,,,,0,0,0,0,1,enbart_nedlagd
VÅ3008,,,,0,0,0,0,1,enbart_nedlagd
VÅ3009,,,,0,0,0,0,1,enbart_nedlagd
VÅ3010,,,,0,0,0,0,1,enbart_nedlagd
VÅ3011,,,,0,0,0,0,1,enbart_nedlagd
VÅ3012,,,,0,0,0,0,1,enbart_nedlagd
VÅ3013,,,,0,0,0,0,1,enbart_nedlagd
VÅ3014,,,,0,0,0,0,1,enbart_nedlagd
VÅ3015,,,,0,0,0,0,1,enbart_nedlagd
VÅ3016,,,,0,0,0,0,1,enbart_nedlagd
VÅ3017,,,,0,0,0,0,1,enbart_nedlagd
VÅ3018,,,,0,0,0,0,1,enbart_nedlagd
VÅ3019,,,,0,0,0,0,1,enbart_nedlagd
VÅ3020,,,,0,0,0,0,1,enbart_nedlagd
VÅ3021,,,,0,0,0,0,1,enbart_nedlagd
VÅ3022,,,,0,0,0,0,1,enbart_nedlagd
VÅ3023,Inkontinensvård,IIT,VÅO,1,0,1,1,0,triangulerad
VÅ3024,,,,0,0,0,0,1,enbart_nedlagd
VÅ3025,,,,0,0,0,0,1,enbart_nedlagd
VÅ3026,,,,0,0,0,0,1,enbart_nedlagd
VÅ3027,Verksamhetsförlagd utbildning inom pediatrik,IIT,VÅO,1,0,1,1,0,triangulerad
VÅ3028,,,,0,0,0,0,1,enbart_nedlagd
VÅ3029,,,,0,0,0,0,1,enbart_nedlagd
VÅ3030,,,,0,0,0,0,1,enbart_nedlagd
VÅ3031,,,,0,0,0,0,1,enbart_nedlagd
VÅ3032,,,,0,0,0,0,1,enbart_nedlagd
VÅ3033,,,,0,0,0,0,1,enbart_nedlagd
VÅ3034,,,,0,0,0,0,1,enbart_nedlagd
VÅ3035,,,,0,0,0,0,1,enbart_nedlagd
VÅ3036,,,,0,0,0,0,1,enbart_nedlagd
VÅ3037,,,,0,0,0,0,1,enbart_nedlagd
VÅ3038,,,,0,0,0,0,1,enbart_nedlagd
VÅ3039,,,,0,0,0,0,1,enbart_nedlagd
VÅ3040,,,,0,0,0,0,1,enbart_nedlagd
VÅ3041,,,,0,0,0,0,1,enbart_nedlagd
VÅ3042,,,,0,0,0,0,1,enbart_nedlagd
VÅ3043,,,,0,0,0,0,1,enbart_nedlagd
VÅ3044,,,,0,0,0,0,1,enbart_nedlagd
VÅ3045,,,,0,0,0,0,1,enbart_nedlagd
VÅ3046,,,,0,0,0,0,1,enbart_nedlagd
VÅ3047,,,,0,0,0,0,1,enbart_nedlagd
VÅ3048,,,,0,0,0,0,1,enbart_nedlagd
VÅ3049,,,,0,0,0,0,1,enbart_nedlagd
VÅ3050,,,,0,0,0,0,1,enbart_nedlagd
VÅ3051,,,,0,0,0,0,1,enbart_nedlagd
VÅ3052,,,,0,0,0,0,1,enbart_nedlagd
VÅ3053,,,,0,0,0,0,1,enbart_nedlagd
VÅ3054,,,,0,0,0,0,1,enbart_nedlagd
VÅ3055,,,,0,0,0,0,1,enbart_nedlagd
VÅ3056,,,,0,0,0,0,1,enbart_nedlagd
VÅ3057,,,,0,0,0,0,1,enbart_nedlagd
VÅ3058,,,,0,0,0,0,1,enbart_nedlagd
VÅ3059,,,,0,0,0,0,1,enbart_nedlagd
VÅ3060,,,,0,0,0,0,1,enbart_nedlagd
VÅ3061,,,,0,0,0,0,1,enbart_nedlagd
VÅ3062,,,,0,0,0,0,1,enbart_nedlagd
VÅ3063,,,,0,0,0,0,1,enbart_nedlagd
VÅ3064,,,,0,0,0,0,1,enbart_nedlagd
VÅ3065,,,,0,0,0,0,1,enbart_nedlagd
VÅ3066,,,,0,0,0,0,1,enbart_nedlagd
VÅ3067,,,,0,0,0,0,1,enbart_nedlagd
VÅ3068,,,,0,0,0,0,1,enbart_nedlagd
VÅ3069,,,,0,0,0,0,1,enbart_nedlagd
VÅ3070,,,,0,0,0,0,1,enbart_nedlagd
VÅ3071,,,,0,0,0,0,1,enbart_nedlagd
VÅ3072,,,,0,0,0,0,1,enbart_nedlagd
VÅ3073,,,,0,0,0,0,1,enbart_nedlagd
VÅ3074,,,,0,0,0,0,1,enbart_nedlagd
VÅ3075,,,,0,0,0,0,1,enbart_nedlagd
VÅ3076,,,,0,0,0,0,1,enbart_nedlagd
VÅ3078,,,,0,0,0,0,1,enbart_nedlagd
VÅ3079,,,,0,0,0,0,1,enbart_nedlagd
VÅ3080,,,,0,0,0,0,1,enbart_nedlagd
VÅ3081,,,,0,0,0,0,1,enbart_nedlagd
VÅ3082,,,,0,0,0,0,1,enbart_nedlagd
VÅ3083,,,,0,0,0,0,1,enbart_nedlagd
VÅ3084,,,,0,0,0,0,1,enbart_nedlagd
VÅ3085,,,,0,0,0,0,1,enbart_nedlagd
VÅ3086,,,,0,0,0,0,1,enbart_nedlagd
VÅ3087,,,,0,0,0,0,1,enbart_nedlagd
VÅ3088,,,,0,0,0,0,1,enbart_nedlagd
VÅ3089,,,,0,0,0,0,1,enbart_nedlagd
VÅ3090,,,,0,0,0,0,1,enbart_nedlagd
VÅ3091,,,,0,0,0,0,1,enbart_nedlagd
VÅ3092,,,,0,0,0,0,1,enbart_nedlagd
VÅ3093,,,,0,0,0,0,1,enbart_nedlagd
VÅ3094,Personcentrerad omvårdnad och teamsamverkan I,IHV,OMV,1,0,1,1,0,triangulerad
VÅ3095,,,,0,0,0,0,1,enbart_nedlagd
VÅ3096,,,,0,0,0,0,1,enbart_nedlagd
VÅ3097,,,,0,0,0,0,1,enbart_nedlagd
VÅ3098,Hälsa och omvårdnad av vuxna och äldre,IHV,OMV,1,0,1,1,0,triangulerad
VÅ3099,,,,0,0,0,0,1,enbart_nedlagd
VÅ3100,,,,0,0,0,0,1,enbart_nedlagd
VÅ3101,,,,0,0,0,0,1,enbart_nedlagd
VÅ3102,,,,0,0,0,0,1,enbart_nedlagd
VÅ3103,,,,0,0,0,0,1,enbart_nedlagd
VÅ3104,,,,0,0,0,0,1,enbart_nedlagd
VÅ3105,,,,0,0,0,0,1,enbart_nedlagd
VÅ3106,,,,0,0,0,0,1,enbart_nedlagd
VÅ3107,,,,0,0,0,0,1,enbart_nedlagd
VÅ3108,,,,0,0,0,0,1,enbart_nedlagd
VÅ3109,,,,0,0,0,0,1,enbart_nedlagd
VÅ3110,,,,0,0,0,0,1,enbart_nedlagd
VÅ3111,,,,0,0,0,0,1,enbart_nedlagd
VÅ3112,,,,0,0,0,0,1,enbart_nedlagd
VÅ3113,,,,0,0,0,0,1,enbart_nedlagd
VÅ3114,,,,0,0,0,0,1,enbart_nedlagd
VÅ3115,,,,0,0,0,0,1,enbart_nedlagd
VÅ3116,,,,0,0,0,0,1,enbart_nedlagd
VÅ3117,,,,0,0,0,0,1,enbart_nedlagd
VÅ3118,,,,0,0,0,0,1,enbart_nedlagd
VÅ3119,,,,0,0,0,0,1,enbart_nedlagd
VÅ3120,,,,0,0,0,0,1,enbart_nedlagd
VÅ3121,,,,0,0,0,0,1,enbart_nedlagd
VÅ3122,,,,0,0,0,0,1,enbart_nedlagd
VÅ3123,,,,0,0,0,0,1,enbart_nedlagd
VÅ3125,,,,0,0,0,0,1,enbart_nedlagd
VÅ3126,,,,0,0,0,0,1,enbart_nedlagd
VÅ3127,Personcentrerad vård för personer med demens,IHV,OMV,1,0,1,1,0,triangulerad
VÅ3128,,,,0,0,0,0,1,enbart_nedlagd
VÅ3129,,,,0,0,0,0,1,enbart_nedlagd
VÅ3130,,,,0,0,0,0,1,enbart_nedlagd
VÅ3131,"Demenssjukdomar, diagnostik och behandling ur ett omvårdnadsperspektiv",IHV,OMV,1,0,1,1,0,triangulerad
VÅ3132,Vård och omsorg för personer med demens,IHV,OMV,1,0,1,1,0,triangulerad
VÅ3133,"Att vårda personer med demens, VFU",IHV,OMV,1,0,1,1,0,triangulerad
VÅ3134,,,,0,0,0,0,1,enbart_nedlagd
VÅ3135,,,,0,0,0,0,1,enbart_nedlagd
VÅ3136,,,,0,0,0,0,1,enbart_nedlagd
VÅ3137,Socialgerontologi och etik,IHV,OMV,1,0,1,1,0,triangulerad
VÅA004,,,,0,0,0,0,1,enbart_nedlagd
VÅA007,,,,0,0,0,0,1,enbart_nedlagd
VÅA009,,,,0,0,0,0,1,enbart_nedlagd
VÅA011,,,,0,0,0,0,1,enbart_nedlagd
VÅA013,,,,0,0,0,0,1,enbart_nedlagd
VÅA014,,,,0,0,0,0,1,enbart_nedlagd
VÅA015,,,,0,0,0,0,1,enbart_nedlagd
VÅA016,,,,0,0,0,0,1,enbart_nedlagd
VÅA017,,,,0,0,0,0,1,enbart_nedlagd
VÅA018,,,,0,0,0,0,1,enbart_nedlagd
VÅA019,,,,0,0,0,0,1,enbart_nedlagd
VÅA020,,,,0,0,0,0,1,enbart_nedlagd
VÅA021,,,,0,0,0,0,1,enbart_nedlagd
VÅA022,,,,0,0,0,0,1,enbart_nedlagd
VÅA023,,,,0,0,0,0,1,enbart_nedlagd
VÅA024,,,,0,0,0,0,1,enbart_nedlagd
VÅA025,,,,0,0,0,0,1,enbart_nedlagd
VÅA026,,,,0,0,0,0,1,enbart_nedlagd
VÅA027,,,,0,0,0,0,1,enbart_nedlagd
VÅA028,,,,0,0,0,0,1,enbart_nedlagd
VÅB003,,,,0,0,0,0,1,enbart_nedlagd
VÅB006,,,,0,0,0,0,1,enbart_nedlagd
VÅB010,,,,0,0,0,0,1,enbart_nedlagd
VÅB014,,,,0,0,0,0,1,enbart_nedlagd
VÅB026,,,,0,0,0,0,1,enbart_nedlagd
VÅB027,,,,0,0,0,0,1,enbart_nedlagd
VÅB028,,,,0,0,0,0,1,enbart_nedlagd
VÅB029,,,,0,0,0,0,1,enbart_nedlagd
VÅB030,,,,0,0,0,0,1,enbart_nedlagd
VÅB031,,,,0,0,0,0,1,enbart_nedlagd
VÅB032,,,,0,0,0,0,1,enbart_nedlagd
VÅB033,,,,0,0,0,0,1,enbart_nedlagd
VÅB034,,,,0,0,0,0,1,enbart_nedlagd
VÅB035,,,,0,0,0,0,1,enbart_nedlagd
VÅB036,,,,0,0,0,0,1,enbart_nedlagd
VÅC001,,,,0,0,0,0,1,enbart_nedlagd
VÅC002,,,,0,0,0,0,1,enbart_nedlagd
VÅC007,,,,0,0,0,0,1,enbart_nedlagd
VÅC008,,,,0,0,0,0,1,enbart_nedlagd
VÅC010,,,,0,0,0,0,1,enbart_nedlagd
VÅC015,,,,0,0,0,0,1,enbart_nedlagd
VÅC019,,,,0,0,0,0,1,enbart_nedlagd
VÅC020,,,,0,0,0,0,1,enbart_nedlagd
VÅC021,,,,0,0,0,0,1,enbart_nedlagd
VÅC022,,,,0,0,0,0,1,enbart_nedlagd
VÅC023,,,,0,0,0,0,1,enbart_nedlagd
VÅC024,,,,0,0,0,0,1,enbart_nedlagd
VÅC025,,,,0,0,0,0,1,enbart_nedlagd
VÅC026,,,,0,0,0,0,1,enbart_nedlagd
VÅC027,,,,0,0,0,0,1,enbart_nedlagd
VÅC028,,,,0,0,0,0,1,enbart_nedlagd
VÅC030,,,,0,0,0,0,1,enbart_nedlagd
VÅC031,,,,0,0,0,0,1,enbart_nedlagd
VÅC032,,,,0,0,0,0,1,enbart_nedlagd
VÅC033,,,,0,0,0,0,1,enbart_nedlagd
VÅC034,,,,0,0,0,0,1,enbart_nedlagd
VÅC035,,,,0,0,0,0,1,enbart_nedlagd
VÅC036,,,,0,0,0,0,1,enbart_nedlagd
VÅC037,,,,0,0,0,0,1,enbart_nedlagd
VÅC038,,,,0,0,0,0,1,enbart_nedlagd
VÅC039,,,,0,0,0,0,1,enbart_nedlagd
VÅC040,,,,0,0,0,0,1,enbart_nedlagd
VÅC041,,,,0,0,0,0,1,enbart_nedlagd
VÅC042,,,,0,0,0,0,1,enbart_nedlagd
VÅC043,,,,0,0,0,0,1,enbart_nedlagd
VÅC044,,,,0,0,0,0,1,enbart_nedlagd
VÅC045,,,,0,0,0,0,1,enbart_nedlagd
VÅC046,,,,0,0,0,0,1,enbart_nedlagd
VÅC047,,,,0,0,0,0,1,enbart_nedlagd
VÅC048,,,,0,0,0,0,1,enbart_nedlagd
VÅC049,,,,0,0,0,0,1,enbart_nedlagd
VÅC050,,,,0,0,0,0,1,enbart_nedlagd
VÅC051,,,,0,0,0,0,1,enbart_nedlagd
VÅC052,,,,0,0,0,0,1,enbart_nedlagd
VÅC053,,,,0,0,0,0,1,enbart_nedlagd
VÅC054,,,,0,0,0,0,1,enbart_nedlagd
VÅC055,,,,0,0,0,0,1,enbart_nedlagd
VÅC056,,,,0,0,0,0,1,enbart_nedlagd
VÅC057,,,,0,0,0,0,1,enbart_nedlagd
VÅC058,,,,0,0,0,0,1,enbart_nedlagd
VÅC059,,,,0,0,0,0,1,enbart_nedlagd
VÅC060,,,,0,0,0,0,1,enbart_nedlagd
VÅC061,,,,0,0,0,0,1,enbart_nedlagd
VÅC062,,,,0,0,0,0,1,enbart_nedlagd
VÅC063,,,,0,0,0,0,1,enbart_nedlagd
VÅC064,,,,0,0,0,0,1,enbart_nedlagd
VÅC065,,,,0,0,0,0,1,enbart_nedlagd
VÅC066,,,,0,0,0,0,1,enbart_nedlagd
VÅC067,,,,0,0,0,0,1,enbart_nedlagd
VÅC068,,,,0,0,0,0,1,enbart_nedlagd
VÅC069,,,,0,0,1,0,1,blomma_historik_arkiverad
VÅC070,,,,0,0,0,0,1,enbart_nedlagd
VÅC071,,,,0,0,0,0,1,enbart_nedlagd
VÅC072,,,,0,0,0,0,1,enbart_nedlagd
VÅC073,,,,0,0,0,0,1,enbart_nedlagd
VÅD003,,,,0,0,0,0,1,enbart_nedlagd
VÅD004,,,,0,0,0,0,1,enbart_nedlagd
VÅD005,,,,0,0,0,0,1,enbart_nedlagd
VÅD007,,,,0,0,0,0,1,enbart_nedlagd
VÅD008,,,,0,0,0,0,1,enbart_nedlagd
ÖÄA088,,,,0,0,0,0,1,enbart_nedlagd
ÖÄA089,,,,0,0,0,0,1,enbart_nedlagd
ÖÄA096,,,,0,0,0,0,1,enbart_nedlagd
ÖÄA098,,,,0,0,0,0,1,enbart_nedlagd
ÖÄA099,,,,0,0,0,0,1,enbart_nedlagd
ÖÄA100,,,,0,0,0,0,1,enbart_nedlagd
ÖÄA101,,,,0,0,0,0,1,enbart_nedlagd
ÖÄA102,,,,0,0,0,0,1,enbart_nedlagd
ÖÄA103,,,,0,0,0,0,1,enbart_nedlagd
ÖÄA104,,,,0,0,0,0,1,enbart_nedlagd
ÖÄA105,,,,0,0,0,0,1,enbart_nedlagd
ÖÄB020,,,,0,0,0,0,1,enbart_nedlagd
ÖÄB021,,,,0,0,0,0,1,enbart_nedlagd
ÖÄD001,,,,0,0,0,0,1,enbart_nedlagd
ÖÄX018,,,,0,0,0,0,1,enbart_nedlagd
ÖÄX019,,,,0,0,0,0,1,enbart_nedlagd
